path;name;Adult;Date;arcadesystemname;hidden;core;description;developer;emulator;famille;favorite;gameidSS;gametime;genre;genreid;hash;kid;lang;lastplayed;md5;mode;playcount;players;publisher;rating;ratio;region;rotation;sortname;tags;temporary;bezel;boxback;boxart;cartridge;extra1;fanart;image;magazine;manual;maps;marquee;mix;roundwheel;screenshot;titleshot;thumbnail;video;wheel;roundwheel
./1942.zip;1942;false;19841201T000000;capcom;false;;"1942" é um shoot-em-up de rolagem vertical ambientado no teatro do Pacífico durante a Segunda Guerra Mundial, no qual o objetivo é chegar a Tóquio e destruir toda a frota aérea japonesa.  O jogador pilota um avião apelidado de "Super Ace" (sua aparência é a de um Lockheed P-38 Lightning) e tem que abater ondas de aviões inimigos, evitando o fogo inimigo. O 'Super Ace' pode realizar um número limitado de rolagens ou 'loop-the-loops' para escapar de aviões e tiros inimigos.;Capcom;;;false;39874;0;Shoot'em Up / Vertical, Shoot'em Up;260;10209E41;false;;;bf3bfef3e4ffad0cfd0e264919bb3331;;0;1-2;Capcom;0,60;;wor;Right;;;;./media/image/1942-bezel.png;;;;./media/extras/1942-extra1.png;./media/fanart/1942-fanart.jpg;;;./media/manuals/1942_(wor).pdf;;./media/image/1942-marquee.png;;./media/image/1942-wheelround.png;./media/screenshots/1942-screenshot.png;./media/image/1942-titleshot.jpg;;./media/videos/1942-video.mp4;./media/image/1942-wheel.png;./media/image/1942-wheelround.png
./1944 - The Loop Master.zip;1944 - THE LOOP MASTER;false;;;false;;;;;;false;;0;;0;;false;;;;;0;;;;;;;;;;;;;;;;;;;;;;;;;;;;
./1944.zip;1944;false;20000620T000000;cps2;false;;O JOGO SE PASSA NAS ACALORADAS BATALHAS DE 1944, DURANTE A SEGUNDA GUERRA MUNDIAL, QUANDO UM SUPER-PILOTO TENTA DERROTAR UM EXÉRCITO INTEIRO. O JOGO FUNCIONA E JOGA COMO A MAIORIA DOS SHOOTERS. O OBJETIVO DE TODOS OS NÍVEIS É ATIRAR EM AVIÕES INIMIGOS, TANQUES, TRENS, TORRES DE BATALHA E DERROTAR O CHEFE APÓS CADA NÍVEL. AO CONTRÁRIO DE SEU ANTECESSOR, 19XX: THE WAR AGAINST DESTINY, O JOGO É MAIS PARECIDO COM OS PRIMEIROS JOGOS DA SÉRIE.;EIGHTING;;;false;37385;0;SHOOT'EM UP / VERTICAL, SHOOT'EM UP;260;4C73E0F5;false;;;87a6e311d1a37df26f5772adb6cbc02b;Multijogador cooperativo;0;1-2;CAPCOM;0,80;;us;;;;;;;;;;;;;;;;;;;;;;;
./19Xx - The War Against Destiny.zip;19XX - THE WAR AGAINST DESTINY;false;;;false;;;;;;false;;0;;0;;false;;;;;0;;;;;;;;;;;;;;;;;;;;;;;;;;;;
./19Xx.zip;19XX;false;19960101T000000;cps2;false;;19XX: A GUERRA CONTRA O DESTINO É UM JOGO DE (ARCADE SCROLLING SHOOTER) VERTICAL FEITO PELA CAPCOM EM 1995 (COM DIREITOS DO AUTOR EM 1996). O JOGO É O QUARTO DE UMA SÉRIE DE SHOOTERS VERTICAIS DA II GUERRA MUNDIAL FEITOS PELA CAPCOM. A HISTÓRIA SE PASSA ANTES DE UMA GUERRA FICTÍCIA (ASSIM, O 19XX) É COMO UM PILOTO SOLITÁRIO QUE TENTA DERROTAR UM EXERCITO INTEIRO ANTES DE OUTRA GUERRA MUNDIAL COMEÇAR, TUDO ISSO LOGO SE AGRAVA A UM APOCALIPSE NUCLEAR.;CAPCOM;;;false;37386;0;SHOOT'EM UP / VERTICAL, SHOOT'EM UP;260;7DFAEA2F;false;;;015f5b1b8006da1c7d1b413add99e01c;Multijogador cooperativo;0;1-2;CAPCOM;0,60;;us;Right;;;;;;;;;;;;;;;;;;;;;;
./2020 Super Baseball.zip;2020 Super Baseball;false;19911025T000000;snk;false;;No ano 2020, o baseball finalmente evoluiu. Não há mais baseball profissional convencional em 2020. O Baseball projetado pela Super Baseball Association foi muito popular e é o melhor esporte.  No entanto, a verdade é que a associação usou uma soma colossal de dinheiro para promover o Super Baseball como show business. Eles manipularam a habilidade de cada jogador usando o computador de controle para decidir secretamente a vitória ou a derrota em cada jogo. Os jogadores que conheciam isso removeram as partes de conexão do computador para jogar seu próprio jogo de baseball. Finalmente, um jogo justo será jogado no Cyber Egg Stadium.  Em 2020, o Super Baseball é um jogo acelerado com novas regras, onde você pode selecionar 1 de 12 homens, mulheres ou jogadores de robôs. Durante o jogo, você pode fortalecer sua equipe com os prêmios obtidos de capturas surpreendentes.;Pallas;;;false;37561;0;Esporte / Baseball, Esporte;1538;6754EE42;false;;;d9ff1e0bce76875f3b9ea60b03856b84;Multijogador local;0;1-2;SNK;0,60;;;;;;;./media/image/2020 Super Baseball-bezel.png;;;;./media/extras/2020 Super Baseball-extra1.png;./media/fanart/2020 Super Baseball-fanart.jpg;;;./media/manuals/2020 Super Baseball-manual.pdf;;;;;;./media/image/2020 Super Baseball-titleshot.png;;./media/videos/2020 Super Baseball-video.mp4;;
./88Games.zip;88Games;false;19880101T000000;konami;false;;'88 Games (conhecido como "Hyper Sports Special" no Japão) é o terceiro capítulo da série "Track & Field" da Konami. Como o nome indica, o jogador deve competir nos Jogos Olímpicos de Verão de 1988 através de oito eventos: corrida de 100m, salto em distância, revezamento de 400m, tiro ao alvo, obstáculos de 110m, tiro com arco, lançamento de dardo e salto em altura. O objetivo é se qualificar para todas as finais através de uma primeira rodada do evento e, em seguida, ganhar a medalha de ouro em cada uma delas. '88 Games foi lançado em julho de 1988 no Japão.;Konami;;;false;39917;0;Ação, Esporte / Poliesportivo, Esporte, Esporte / Pista de Corrida;1538;30E2A4D4;false;;;5ee5f50c1b45f48087c4df488c1a2f65;;0;1-2;Konami;0,60;;wor,us;;;;;./media/image/88Games-bezel.png;./media/image/88Games-boxback.png;./media/image/88Games-boxart.png;;./media/extras/88Games-extra1.png;./media/fanart/88Games-fanart.jpg;;;;;;;;./media/screenshots/88Games-screenshot.png;./media/image/88Games-titleshot.png;./media/image/88Games-boxart.png;./media/videos/88Games-video.mp4;;
./Aero Fighters 2.zip;AERO FIGHTERS 2;false;;;false;;;;;;false;;0;;0;;false;;;;;0;;;;;;;;;;;;;;;;;;;;;;;;;;;;
./Aeroboto.zip;AEROBOTO;false;1984/01/01;;false;;CLONE OF : FORMATZ (AEROBOTO);;;;false;;0;;0;;false;;;;;0;;JALECO (WILLIAMS LICENSE);;;;;;; Clone Of : formatz -> Aeroboto;;;;;;;;;;;;;;;;;;;
./Aerofgts.zip;AEROFGTS;false;19960101T000000;vsc;false;;UM ATIRADOR DE ROLAGEM VERTICAL PARA 1 OU 2 JOGADORES. OS CONTROLES SÃO DIRECIONAIS E 2 BOTÕES. O BOTÃO 1 DISPARA SUA ARMA PRINCIPAL E O BOTÃO 2 DISPARA SUA ARMA ESPECIAL. VOCÊ ESCOLHE UMA DAS QUATRO AERONAVES NACIONAIS: EUA, JAPÃO, RÚSSIA, FRANÇA, SUÉCIA OU ONU. UMA VEZ ESCOLHIDO, VOCÊ EMBARCA EM VÁRIAS MISSÕES. DURANTE A MISSÃO VOCÊ ATIRA EM VÁRIOS VILÕES E NO FINAL DO NÍVEL VOCÊ LUTA CONTRA UM CHEFE. POWER-UPS ESTÃO DISPONÍVEIS DURANTE A MISSÃO E RECARREGAM SUA ARMA ESPECIAL OU ATUALIZAM SUA ARMA PRINCIPAL. TODAS AS ATUALIZAÇÕES DE ARMAS PRINCIPAIS SÃO PERDIDAS COM A MORTE E SEU ESPECIAL É RESTAURADO PARA O NÚMERO PADRÃO DE USOS. AO JOGAR COMO JOGADOR 2, VOCÊ OBTÉM UM TIPO DE AVIÃO DIFERENTE. O MODO PARA 2 JOGADORES É COOPERATIVO.;VIDEO SYSTEM;;;false;39948;0;SHOOT'EM UP / VERTICAL, SHOOT'EM UP;260;90C60C7D;false;;;057c775c9d592455e82337508162f561;;0;1-2;VIDEO SYSTEM;0,60;;tw;Right;;;;;;;;;;;;;;;;;;;;;;
./Agallet.zip;AGALLET;false;19960101T000000;cave;false;;O JOGADOR CONTROLA UM CAÇA A JATO E ATIRA EM INIMIGOS NO AR E NO SOLO, COLETA POWER-UPS E DERROTA CHEFES PARA AVANÇAR DE NÍVEL. O JOGADOR DEVE COLETAR QUATRO POWER-UPS PARA MELHORAR SUA ARMA. EXISTEM QUATRO TIPOS DE ARMAS: L, UMA ARMA LASER, S, UM DRONE DE SUPORTE, M, UM MÍSSIL RASTREADOR, E F, GATLING FIRE, UM TIRO DE BALA VULCANA ESPALHADA. QUATRO NÍVEIS DE POWER-UPS ESTÃO DISPONÍVEIS PARA CADA ARMA, NO ENTANTO, CADA NÍVEL REQUER A COLETA DE QUATRO PLUGUES DE POWER-UP. EXISTEM TAMBÉM DUAS ARMAS ESPECIAIS DE “BOMBA” DISPONÍVEIS PARA COLETA – ENERGY SPARK VERDE PARA UM ENXAME DE BOMBAS DE MENOR POTÊNCIA COBRINDO A TELA E THUNDER DRIVE AZUL PARA UM ATAQUE MAIS ESTREITO E FOCADO. O ENERGY SPARK LIMPA TODAS AS BALAS DA TELA, ENQUANTO O THUNDER DRIVE LIMPA APENAS AS BALAS QUE REALMENTE TOCAM A EXPLOSÃO. ESTA EXPLOSÃO COMEÇA MOMENTANEAMENTE NO TOPO DO JOGADOR, MAS AVANÇA RAPIDAMENTE POR UMA CURTA DISTÂNCIA E PERMANECE ESTACIONÁRIA POR ALGUNS SEGUNDOS ANTES DE SE DISSIPAR.;GAZELLE;;;false;37318;0;SHOOT'EM UP / VERTICAL, SHOOT'EM UP;260;B7A38FA2;false;;;f898ea1c88b84a6ffdbd7a8593467c1c;Multijogador cooperativo;0;1-2;BANPRESTO;0,60;;eu;Right;;;;;;;;;;;;;;;;;;;;;;
./Aggressors Of Dark Kombat.zip;AGGRESSORS OF DARK KOMBAT;false;;;false;;;;;;false;;0;;0;;false;;;;;0;;;;;;;;;;;;;;;;;;;;;;;;;;;;
./Airco22b.zip;AIRCO22B;false;19950101T000000;namco;false;;AIR COMBAT 22 É A SEQUÊNCIA ARCADE DO PRIMEIRO AIR COMBAT DA LONGA SÉRIE ACE COMBAT. VOCÊ PILOTA UM DOS TRÊS AVIÕES, UM F14 TOMCAT, SU-27 OU O F22 RAPTOR. A SEQUÊNCIA VEM COM GRÁFICOS APRIMORADOS E NOVAMENTE USA FÍSICA SEMI-REALISTA. O OBJETIVO É DESTRUIR AVIÕES INIMIGOS USANDO ARMAS OU MÍSSEIS AO LONGO DE UMA SUCESSÃO DE SURTIDAS E MISSÕES. UM RADAR MOSTRA A LOCALIZAÇÃO DOS AVIÕES INIMIGOS EM RELAÇÃO AOS SEUS E AS SETAS NA TELA APONTAM PARA O INIMIGO MAIS PRÓXIMO. CADA MISSÃO COMEÇA COM UM CONTADOR INIMIGO QUE DIMINUI À MEDIDA QUE OS AVIÕES INIMIGOS SÃO DESPACHADOS. A CONTAGEM DE INIMIGOS DEVE SER REDUZIDA A ZERO ANTES QUE O TEMPO ACABE, CASO CONTRÁRIO, O JOGO TERMINA. UMA FASE DE BÔNUS FAZ COM QUE O JOGADOR POUSE EM UM PORTA-AVIÕES PARA GANHAR PONTOS. AS MISSÕES POSTERIORES ENVOLVEM REABASTECIMENTO AR-AR E ATAQUE A PORTA-AVIÕES E BASES INIMIGAS.;NAMCO;;;false;39955;0;TIRO, TIRO / AVIÃO EM 3ª PESSOA;256;15B0E20A;false;;;bd693068dccc61ef457e8cb608dd2dc0;;0;1;NAMCO;;;jp;;;;;;;;;;;;;;;;;;;;;;;
./Airduel.zip;AIRDUEL;false;19900704T000000;irem;false;;O JOGADOR ESCOLHE ENTRE UM CAÇA A JATO OU UM HELICÓPTERO, ATIRA EM INIMIGOS NO AR E NO SOLO, COLETA POWER-UPS E DERROTA CHEFES PARA AVANÇAR DE NÍVEL. "AIR DUEL" É UM JOGO DESAFIADOR, E OS NÍVEIS POSTERIORES PODEM SE TORNAR QUASE IMPOSSÍVEIS DE JOGAR SE UMA ÚNICA VIDA FOR PERDIDA.;IREM;;;false;39957;0;SHOOT'EM UP / VERTICAL, SHOOT'EM UP;260;8FDAFF96;false;;;77c1fea3d6bfa18b463eaf1cc143e7bd;;0;1-2;IREM;0,60;;wor;Right;;;;;;;;;;;;;;;;;;;;;;
./Airwolf.zip;AIRWOLF;false;19870101T000000;;false;;A MÚSICA, OS GRÁFICOS, O AIR WOLF... SIM, A ADAPTAÇÃO DESSA LENDÁRIA SÉRIE, COM AQUELE IMPRESSIONANTE HELICÓPTERO DE COMBATE... INFELIZMENTE, O JOGO EM SI NÃO É NADA IMPRESSIONANTE... É UM JOGO DE TIRO HORIZONTAL QUE ENVELHECEU... GRÁFICOS SIMPLES QUE NÃO DESPERTAM NOSTALGIA, AÇÃO MODERADAMENTE INTERESSANTE, A SÍNDROME DA LICENÇA FRACASSADA JÁ HAVIA COMEÇADO? COMO FÃ DE JOGOS DE TIRO, NÃO POSSO RECOMENDÁ-LO EM VEZ DE P-47, POR EXEMPLO, NO MESMO GÊNERO, A MENOS QUE VOCÊ SEJA FÃ DA SÉRIE DE TV!;KYUGO BOUEKI;;;false;39961;0;SHOOT'EM UP / HORIZONTAL, SHOOT'EM UP;260;4CCEC165;false;;;8526fdc47aed2de72afb8d8b269696f6;;0;1-2;KYUGO BOUEKI;0,40;;wor;;;;;;;;;;;;;;;;;;;;;;;
./Ajax.zip;AJAX;false;19870101T000000;konami;false;;O JOGADOR RECEBEU UMA ORDEM DE EMERGÊNCIA. ELE DEVE SALVAR A TERRA DE SER CONQUISTADA PELAS FORÇAS INIMIGAS. ELE ENTRA EM SEU HELICÓPTERO E SE PREPARA PARA UM INTENSO COMBATE AÉREO. ATIRANDO EM AVIÕES INIMIGOS E BOMBARDEANDO OS INIMIGOS ABAIXO, ELE TENTA PERCORRER OS DIFERENTES ESTÁGIOS PARA ALCANÇAR A BASE INIMIGA. QUANDO ELE TERMINA A PRIMEIRA ETAPA, ELE É TRANSPORTADO PARA SUA PRÓXIMA MISSÃO POR UM PORTA-AVIÕES. ELE PULA EM SEUS CAÇAS, TANQUES, NAVIOS, HELICÓPTEROS E PORTA-AVIÕES. O JOGADOR TAMBÉM DEVE ESTAR CIENTE DE INIMIGOS INVISÍVEIS E ATAQUES SURPRESA.;KONAMI;;;false;39962;0;SHOOT'EM UP / VERTICAL, SHOOT'EM UP;260;5B546898;false;;;d1a01fb761f3efdb12e192a83f29ad6f;;0;1-2;KONAMI;0,60;;wor;Right;;;;;;;;;;;;;;;;;;;;;;
./Aladmdb.zip;ALADMDB;false;19930101T000000;sega;false;;VERSÃO ARCADE NÃO OFICIAL DA VERSÃO JAPONESA DO SEGA MEGA DRIVE.;VIRGIN GAMES;;;false;149514;0;PLATAFORMA;257;73FEFB2A;false;;;3600eb0503cc39b2f6bf0dfc98607907;;0;1;SEGA;0,60;;jp;;;;;;;;;;;;;;;;;;;;;;;
./Alien Vs.zip;ALIEN VS;false;;;false;;;;;;false;;0;;0;;false;;;;;0;;;;;;;;;;;;;;;;;;;;;;;;;;;;
./Aliens.zip;ALIENS;false;19900101T000000;konami;false;;ALIENS É UM JOGO DE ROLAGEM 'N' GUN PARA UM OU DOIS JOGADORES, BASEADO NO CLÁSSICO FILME DE FICÇÃO CIENTÍFICA DE 1986 COM O MESMO NOME. OS JOGADORES ASSUMEM O PAPEL DE ELLEN RIPLEY (NO JOGO PARA UM JOGADOR) OU CORPORAL HICKS (NO JOGO PARA DOIS JOGADORES) E DEVEM ABRIR CAMINHO PELOS NÍVEIS INFESTADOS DE ALIENÍGENAS DA BASE DO LV426 PARA ESCAPAREM JUNTOS COM ' NEWT ', A GAROTINHA QUE SOBREVIVEU À INVASÃO ALIENÍGENA DE SEU ASSENTAMENTO.;KONAMI;;;false;39977;0;BRIGA DE RUA;263;599F2688;false;;;a8cef4a397f2912b861f854db23b214a;;0;1-2;KONAMI;0,40;;wor;;;;;;;;;;;;;;;;;;;;;;;
./Allproms.zip;ALLPROMS;false;;;false;;;;;;false;;0;;0;;false;;;;;0;;;;;;;;;;;;;;;;;;;;;;;;;;;;
./Alpha Mission Ii.zip;ALPHA MISSION II;false;;;false;;;;;;false;;0;;0;;false;;;;;0;;;;;;;;;;;;;;;;;;;;;;;;;;;;
./Alpine.zip;ALPINE SKI (SET 1);false;1982/01/01;;false;;;;;;false;;0;;0;;false;;;;;0;;TAITO CORPORATION;;;;;;;;;;;;;;;;;;;;;;;;;;
./Altbeast.zip;ALTBEAST;false;19880101T000000;sega;false;;UMA AVENTURA CLÁSSICA EM UM TEMPO NO QUAL DEUSES E GUERREIROS DIVIDIAM O CONTROLE DO MUNDO. EM ALTERED BEAST VOCÊ SERÁ UM LUTADOR ENVIADO POR ZEUS PARA RESGATAR SUA FILHA ATHENA, SEQÜESTRADA PELO TERRÍVEL NEFF. COM A CAPACIDADE DE TRANSFORMAR-SE EM CRIATURAS MITOLÓGICAS COM SUPER PODERES, VOCÊ TERÁ MUITOS PERIGOS PARA ENFRENTAR. ENCONTRE TRÊS BOLAS DO ESPÍRITO E, COMO UM LOBISOMEM, USE SUAS GARRAS E DENTES PARA DESPEDAÇAR SEUS INIMIGOS. NAS FASES SEGUINTES, VOE COMO O HOMEM-DRAGÃO E ENCARE OS DESAFIOS DE CAVERNAS COMO O HOMEM-URSO. USE A FORÇA E AGILIDADE DO HOMEM-TIGRE PARA ENTRAR NA FORTALEZA DO DEMÔNIO NEFF, E NO FINAL O LOBISOMEM DOURADO PODERÁ MOSTRAR QUEM É O MELHOR. VOCÊ É CAPAZ DE VENCER ESTA BATALHA DA MITOLOGIA? SÓ ZEUS SABE!;TEAM SHINOBI;;;false;39992;0;BRIGA DE RUA;263;B2BD38E0;false;;;715e780d56ce85d63d3f2a0727c0be7b;Multijogador cooperativo;0;1-2;SEGA;0,40;;wor;;;;;;;;;;;;;;;;;;;;;;;
./Ambush.zip;AMBUSH;false;19830101T000000;;false;;UM ANTIGO JOGO DE TIRO. PRIMEIRO, VOCÊ PRECISA COLOCAR SUA NAVE NO AR PRESSIONANDO ALTERNADAMENTE OS BOTÕES ESQUERDO E DIREITO. EM SEGUIDA, VOCÊ DEVE TENTAR SE DEFENDER DAS NAVES INIMIGAS.;TECFRI;;;false;39998;0;TIRO, TIRO / AVIÃO EM 3ª PESSOA;256;04F7E6BA;false;;;b9875e106b6f855a3962dd5311786ace;;0;1-2;TECFRI;0,40;;wor;;;;;;;;;;;;;;;;;;;;;;;
./Amidar.zip;AMIDAR;false;1981/01/01;;false;;;;;;false;;0;;0;;false;;;;;0;;KONAMI;;;;;;;;;;;;;;;;;;;;;;;;;;
./Amidarjp.zip;AMIDARJP;false;;;false;;;;;;false;;0;;0;;false;;;;;0;;;;;;;;;;;;;;;;;;;;;;;;;;;;
./Amidars.zip;AMIDAR (SCRAMBLE HARDWARE);false;1982/01/01;;false;;CLONE OF : AMIDAR (AMIDAR (SCRAMBLE HARDWARE));;;;false;;0;;0;;false;;;;;0;;KONAMI;;;;;;; Clone Of : amidar -> Amidar (Scramble hardware);;;;;;;;;;;;;;;;;;;
./Amigo.zip;AMIGO;false;1982/01/01;;false;;CLONE OF : AMIDAR (AMIGO);;;;false;;0;;0;;false;;;;;0;;BOOTLEG;;;;;;; Clone Of : amidar -> Amigo;;;;;;;;;;;;;;;;;;;
./Andro Dunos.zip;ANDRO DUNOS;false;;;false;;;;;;false;;0;;0;;false;;;;;0;;;;;;;;;;;;;;;;;;;;;;;;;;;;
./Anteater.zip;ANTEATER;false;1982/01/01;;false;;;;;;false;;0;;0;;false;;;;;0;;STERN (TAGO LICENSE);;;;;;;;;;;;;;;;;;;;;;;;;;
./Aodk.zip;AODK;false;19940826T000000;snk;false;;AGGRESSORS OF DARK KOMBAT É OUTRO JOGO DE LUTA DE RUA MANO-A-MANO DA BIBLIOTECA INTERMINÁVEL DE JOGOS DE LUTA DO NEO-GEO. ELE COLOCA 8 LUTADORES DE DIFERENTES ESTILOS E FORÇAS UM CONTRA O OUTRO EM UM TORNEIO PARA VER QUEM É O MAIS CASCA GROSSA DAS RUAS DE TÓQUIO. SEU OBJETIVO, COMO DE COSTUME, É ACABAR COM A BARRA DE VIDA DE SEU OPONENTE DENTRO DO LIMITE DE TEMPO, USANDO SEUS ATAQUES BÁSICOS E MOVIMENTOS ESPECIAIS, EVITANDO SEUS MOVIMENTOS E ATAQUES. AGGRESSORS OF DARK KOMBAT É ÚNICO POIS COMBINA VÁRIOS ELEMENTOS TRADICIONAIS DOS BEAT 'EM UPS HORIZONTAIS, O QUE SIGNIFICA QUE OS PERSONAGENS PODEM SE MOVER LIVREMENTE EM UM ESPAÇO ISOMÉTRICO EM VEZ DE FICAREM RESTRITOS A UM ÚNICO PLANO DE MOVIMENTO. ARMAS E ITENS JOGÁVEIS GERALMENTE SÃO JOGADOS NA ARENA PELAS MULTIDÕES E VOCÊ PODE PEGÁ-LOS E USÁ-LOS PARA CAUSAR DANO ADICIONAL. ALÉM DISSO, AS PARTIDAS SÃO APENAS DE 1 RODADA, COM UMA BARRA DE SAÚDE DE VÁRIAS CAMADAS ESTENDIDA QUE PERMITE RODADAS MAIS LONGAS DO QUE O NORMAL.;ADK;;;false;37564;0;LUTA, LUTA / VERSUS;262;227B1C32;false;en;;2716c044a06d5921103ce44c191282c9;Multijogador competitivo;0;1-2;SNK;0,60;;wor;;;;;;;;;;;;;;;;;;;;;;;
./Aof.zip;AOF;false;19921211T000000;snk;false;;O ENREDO DE ART OF FIGHTING TEM LUGAR EM 1978. RYO SAKAZAKI E ROBERT GARCIA PARTEM PARA ENCONTRAR A IRMÃ DE RYO, YURI, QUE FOI SEQUESTRADA POR MR. BIG. MR. BIG LEVOU YURI PARA ATRAIR TAKUMA SAKAZAKI, PAI DE RYO E CRIADOR DO KARATÊ KYOKUGEN, E TAMBÉM PORQUE RYO SE RECUSOU A TRABALHAR PARA BIG. DEPOIS QUE RYO E ROBERT DERROTAM MR. BIG, ELES ENFRENTAM O ENIGMÁTICO MR. KARATE. A HISTÓRIA DE ART OF FIGHTING TERMINA COM UMA REVIRAVOLTA, YURI ESTÁ PRESTES A REVELAR A VERDADEIRA IDENTIDADE DO MR. KARATE COMO SENDO SEU PAI TAKUMA.;SNK;;;false;37565;0;LUTA / VERSUS, LUTA;262;8116576F;false;en;;84313f72e778db814bcbe0ba332a0d83;Jogador individual;0;1-2;SNK;0,60;;wor;;;;;;;;;;;;;;;;;;;;;;;
./Aof2.zip;AOF2;false;19940311T000000;snk;false;;NESTA SEQUÊNCIA DO ART OF FIGHTING ORIGINAL, E PREQUELA PARA O FATAL FURY ORIGINAL, FICAMOS SABENDO QUE O MR. KARATE, O CHEFE FINAL DO JOGO ORIGINAL, POR DE TRÁS DA MÁSCARA, É REALMENTE TAKUMA SAKAZAKI, PAI DE RYO E YURI, QUE ESTAVA SENDO USADO POR GEESE HOWARD PARA SUAS PRÓPRIAS MÁS INTENÇÕES, E QUE O MR. BIG FOI QUEM HAVIA SEQUESTRADO YURI. MUITOS DOS PROBLEMAS QUE EXISTIAM NO PRIMEIRO JOGO FORAM CORRIGIDOS NESTA EDIÇÃO (É MAIS FÁCIL EXECUTAR MOVIMENTOS ESPECIAIS, VOCÊ NÃO TEM MAIS APENAS RYO OU ROBERT PARA ESCOLHER NO MODO 1 JOGADOR, ETC.). TODO O ELENCO DO PRIMEIRO ART OF FIGHTING ESTÁ AQUI (COM AS EXCEÇÕES DE TODO E MR. KARATE), JUNTO COM ALGUNS NOVOS PERSONAGENS: TAKUMA SAKAZAKI, PAI DE RYO E YURI, YURI SAKAZAKI, FILHA DE TAKUMA E IRMÃ DE RYO, EIJI KISARAGI, UM INIMIGO JURADO DOS SAKAZAKIS, TEMJIN, UM CAMINHONEIRO MONGOL, E UMA VERSÃO MAIS NOVA DE GEESE HOWARD, A QUEM VOCÊ ENFRENTA COMO O ÚLTIMO CHEFE SE VOCÊ VENCER O JOGO SEM PERDER UMA RODADA.;SNK;;;false;37566;0;LUTA / VERSUS, LUTA;262;27A96C0E;false;en;;c685a9e1628cb6ed2de62a84cb2b9cb0;Jogador individual;0;1-2;SNK;0,60;;wor;;;;;;;;;;;;;;;;;;;;;;;
./Aof3.zip;AOF3;false;19960426T000000;snk;false;;NESTE TERCEIRO E ÚLTIMO ATO DA SÉRIE ART OF FIGHTING, A HISTÓRIA MUDA DE RYO SAKAZAKI PARA SEU MELHOR AMIGO E RIVAL, ROBERT GARCIA, QUANDO ELE SE AVENTURA NO MÉXICO PARA TENTAR LOCALIZAR FREIA LAWRENCE, UMA AMIGA DE INFÂNCIA, QUE PEDIU SUA AJUDA. NO ENTANTO, ELE DEIXA SEM O CONSENTIMENTO DA FUNDAÇÃO GARCIA, QUE ENVIA UM AGENTE CHAMADO KARMAN COLE PARA RECUPERÁ-LO. MAS NEM TUDO É TÃO SIMPLES COMO PARECE ... PORQUE ROBERT NÃO É O ÚNICO A PROCURAR POR FREIA. ART OF FIGHTING 3: THE PATH OF THE WARRIOR (O CAMINHO DO GUERREIRO) POSSUI DEZ PERSONAGENS JOGÁVEIS COM DIFERENTES ESTILOS DE LUTA, UM SISTEMA DE LUTA COMPLETAMENTE NOVO BASEADO EM COMBINAÇÕES DE JOYSTICK E BOTÃO, E GRÁFICOS E ANIMAÇÕES INCRIVELMENTE DETALHADOS.;SNK;;;false;37567;0;LUTA / VERSUS, LUTA;262;F8473543;false;;;91e34f3a6c76d5cd796b3a5bb3135c51;Jogador individual;0;1-2;SNK;0,60;;;;;;;;;;;;;;;;;;;;;;;;;
./Aoh.zip;AOH;false;20010307T000000;semicom;false;;THE AGE OF HEROES: SILKROAD 2 É UM JOGO BEAT 'EM-UP DE ROLAGEM LATERAL 2D QUE COLOCA OS JOGADORES NA PELE DO LUTADOR KAI, DO ASSASSINO SHUE, DO MAGO SHENMUE E DO GUERREIRO CHAMUKU. A AVENTURA LEVA VOCÊ AO LONGO DA ROTA DA SEDA COM UM TOTAL DE VINTE E CINCO INIMIGOS DIFERENTES. EM UM PAÍS DEVASTADO PELA GUERRA, UM TORNEIO FOI REALIZADO PARA ACABAR COM A LUTA ENTRE AS VÁRIAS FACÇÕES EM GUERRA. OS SETE MAIORES LUTADORES FORAM PREMIADOS COM SEU PRÓPRIO PAÍS. NO ENTANTO, BA WANG, O LÍDER DA FACÇÃO YAYOOL, NÃO ESTAVA DISPOSTO A RECONHECER O REINADO DOS HERÓIS. ELE OS SUBJUGOU E OS COLOCOU SOB SEU CONTROLE COM UM FEITIÇO PARA CUMPRIR SUAS ORDENS. CABE A VOCÊ RECUPERAR AS ALMAS DE SETE HERÓIS DO MALVADO BA WANG. CADA PERSONAGEM TEM SUAS PRÓPRIAS HABILIDADES DE ATAQUE E OS INIMIGOS SÃO LUTADORES COM TEMAS ORIENTAIS. AO LONGO DO CAMINHO, PODEM SER ENCONTRADOS ITENS QUE REABASTECEM A SAÚDE, BEM COMO PEDRAS MÁGICAS PARA DIFERENTES ATAQUES MÁGICOS. O JOGO PODE SER JOGADO SOZINHO OU COM UM AMIGO E É UMA SEQUÊNCIA DE THE LEGEND OF SILKROAD.;UNICO;;;false;40020;0;BRIGA DE RUA, LUTA, LUTA / 2.5D;263;726DE6F0;false;;;1b86778a61a657ce5c6242f2cd972687;;0;1-2;UNICO;0,60;;wor;;;;;;;;;;;;;;;;;;;;;;;
./Arabian.zip;ARABIAN;false;1983/01/01;;false;;;;;;false;;0;;0;;false;;;;;0;;SUN ELECTRONICS;;;;;;;;;;;;;;;;;;;;;;;;;;
./Area51.zip;AREA51;false;19960101T000000;atari;false;;ESTE JOGO LEVA O JOGADOR POR VÁRIAS SEÇÕES DAS INSTALAÇÕES, INCLUINDO UM ARMAZÉM E TÚNEIS SUBTERRÂNEOS. O JOGADOR TEM A TAREFA, JUNTAMENTE COM OUTROS MEMBROS DO STAAR, DE PENETRAR NA ÁREA 51 E ATIVAR A SEQUÊNCIA DE AUTODESTRUIÇÃO NUCLEAR. O JOGADOR DEVE MATAR TODOS OS SOLDADOS E ALIENÍGENAS GENETICAMENTE ALTERADOS SEM PREJUDICAR NENHUM MEMBRO DA EQUIPE STAAR ALIADA (AO CUSTO DE UM PONTO DE VIDA), NO ENTANTO, SE NADA ALÉM DE TRÊS MEMBROS DA EQUIPE STAAR FOREM BALEADOS, O CAÇADOR KRONN SERÁ INICIADO, ASSUMINDO O PAPEL DE UM CAÇADOR, ENVIADO PELOS KRONN PARA ELIMINAR OS REBELDES. NENHUM DOS ALIENÍGENAS REAIS APARECERÁ ATÉ O NÍVEL DO ESCRITÓRIO. EXISTEM CINCO TIPOS DE ARMAS DIFERENTES DISPONÍVEIS PARA O JOGADOR DURANTE O JOGO. EMBORA O JOGADOR RECEBA APENAS UMA PISTOLA SEMIAUTOMÁTICA NO INÍCIO, ATUALIZAÇÕES DE ARMAS ESTÃO DISPONÍVEIS COMO ALVOS AO LONGO DO JOGO. A PISTOLA PODE SER ATUALIZADA PARA UMA METRALHADORA AUTOMÁTICA, UMA ESPINGARDA E, FINALMENTE, UMA ESPINGARDA AUTOMÁTICA. O ARMAMENTO DE ESPINGARDA PERMITE UM MAIOR CAMPO DE ERRO PARA MIRAR EM UM INIMIGO CAPAZ DE MATÁ-LO. TANTO A METRALHADORA QUANTO A ESPINGARDA AUTOMÁTICA PERMITEM AO JOGADOR MANTER O GATILHO PRESSIONADO PARA DISPARAR TIROS. SE O JOGADOR FOR ATINGIDO PELO INIMIGO A QUALQUER MOMENTO, A ARMA SERÁ REBAIXADA PARA PISTOLA. O JOGADOR TAMBÉM ENCONTRARÁ GRANADAS EM CAIXAS E SALAS DE BÔNUS QUE, QUANDO USADAS, DESTROEM A MAIORIA DOS INIMIGOS NA TELA DE UMA SÓ VEZ. O JOGADOR PODE CONTER NO MÁXIMO 9 GRANADAS. ALÉM DISSO, CAIXAS AMARELAS E BARRIS MARCADOS COM SÍMBOLOS DE AVISO DE INFLAMÁVEIS ​​PODEM SER DISPARADOS PARA CAUSAR INCÊNDIOS OU EXPLOSÕES QUE PODEM PREJUDICAR OS INIMIGOS. O JOGO É NOTÁVEL PELO USO DE VÍDEO DIGITALIZADO ARMAZENADO EM UM DISCO RÍGIDO INTEGRADO E PELOS PEDAÇOS BIZARRAMENTE CONTRASTANTES E IRREALISTAS NOS QUAIS CADA INIMIGO SE DESPEDAÇA QUANDO DISPARADO, EXATAMENTE DA MESMA MANEIRA. EMBORA INIMIGOS, INOCENTES E EXPLOSÕES SEJAM SPRITES DE VÍDEO DIGITALIZADOS EM 2D, OS NÍVEIS E VEÍCULOS SÃO PRÉ-RENDERIZADOS EM 3D.;ATARI;;;false;40053;0;TIRO, TIRO COM LIGHTGUN;261;F9BA858D;false;;;592cd7a401964bcf4da2a9017cc28a87;;0;1-2;ATARI;0,60;;wor;;;;;;./media/image/Area51-boxback.png;;;;;;;;;./media/image/Area51-marquee.png;;./media/image/Area51-wheelround.png;;;;;./media/image/Area51-marquee.png;./media/image/Area51-wheelround.png
./Arkabeta.zip;ARKABETA;false;;;false;;;;;;false;;0;;0;;false;;;;;0;;;;;;;;;;;;;;;;;;;;;;;;;;;;
./Arkanoid.zip;ARKANOID (WORLD, OLDEST REV);false;1986/01/01;;false;;;;;;false;;0;;0;;false;;;;;0;;TAITO CORPORATION JAPAN;;;;;;;;;;;;;;;;;;;;;;;;;;
./Arkatayt.zip;ARKANOID (TAYTO BOOTLEG);false;1986/01/01;;false;;CLONE OF : ARKANOID (ARKANOID (TAYTO BOOTLEG));;;;false;;0;;0;;false;;;;;0;;BOOTLEG;;;;;;; Clone Of : arkanoid -> Arkanoid (Tayto bootleg);;;;;;;;;;;;;;;;;;;
./Arkbl2.zip;ARKBL2;false;;;false;;;;;;false;;0;;0;;false;;;;;0;;;;;;;;;;;;;;;;;;;;;;;;;;;;
./Arknoidu.zip;ARKNOIDU;false;;;false;;;;;;false;;0;;0;;false;;;;;0;;;;;;;;;;;;;;;;;;;;;;;;;;;;
./Armorcar.zip;ARMORED CAR (SET 1);false;1981/01/01;;false;;;;;;false;;0;;0;;false;;;;;0;;STERN;;;;;;;;;;;;;;;;;;;;;;;;;;
./Armored Warriors.Cps2.7z;ARMORED WARRIORS.CPS2;false;;;false;;;;;;false;;0;;0;;false;;;;;0;;;;;;;;;;./media/image/Armored Warriors.Cps2-bezel.png;;;;./media/extras/Armored Warriors.Cps2-extra1.png;./media/fanart/Armored Warriors.Cps2-fanart.jpg;;;./media/manuals/Armored Warriors.Cps2_(wor).pdf;;;;;./media/screenshots/Armored Warriors.Cps2-screenshot.png;./media/image/Armored Warriors.Cps2-titleshot.png;;./media/videos/Armored Warriors.Cps2-video.mp4;;
./Armored Warriors.zip;ARMORED WARRIORS;false;;;false;;;;;;false;;0;;0;;false;;;;;0;;;;;;;;;;;;;;;;;;;;;;;;;;;;
./Armwar.zip;ARMWAR;false;19940916T000000;cps2;false;;NO ANO DE 2281, A GUERRA QUE DUROU MEIO SÉCULO SOBRE O TERRITÓRIO ENTRE AS FORÇAS DO MUNDO UNIDO E O REINO DE RAIAN FINALMENTE CHEGOU AO FIM. MAS ESSA PAZ NÃO DURARIA. UM ANO APÓS A ASSINATURA DE UMA TRÉGUA ENTRE AS DUAS FORÇAS, O EX-CAPITÃO DO EXÉRCITO RAIANO, AZRAEL, QUE SE CONVERTEU EM UM CIBORGUE NA TENTATIVA DE SE TORNAR "O GUERREIRO PERFEITO", COMANDOU VÁRIOS OUTROS CIBORGUES E DECLAROU GUERRA AO REINO RAIANO. ROUBANDO ARMAS MÓVEIS DO EXÉRCITO, ESTE GRUPO DE TRAPACEIROS INVADIU A CAPITAL DE MERKID E COMEÇOU A RAPTAR OS CIVIS. O GOVERNO DO MUNDO UNIDO, RECEBENDO UMA MENSAGEM DE EMERGÊNCIA DO PLANETA RAIA, TEM APENAS UMA ESCOLHA: ORGANIZAR E DESPACHAR UM EXÉRCITO FORMADO EM TORNO DE SEU CORPO DE ELITE, UM ESQUADRÃO DE GUERREIROS CHAMADO "BLOODY ARMOR", PARA ERRADICAR AS FORÇAS INIMIGAS E RESGATAR OS CIVIS. . E ASSIM, EM OUTUBRO DE 2282, AS FORÇAS DO MUNDO UNIDO COMEÇAM A LANÇAR SEU ATAQUE AO PLANETA RAIA. A BATALHA MAIS INTENSA NA HISTÓRIA DA HUMANIDADE ESTÁ PRESTES A COMEÇAR ...;CAPCOM;;;false;37387;0;BRIGA DE RUA;263;D884A18D;false;;;d4093f50477d106ae3f24039c5124d44;Multijogador cooperativo;0;1-3;CAPCOM;0,60;;eu;;;;;;;;;;;;;;;;;;;;;;;
./Armwaru.zip;ARMWARU;false;19940916T000000;cps2;false;;NO ANO DE 2281, A GUERRA QUE DUROU MEIO SÉCULO SOBRE O TERRITÓRIO ENTRE AS FORÇAS DO MUNDO UNIDO E O REINO DE RAIAN FINALMENTE CHEGOU AO FIM. MAS ESSA PAZ NÃO DURARIA. UM ANO APÓS A ASSINATURA DE UMA TRÉGUA ENTRE AS DUAS FORÇAS, O EX-CAPITÃO DO EXÉRCITO RAIANO, AZRAEL, QUE SE CONVERTEU EM UM CIBORGUE NA TENTATIVA DE SE TORNAR "O GUERREIRO PERFEITO", COMANDOU VÁRIOS OUTROS CIBORGUES E DECLAROU GUERRA AO REINO RAIANO. ROUBANDO ARMAS MÓVEIS DO EXÉRCITO, ESTE GRUPO DE TRAPACEIROS INVADIU A CAPITAL DE MERKID E COMEÇOU A RAPTAR OS CIVIS. O GOVERNO DO MUNDO UNIDO, RECEBENDO UMA MENSAGEM DE EMERGÊNCIA DO PLANETA RAIA, TEM APENAS UMA ESCOLHA: ORGANIZAR E DESPACHAR UM EXÉRCITO FORMADO EM TORNO DE SEU CORPO DE ELITE, UM ESQUADRÃO DE GUERREIROS CHAMADO "BLOODY ARMOR", PARA ERRADICAR AS FORÇAS INIMIGAS E RESGATAR OS CIVIS. . E ASSIM, EM OUTUBRO DE 2282, AS FORÇAS DO MUNDO UNIDO COMEÇAM A LANÇAR SEU ATAQUE AO PLANETA RAIA. A BATALHA MAIS INTENSA NA HISTÓRIA DA HUMANIDADE ESTÁ PRESTES A COMEÇAR ...;CAPCOM;;;false;37387;0;BRIGA DE RUA;263;B351C6A4;false;;;90ab37f20ac68101d571e21f3dd64fd8;Multijogador cooperativo;0;1-3;CAPCOM;0,60;;us;;;; Clone Of : armwar -> Armored Warriors (941024 USA);;;;;;;;;;;;;;;;;;;
./Art Of Fighting 2.zip;ART OF FIGHTING 2;false;;;false;;;;;;false;;0;;0;;false;;;;;0;;;;;;;;;;;;;;;;;;;;;;;;;;;;
./Art Of Fighting 3 - The Path Of The Warrior.zip;ART OF FIGHTING 3 - THE PATH OF THE WARRIOR;false;;;false;;;;;;false;;0;;0;;false;;;;;0;;;;;;;;;;;;;;;;;;;;;;;;;;;;
./Astdelux.zip;ASTDELUX;false;19810401T000000;atari;false;;ASTEROIDS DELUXE É UM JOGO PARA 1 OU 2 JOGADORES COM MONITOR XY OU GERADOR DE VETOR. O JOGO RETRATA UMA VISÃO EM TERCEIRA PESSOA DA NAVE ESPACIAL DE UM JOGADOR LUTANDO PARA DESTRUIR ASTERÓIDES, DISCOS VOADORES E NAVES INIMIGAS OU 'ESTRELAS DA MORTE' (EM FORMA DE AGLOMERADOS DE TRIÂNGULOS). QUANDO ATINGIDOS, OS ASTERÓIDES E AS ESTRELAS DA MORTE SE QUEBRARÃO EM PEDAÇOS CADA VEZ MENORES.  OS JOGADORES PODEM COLOCAR UM ‘ESCUDO’ EM FORMA DE OCTÓGONO PARA PROTEGER TEMPORARIAMENTE SUA NAVE ESPACIAL. NO ENTANTO, ESTE ESCUDO SE DESGASTA COM O USO.  GRANDES ASTERÓIDES APARECEM E SE APROXIMAM DAS BORDAS EXTERNAS DA TELA. AO PRESSIONAR OS BOTÕES GIRAR PARA A ESQUERDA E GIRAR PARA A DIREITA NO PAINEL DE CONTROLE, O JOGADOR PODE APONTAR UMA NAVE ESPACIAL EM DIREÇÃO A QUALQUER UM DOS ASTERÓIDES. O JOGADOR USA O BOTÃO FIRE PARA ATIRAR NOS ASTERÓIDES E OUTROS OBJETOS.  AO SER ATINGIDO, CADA ASTERÓIDE GRANDE SE DIVIDE EM DOIS ASTERÓIDES DE TAMANHO MÉDIO, E O JOGO ADICIONA 20 PONTOS À PONTUAÇÃO DO JOGADOR. ASTERÓIDES DE TAMANHO MÉDIO, QUANDO DISPARADOS, DIVIDEM-SE EM DOIS ASTERÓIDES DE PEQUENO PORTE, E O JOGO CONCEDE 50 PONTOS AO JOGADOR. AO SER ATINGIDO, O MENOR ASTEROIDE DESAPARECE E O JOGO SOMA 100 PONTOS À PONTUAÇÃO DO JOGADOR.  ALÉM DOS ASTERÓIDES, OS JOGADORES PODEM MARCAR PONTOS AO ATIRAR EM DIVERSAS NAVES INIMIGAS. QUANDO ATINGIDOS, OS GRANDES NAVIOS ('ESTRELAS DA MORTE' EM FORMA DE HEXÁGONOS) MARCAM 50 PONTOS E SE QUEBRAM EM TRÊS FORMAS DE DIAMANTE. O INIMIGO OU DIAMANTE DE TAMANHO MÉDIO, AO SER ATINGIDO, CONCEDE AO JOGADOR 100 PONTOS E SE QUEBRA EM DOIS PEQUENOS PEDAÇOS TRIANGULARES. ESSES PEQUENOS PEDAÇOS DESAPARECEM QUANDO O JOGADOR OS ACERTA E A PONTUAÇÃO AUMENTA EM 200 PONTOS.  A QUALQUER MOMENTO DURANTE O JOGO, UM DISCO VOADOR PODE APARECER EM QUALQUER LADO DA TELA. O JOGO PREMIA OS JOGADORES COM 200 PONTOS POR ATIRAR EM UM DISCO GRANDE E 1.000 PONTOS POR UM DISCO PEQUENO (ESTE ÚLTIMO É UM ALVO MENOR PARA OS JOGADORES, EMBORA NÃO SE MOVA MAIS RÁPIDO DO QUE O GRANDE. ELE TAMBÉM ATIRA COM MAIS PRECISÃO).  O OBJETIVO DO JOGADOR NO JOGO É ATIRAR E DESTRUIR O MAIOR NÚMERO POSSÍVEL DE ASTERÓIDES, DISCOS E NAVES INIMIGAS ANTES QUE TODAS AS SUAS NAVES ESPACIAIS SEJAM DESTRUÍDAS. UMA NAVE É DESTRUÍDA SE UM ASTERÓIDE, DISCO OU NAVE INIMIGA COLIDIR COM ELA, OU SE UM DISCO VOADOR A ATINGIR. PARA EVITAR A PERDA DE UM NAVIO, O JOGADOR PODE PRESSIONAR O BOTÃO THRUST PARA SAIR DO CAMINHO DE UM OBJETO QUE SE APROXIMA.  COMO MANOBRA DE EMERGÊNCIA, O JOGADOR PODE PRESSIONAR O BOTÃO ESCUDOS. UM OCTÓGONO APARECERÁ AO REDOR DA NAVE DO JOGADOR COMO PROTEÇÃO CONTRA TODOS OS INIMIGOS. PARA O DESAFIO O PODER DO ESCUDO DURA APENAS CERCA DE 10 SEGUNDOS, MAS O PODER É RENOVADO A CADA NAVE. A QUANTIDADE DE POTÊNCIA DE BLINDAGEM DISPONÍVEL É MOSTRADA PELO BRILHO DO OCTÓGONO (FRACO SIGNIFICA POTÊNCIA QUASE ESGOTADA).;ATARI;;;false;46384;0;SHOOT'EM UP;260;B4F67ADE;false;;;82afaafc0a11c0b38da8cd2bcfded8d3;Jogador individual;0;1;ATARI;0,80;;wor;;;;;;;;;;;;;;;;;;;;;;;
./Asterixeac.zip;ASTERIXEAC;false;19920101T000000;konami;false;;ASTERIX É UM BEAT-EM-UP DE ROLAGEM HORIZONTAL PARA UM OU DOIS JOGADORES E É BASEADO NA SÉRIE DE QUADRINHOS FRANCESA 'ASTERIX & OBELIX'. OS JOGADORES LUTAM COMO ASTERIX, O GAULÊS, OU COMO SEU MELHOR AMIGO, OBELIX, ENQUANTO ENFRENTAM O PODER DO OPRESSOR IMPÉRIO ROMANO.  ASTERIX E OBELIX POSSUEM CONTROLES PADRÃO DE SALTO/ATAQUE, BEM COMO UM ATAQUE DE COLISÃO ATIVADO AO TOCAR O JOYSTICK PARA FRENTE DUAS VEZES E DEPOIS PRESSIONAR O BOTÃO DE ATAQUE. CADA PERSONAGEM TAMBÉM POSSUI UM PODEROSO ATAQUE DE BRAÇO GIRATÓRIO, QUE É ATIVADO SEGURANDO O BOTÃO DE ATAQUE POR UM BREVE PERÍODO ATÉ QUE O ROSTO DO PERSONAGEM FIQUE VERMELHO, APÓS O QUAL OS JOGADORES DEVEM SOLTAR O BOTÃO. SE O BOTÃO FOR PRESSIONADO POR MUITO TEMPO, O PERSONAGEM FICA SEM FÔLEGO E DEMORA ALGUNS SEGUNDOS PARA SE RECUPERAR. OS PRINCIPAIS INIMIGOS DOS HERÓIS SÃO OS LEGIONÁRIOS ROMANOS E OS CENTURIÕES GORDOS - OCASIONALMENTE MONTADOS A CAVALO. DEPOIS QUE UM INIMIGO FOI DERROTADO O SUFICIENTE PARA CAIR NO CHÃO, ELE PODE SER PEGO E ATACADO NOVAMENTE, A NATUREZA DO ATAQUE DEPENDE DE QUAL PERSONAGEM O PEGA, ASTERIX IRÁ GIRAR O INIMIGO ATORDOADO ACIMA DE SUA CABEÇA, ENQUANTO OBELIX O ESMAGARÁ REPETIDAMENTE NO CHÃO. ESSES INIMIGOS ATORDOADOS TAMBÉM ATUAM COMO ARMAS TEMPORÁRIAS, POIS CAUSARÃO DANOS A QUALQUER OUTRO INIMIGO COM O QUAL ENTREM EM CONTATO.;KONAMI;;;false;40075;0;BRIGA DE RUA;263;D491025F;false;;;781b5b5c3c6c5d60222fde25904087e4;;0;1-2;KONAMI;0,60;;wor;;;; Clone Of : asterix -> Asterix (ver EAC);;;;;;;;;;;;;;;;;;;
./Asteroi2.zip;ASTEROI2;false;;;false;;;;;;false;;0;;0;;false;;;;;0;;;;;;;;;;;;;;;;;;;;;;;;;;;;
./Asteroid.zip;ASTEROID;false;19791101T000000;atari;false;;ASTEROIDS É UM JOGO LENDÁRIO QUE DEFINE O GÊNERO - EM UMA ERA REPLETA DE CLÁSSICOS QUE DEFINEM O GÊNERO - EM QUE UM ÚNICO JOGADOR ASSUME O CONTROLE DE UMA NAVE ESPACIAL PRESA NO MEIO DE UM CINTURÃO DE ASTERÓIDES. VÁRIOS ASTERÓIDES GRANDES E LENTOS FLUTUAM ALEATORIAMENTE PELA ÁREA DE JOGO E DEVEM SER ABATIDOS PELO JOGADOR. QUANDO DISPARADOS, OS ASTERÓIDES SE QUEBRARÃO EM VÁRIOS PEDAÇOS MENORES QUE TAMBÉM DEVEM SER DISPARADOS ATÉ QUE, EVENTUALMENTE, TODOS OS ASTERÓIDES E FRAGMENTOS SEJAM DESTRUÍDOS E A PRÓXIMA ONDA COMECE.  OS ASTERÓIDES INTRODUZIRAM A FÍSICA DO MUNDO REAL NOS VIDEOGAMES PELA PRIMEIRA VEZ, COM VELOCIDADE E INÉRCIA AUMENTANDO OS PROBLEMAS DO JOGADOR. ASSIM COMO A INÉRCIA DA NAVE DO JOGADOR - FORÇANDO O JOGADOR A PERMITIR QUE A NAVE DIMINUÍSSE E ACELERASSE SEMPRE QUE O BOTÃO IMPULSO FOSSE UTILIZADO - OS ASTERÓIDES DISPARADOS FREQUENTEMENTE ENVIAVAM FRAGMENTOS VOANDO EM DIREÇÕES APARENTEMENTE ALEATÓRIAS E EM VELOCIDADES VARIADAS E IMPREVISÍVEIS.  ASSIM COMO OS SEMPRE PRESENTES ASTERÓIDES, OS DISCOS VOADORES TAMBÉM APARECEM REGULARMENTE. ESTES MOVEM-SE HORIZONTALMENTE E DIAGONALMENTE AO REDOR DA TELA, ATIRANDO CONTRA A NAVE DO JOGADOR, E DEVEM SER RAPIDAMENTE DESTRUÍDOS. ELES SÃO DESTRUÍDOS QUANDO ATINGIDOS PELO TIRO DO JOGADOR, QUANDO ATINGIDOS PELO TIRO DE UM DISCO OU QUANDO COLIDEM COM UM ASTERÓIDE.;ATARI;;;false;60280;0;SHOOT'EM UP;260;7D6819F6;false;;;ad4b9119897b9f476744477a9a606cb5;Multijogador cooperativo;0;1-2;ATARI;0,60;;wor;;;;;;;;;;;;;;;;;;;;;;;
./Astinvad.zip;ASTINVAD;false;;;false;;;;;;false;;0;;0;;false;;;;;0;;;;;;;;;;;;;;;;;;;;;;;;;;;;
./Astorm.zip;ASTORM;false;19900425T000000;sega;false;;ALIEN STORM É UM JOGO DE AÇÃO DE ROLAGEM HORIZONTAL EM QUE ATÉ 3 JOGADORES ASSUMEM O PAPEL DE UM DOS 3 GUERREIROS FUTURISTAS. OS HERÓIS DO JOGO TÊM A TAREFA DE DESTRUIR AS HORDAS DE ALIENÍGENAS REPUGNANTES QUE INVADEM A TERRA. MUITOS DOS ALIENÍGENAS ESTÃO DISFARÇADOS EM UMA VARIEDADE DE OBJETOS DE RUA DO DIA A DIA, COMO CABINES TELEFÔNICAS, LATAS DE ÓLEO, LATAS DE LIXO E CAIXAS DE CORREIO. OS ALIENÍGENAS REVELAM SUAS VERDADEIRAS FORMAS CONFORME OS GUERREIROS SE APROXIMAM. CADA UM DOS 3 HERÓIS CARREGA SUA PRÓPRIA ARMA INDIVIDUAL, GORDON TEM SUA ARMA DE PLASMA, KARLA TEM UM LANÇA-CHAMAS E SCOOTER TEM UM CHICOTE ELÉTRICO. NO FINAL DE CADA NÍVEL, OS GUERREIROS ENTRARÃO NUM EDIFÍCIO E A AÇÃO DE TIROTEIO MUDARÁ PARA UMA PERSPECTIVA DE PRIMEIRA PESSOA.;SEGA;;;false;40077;0;PLATAFORMA, PLATAFORMA / TIRO COM ROLAGEM, BRIGA DE RUA;263;DF9D2488;false;;;97ac67947a9bf4625a00692458d71717;;0;1-3;SEGA;0,40;;wor;;;;;;;;;;;;;;;;;;;;;;;
./Astrob.zip;ASTROB;false;;;false;;;;;;false;;0;;0;;false;;;;;0;;;;;;;;;;;;;;;;;;;;;;;;;;;;
./Astrob1.zip;ASTROB1;false;;;false;;;;;;false;;0;;0;;false;;;;;0;;;;;;;;;;;;;;;;;;;;;;;;;;;;
./Astrof.zip;ASTROF;false;;;false;;;;;;false;;0;;0;;false;;;;;0;;;;;;;;;;;;;;;;;;;;;;;;;;;;
./Astrof2.zip;ASTROF2;false;;;false;;;;;;false;;0;;0;;false;;;;;0;;;;;;;;;;;;;;;;;;;;;;;;;;;;
./Astyanax.zip;ASTYANAX;false;19890101T000000;jaleco;false;;ASTYANAX É UM JOGO DE AÇÃO DE PLATAFORMA COM ROLAGEM LATERAL AMBIENTADO EM UM MUNDO DE FANTASIA. O HERÓI DECIDE MATAR O MAGO MALIGNO QUE ATERRORIZA A TERRA. ELE ESTÁ ARMADO COM UM MACHADO E TAMBÉM POSSUI UM FEITIÇO DE RAIO MÁGICO QUE PODE SER LIGADO DUAS VEZES. ATUALIZAÇÕES MÁGICAS E POÇÕES DE SAÚDE PODEM SER ENCONTRADAS EM PEQUENOS PILARES DE PEDRA. O JOGADOR PRECISA DERROTAR MONSTROS EM VÁRIOS LOCAIS, PULANDO POÇOS E LUTANDO CONTRA CHEFES NO FINAL DOS ESTÁGIOS. A COOPERAÇÃO COM DOIS JOGADORES É SUPORTADA, COM O SEGUNDO JOGADOR SENDO A TROCA DE PALETA DO JOGADOR 1. O JOGO FOI PROJETADO POR TOKUHIRO TAKEMORI, QUE TRABALHOU ANTERIORMENTE NO LEGENDARY AXE, E A MECÂNICA BÁSICA DO JOGO É SEMELHANTE - PARA DAR UM GOLPE PESADO NO EIXO, O JOGADOR PRECISA PARAR DE BALANÇÁ-LO POR UM TEMPO. A VERSÃO NES LANÇADA APÓS O JOGO ARCADE, EMBORA GERALMENTE TENHA A MESMA JOGABILIDADE, APRESENTA LAYOUTS DE NÍVEIS COMPLETAMENTE DIFERENTES, DESIGNS E HISTÓRIA DE INIMIGOS.;JALECO;;;false;40084;0;PLATAFORMA, PLATAFORMA / COMBATE COM ROLAGEM;257;838EEC8D;false;;;503008a997dcaeaa21bb14ab42e839a7;;0;1-2;JALECO;0,60;;wor;;;;;;;;;;;;;;;;;;;;;;;
./Asurabld.zip;ASURABLD;false;19980101T000000;;false;;UM JOGO DE LUTA 1 CONTRA 1 QUE SE PASSA EM UM MUNDO DE FANTASIA. PREPARE SUAS ARMAS! ESCOLHA ENTRE 8 PERSONAGENS INUSITADOS QUE PODEM SER SELECIONADOS E LUTE ATÉ O FIM NESTE BELÍSSIMO JOGO DE LUTA EM 2-D BASEADO EM ARMAS. APRESENTA GRÁFICOS MARAVILHOSOS, MÚSICA E EFEITOS SONOROS LEGAIS E CONTROLES FÁCEIS DE APRENDER.;FUUKI;;;false;40086;0;LUTA, LUTA / VERSUS;262;73F9A4E6;false;;;470ea52f497baa2100dc1dfeb59beab1;;0;1-2;FUUKI;0,60;;jp;;;;;;;;;;;;;;;;;;;;;;;
./Ataxx.zip;ATAXX;false;19900101T000000;capcom;false;;O OBJECTIVO DO JOGO É PREENCHER O TABULEIRO 7X7 COM AS SUAS BOLAS COLORIDAS. ISTO É FEITO MOVENDO A SUA BOLA ADJACENTE À DO SEU ADVERSÁRIO E DEVOLVENDO-A À SUA COR. DURANTE O JOGO VOCÊ PODE FAZER 2 TIPOS DE MOVIMENTOS: PRIMEIRO, COLOQUE UMA BOLA ADJACENTE A UM DOS SEUS PRÓPRIOS DUPLICADOS, OU SEGUNDO, UMA BOLA PODE SALTAR DOIS ESPAÇOS, MAS NÃO SERÁ DUPLICADA. O NÚMERO E DISPOSIÇÃO DOS OBSTÁCULOS NO CAMPO MUDA ENTRE AS RODADAS, ENTÃO AS ESTRATÉGIAS DEVEM SER ALTERADAS PARA ACOMODAR ESSAS BARREIRAS. EVENTUALMENTE, TODOS OS ESPAÇOS VAZIOS NO TABULEIRO SÃO PREENCHIDOS, E O JOGADOR COM OS BALÕES MAIS COLORIDOS GANHA. NO MODO DE JOGADOR ÚNICO SE O JOGADOR HUMANO GANHAR, ELE DEVE ENFRENTAR UM ADVERSÁRIO MAIS DIFÍCIL NA PRÓXIMA RODADA. O JOGO TERMINA QUANDO O TEMPO ACABAR, INDEPENDENTEMENTE DE VOCÊ ESTAR GANHANDO OU NÃO. VOCÊ PODE PARTICIPAR A QUALQUER MOMENTO.;CAPCOM;;;false;40092;0;JOGO DE TABULEIRO;2048;22BCCC53;false;;;13f07c39de4a257522d3057f60206c63;;0;1-2;CAPCOM;0,40;;wor;;;;;;;;;;;;;;;;;;;;;;;
./Atetcktl.zip;ATETCKTL;false;;;false;;;;;;false;;0;;0;;false;;;;;0;;;;;;;;;;;;;;;;;;;;;;;;;;;;
./Atetris.zip;TETRIS (SET 1);false;1988/01/01;;false;;;;;;false;;0;;0;;false;;;;;0;;ATARI GAMES;;;;;;;;;;;;;;;;;;;;;;;;;;
./Atetrisa.zip;TETRIS (SET 2);false;1988/01/01;;false;;CLONE OF : ATETRIS (TETRIS (SET 2));;;;false;;0;;0;;false;;;;;0;;ATARI GAMES;;;;;;; Clone Of : atetris -> Tetris (set 2);;;;;;;;;;;;;;;;;;;
./Atetrisb.zip;TETRIS (BOOTLEG SET 1);false;1988/01/01;;false;;CLONE OF : ATETRIS (TETRIS (BOOTLEG SET 1));;;;false;;0;;0;;false;;;;;0;;BOOTLEG;;;;;;; Clone Of : atetris -> Tetris (bootleg set 1);;;;;;;;;;;;;;;;;;;
./Athena.zip;ATHENA;false;19860101T000000;snk;false;;ATHENA É UM JOGO CLÁSSICO DA SNK, CUJO PERSONAGEM PRINCIPAL É UMA PRINCESA REBELDE BASEADA NA DEUSA GREGA DE MESMO NOME.  A MAIORIA DOS ELEMENTOS DO JOGO SÃO BASEADOS NA MITOLOGIA GREGA E ROMANA. O JOGO TAMBÉM TEVE VERSÕES PARA NES, ZX SPECTRUM, COMMODORE 64 E AMSTRAD CPC AINDA QUE TENHAM O MESMO NOME, A ATHENA DESTE JOGO NÃO É A MESMA DO JOGO PSYCHO SOLDIER (TAMBÉM LANÇADO EM 1986) E DA SÉRIE THE KING OF FIGHTERS. ATHENA ASAMIYA É, NA VERDADE, A DESCENDENTE DA ATHENA DESTE JOGO.;SNK;;;false;40095;0;PLATAFORMA, PLATAFORMA / COMBATE COM ROLAGEM;257;C8581C1C;false;;;509c12cbfcd2f9c8df8a3e138c9e58e1;;0;1-2;SNK;0,40;;wor;;;;;;;;;;;;;;;;;;;;;;;
./Atlantis.zip;BATTLE OF ATLANTIS (SET 1);false;1981/01/01;;false;;;;;;false;;0;;0;;false;;;;;0;;COMSOFT;;;;;;;;;;;;;;;;;;;;;;;;;;
./Aurail.zip;AURAIL;false;19900101T000000;sega;false;;UM SHOOT'EM UP COM VISÃO AÉREA ONDE VOCÊ PILOTA UM SUPER TANQUE DO FUTURO, QUE PARECE UM MEK DE BATALHA, E EXPLODE TUDO. COLETE POWER-UPS PARA AUMENTAR OS ESCUDOS E OPERAR O DRONE DE ATAQUE REMOTO. APRESENTA NÍVEIS DE TÚNEL COM UM;SEGA;;;false;40105;0;TIRO, TIRO / CARRO, VERTICAL;1028;26C5FEAF;false;;;df5074bd59facdef94316f81809abd74;;0;1-2;SEGA;0,60;;us;;;;;;;;;;;;;;;;;;;;;;;
./Avalnche.zip;AVALNCHE;false;19780101T000000;atari;false;;AVALANCHE É UM JOGO DE HABILIDADE 2-D. VOCÊ CONTROLA UMA PLATAFORMA DE VÁRIOS ANDARES COM UM BOTÃO GIRATÓRIO. SEU OBJETIVO É EVITAR QUE AS PEDRAS QUE CAEM CHEGUEM AO SOLO. EXISTEM SEIS FILEIRAS DE PEDRAS PARA LIDAR. VOCÊ COMEÇA COM UMA PLATAFORMA DE 6 ANDARES E PERDE UMA PLATAFORMA POR LINHA DE PEDRAS REMOVIDAS. VOCÊ GANHA PONTOS PELAS PEDRAS QUE EVITA QUE CHEGUEM AO SOLO. É CLARO QUE QUANTO MAIS LONGE A FILEIRA DE ROCHAS, MENORES E MAIS RÁPIDAS ELAS SE TORNAM. SEU OBJETIVO FINAL É CONSEGUIR PONTOS SUFICIENTES PARA PODER CONTINUAR O JOGO CASO PERCA O PRIMEIRO. TIRE SEU CAPACETE E PREPARE-SE PARA PEGAR ALGUMAS PEDRAS PERIGOSAS.;ATARI;;;false;40111;0;AÇÃO;256;0FDADDD4;false;;;e3e5fa71e7255a3fb3d7043b6cdd1505;;0;1-2;ATARI;0,40;;wor;;;;;;;;;;;;;;;;;;;;;;;
./Avspirit.zip;AVSPIRIT;false;19910101T000000;jaleco;false;;AO SAIR COM SUA NAMORADA, O HERÓI DO JOGO É EMBOSCADO POR INIMIGOS DESCONHECIDOS QUE SEQUESTRAM SUA NAMORADA E MATAM O HERÓI A TIROS. AGORA, COMO UM ESPÍRITO ERRANTE COM A CAPACIDADE DE POSSUIR QUASE QUALQUER PESSOA QUE ENCONTRAR, O HERÓI É CONVOCADO PELO PAI DE SUA NAMORADA E RECEBE A MISSÃO DE SALVÁ-LA DO MISTERIOSO SINDICATO DO CRIME QUE A MANTÉM COMO REFÉM. SÓ ENTÃO O HERÓI PODERÁ DESCANSAR EM PAZ. O PERSONAGEM DO JOGADOR 'HABITA' UM CORPO PARA COMBATER OS INIMIGOS DO JOGO. QUANDO ESSE CORPO É MORTO, DESDE QUE HAJA UM INIMIGO VIVO POR PERTO (QUE NÃO SEJA UM CHEFE), O JOGADOR PODE POSSUÍ-LO E CONTINUAR JOGANDO. CADA VEZ QUE ISSO É FEITO, O JOGADOR CUSTA UM POUCO DE SUA 'ENERGIA ESPIRITUAL'. CASO O HERÓI MORRA QUANDO NÃO HOUVER INIMIGOS POR PERTO PARA O JOGADOR POSSUIR, O JOGO ACABOU.;JALECO;;;false;40118;0;PLATAFORMA, PLATAFORMA / COMBATE COM ROLAGEM;257;3C0818C6;false;;;e48537975e9b07858db5f8514c400cb3;;0;1-2;JALECO;0,40;;wor;;;;;;;;;;;;;;;;;;;;;;;
./Avspu.zip;AVSPU;false;19940520T000000;cps2;false;;SAN DRAD, CALIFÓRNIA, FOI INVADIDA PELOS ALIENS, E O MAJOR MELHORADO CIBERNETICAMENTE DUTCH SCHAEFER E A TENENTE LINN KUROSAWA FORAM ABANDONADOS POR SEUS SUPERIORES E ENCURRALADOS POR UM ENXAME DE BATEDORES ALIENS. ANTES QUE ELES POSSAM SER MORTOS, DOIS PREDADORES APARECEM E DESTROEM OS ALIENS. OS PREDADORES OFERECEM UMA ALIANÇA COM OS DOIS SERES HUMANOS, A FIM DE IMPEDIR A INFESTAÇÃO DE ALIENS. OS JOGADORES CONTROLAM ATÉ TRÊS DOS QUATRO PERSONAGENS: DUTCH, LINN, PREDADORES CAÇADOR E PREDADORES GUERREIRO, E COMBATEM OS ALIENS EM VÁRIOS AMBIENTES. NO PROCESSO, OS PERSONAGENS DESCOBREM QUE A PRESENÇA ALIENÍGENA NA TERRA É O RESULTADO DE UM EXPERIMENTO LIDERADO PELO RENEGADO GENERAL BUSH DOS FUZILEIROS NAVAIS COLONIAIS DOS EUA EM CONJUNTO COM A CORPORAÇÃO WEYLAND-YUTANI. ELES DESTROEM A COLMEIA ALIEN, DERRUBANDO UM NAVIO MILITAR EM SAN DRAD, CAUSANDO UMA ENORME EXPLOSÃO. O PREDADORES GUERREIRO, EM SEGUIDA, DÁ SUAS LÂMINAS DE PULSO PARA DUTCH E LINN EM RECONHECIMENTO DE SUAS HABILIDADES COMO GUERREIROS, ANTES DE OS PREDADORES PARTIREM DE VOLTA AO ESPAÇO.;CAPCOM;;;false;37388;0;BRIGA DE RUA;263;4E2798CB;false;;;6432062b51c4aeef2457013f168b1328;;0;1-3;CAPCOM;0,80;;us;;;; Clone Of : avsp -> Alien vs Predator (940520 USA);;;;;;;;;;;;;;;;;;;
./Backfire.zip;BACKFIRE;false;19950101T000000;dataeast;false;;OS JOGADORES PODEM ESCOLHER ENTRE 2 CARROS DE RALLY FICTÍCIOS, "FARCO R4 CUP" OU "ANDULA 2.0", E CORRER EM 6 ETAPAS. TAMBÉM É POSSÍVEL JOGAR UM CONTRA O OUTRO EM TELA DIVIDIDA.;DATA EAST;;;false;40127;0;CORRIDA, PILOTAGEM, CORRIDA, PILOTAGEM / CORRIDA;1537;1559F170;false;;;066feccb9360505ca59b5269d597c27c;;0;1-2;DATA EAST;0,60;;wor;;;;;;;;;;;;;;;;;;;;;;;
./Baddudes.zip;BADDUDES;false;19880101T000000;dataeast;false;;O JOGO COMEÇA NA CIDADE DE NOVA IORQUE, ONDE O PRESIDENTE RONNIE FOI RAPTADO PELO NEFASTO DRAGONNINJA. A INTRODUÇÃO DO JOGO COMEÇA COM O SEGUINTE: "CRIMES DESENFREADOS RELACIONADOS COM NINJAS HOJE EM DIA... A CASA BRANCA NÃO É A EXCEPÇÃO...". ASSIM QUE ISTO OCORRE, UM AGENTE DOS SERVIÇOS SECRETOS PERGUNTA A DOIS LUTADORES DE RUA, CHAMADOS BLADE E STRIKER: "O PRESIDENTE RONNIE FOI RAPTADO PELOS NINJAS. ÉS FORTE O SUFICIENTE PARA RESGATAR O RONNIE?". AO OUVIREM ISTO, OS BAD DUDES PERSEGUEM O DRAGONNINJA PELAS RUAS DA CIDADE, AUTO-ESTRADAS, ESGOTOS, COMBOIO DE TRANSPORTE, FLORESTA, GRUTA E ATÉ À BASE NINJA SECRETA PARA SALVAR O PRESIDENTE RONNIE.;DATA EAST;;;false;40130;0;BRIGA DE RUA, PLATAFORMA, PLATAFORMA / COMBATE COM ROLAGEM;263;06FC9EAA;false;;;abc3fdfed1612c1f61ec69961a533455;;0;1-2;DATA EAST;0,40;;us;;;;;;;;;;;;;;;;;;;;;;;
./Badlands.zip;BADLANDS;false;19890101T000000;atari;false;;JÁ SE PASSARAM 50 ANOS DESDE QUE O DESASTRE NUCLEAR MUDOU O MUNDO PARA SEMPRE E O ESPORTE DAS CORRIDAS DE VELOCIDADE É AGORA UMA BATALHA IMPLACÁVEL ENTRE CARROS ARMADOS. AS CORRIDAS ACONTECEM EM TRILHOS CONSTRUÍDOS NAS RUÍNAS DA PERIGOSA ZONA NUCLEAR CONHECIDA APENAS COMO BADLANDS, COM CADA CORRIDA OCORRENDO EM TRÊS VOLTAS. OS CARROS SÃO EQUIPADOS COM CANHÕES VOLTADOS PARA A FRENTE QUE PODEM SER USADOS ??PARA ATIRAR EM CORREDORES RIVAIS PARA ATRASÁ-LOS. OS UPGRADES DE MÍSSEIS TAMBÉM PODEM SER GANHOS OU COMPRADOS, O QUE DESTRUIRÁ COMPLETAMENTE UM VEÍCULO RIVAL QUE LEVA VÁRIOS SEGUNDOS PARA SER SUBSTITUÍDO. AS CORRIDAS TÊM TRÊS CARROS, ENTÃO SEMPRE HÁ PELO MENOS UM CARRO DRONE PARA COMPETIR. CADA PISTA POSSUI ALVOS DE CAMPO DE JOGO QUE PODEM SER DISPARADOS POR PONTOS EXTRAS E MÍSSEIS BÔNUS E, COMO COM OS JOGOS ANTERIORES DA SPRINT, CHAVES DE BÔNUS APARECEM EM INTERVALOS REGULARES QUE PODEM SER COLETADOS E USADOS ??PARA MELHORAR O VEÍCULO ENTRE AS CORRIDAS. AS ATUALIZAÇÕES DISPONÍVEIS SÃO:MÍSSEIS, PNEUS, TURBO, E VELOCIDADE, ESCUDOSNNBAD LANDS POSSUI OITO CIRCUITOS DIFERENTES, CADA UM COM SUA PRÓPRIA CONFIGURAÇÃO E FUNDO PÓS-APOCALÍPTICOS.;ATARI;;;false;40131;0;CORRIDA, PILOTAGEM, CORRIDA, PILOTAGEM / CORRIDA;1537;2AB78141;false;;;696e057df23ebc3f357640c1b60b7e2e;;0;1-2;ATARI;0,40;;wor;;;;;;;;;;;;;;;;;;;;;;;
./Bagman.zip;BAGMAN;false;1982/01/01;;false;;;;;;false;;0;;0;;false;;;;;0;;VALADON AUTOMATION;;;;;;;;;;;;;;;;;;;;;;;;;;
./Balonfgt.zip;BALONFGT;false;19840101T000000;nintendo;false;;EM BALLOON FIGHT, VOCÊ CONTROLA UMA PESSOA QUE VOA COM 2 BALÕES NAS COSTAS. VOCÊ TEM QUE DERROTAR HOMENS FANTASIADOS DE PÁSSAROS, QUE TÊM UM BALÃO NAS COSTAS. QUANDO O BALÃO ESTOURAR, O INIMIGO IRÁ FLUTUAR;NINTENDO;;;false;40139;0;PLATAFORMA, PLATAFORMA / CORRE E PULA;257;1C1A4DAE;false;;;4e567bff3ea63936c848bb1e73975565;Jogador individual;0;1-2;NINTENDO;0,60;;wor;;;;;;;;;;;;;;;;;;;;;;;
./Bandido.zip;BANDIDO;false;;;false;;;;;;false;;0;;0;;false;;;;;0;;;;;;;;;;;;;;;;;;;;;;;;;;;;
./Bang Bead.zip;BANG BEAD;false;;;false;;;;;;false;;0;;0;;false;;;;;0;;;;;;;;;;;;;;;;;;;;;;;;;;;;
./Bang.zip;BANG;false;19980101T000000;gaelco;false;;BANG! É UM JOGO DE GALERIA DE TIRO COM TEMA DO VELHO OESTE JOGADO COM UMA ARMA LEVE, PARA UM OU DOIS JOGADORES TRABALHANDO JUNTOS. O JOGO OFERECE TRÊS PERCURSOS BASEADOS NOS NÍVEIS DE DIFICULDADE: INICIANTE (16 ETAPAS), AVANÇADO (20 ETAPAS) E ESPECIALISTA (24 ETAPAS). CADA ROTA CONSISTE EM VÁRIOS MINIJOGOS SELECIONADOS ALEATORIAMENTE ATRAVÉS DE UMA MECÂNICA DE CAÇA-NÍQUEIS. UM MINIJOGO GERALMENTE DURA APENAS CERCA DE DEZ SEGUNDOS E CADA UM DELES TEM OBJETIVOS DIFERENTES. ÀS VEZES, APENAS UM ÚNICO MARCADOR É FORNECIDO, ENQUANTO OUTROS OFERECEM UMA QUANTIDADE INFINITA. ANTES DO INÍCIO DE CADA MINIJOGO, A JOGABILIDADE É EXPLICADA BREVEMENTE JUNTO COM OS OBJETIVOS. SÃO FORNECIDAS TRÊS VIDAS, REPRESENTADAS POR CORAÇÕES, E QUANDO O OBJETIVO NÃO É ALCANÇADO, UMA VIDA SE PERDE. NO FINAL DO JOGO OS RESULTADOS SÃO MOSTRADOS, MUITAS VEZES BASEADOS NO NÚMERO DE ACERTOS E NA PRECISÃO, JUNTAMENTE COM UMA PONTUAÇÃO TOTAL.;BIT MANAGERS;;;false;40145;0;TIRO, TIRO COM LIGHTGUN;261;CC24BF0C;false;;;160821272314e310eb776e8c868cc2c9;;0;1-2;GAELCO;0,60;;wor;;;;;;;;;;;;;;;./media/image/Bang-marquee.png;;./media/image/Bang-wheelround.png;;;;;./media/image/Bang-marquee.png;./media/image/Bang-wheelround.png
./Bankp.zip;BANKP;false;19840101T000000;sega;false;;BANK PANIC É UM JOGO DE TIRO BASEADO EM REAÇÃO EM QUE O JOGADOR ASSUME O PAPEL DE UM DEPUTADO ARMADO, ENCARREGADO DE PROTEGER O BANCO DA CIDADE DOS BANDIDOS.;SANRITSU DENKI;;;false;40148;0;TIRO;256;79DC658C;false;;;51a3da4b4d48e74d79b7d1478cdaef55;;0;1-2;SEGA;0,60;;wor;;;;;;;;;;;;;;;;;;;;;;;
./Baraduke.zip;BARADUKE;false;19850101T000000;namco;false;;UM JOGO DE ARCADE DE TIRO COM ROLAGEM, LANÇADO PELA NAMCO EM 1985. ELE RODA EM HARDWARE NAMCO PAC-LAND, MAS COM UM SISTEMA DE VÍDEO COMO O USADO EM METRO-CROSS E DRAGON BUSTER (MODIFICADO PARA SUPORTAR ROLAGEM VERTICAL E UMA PALETA DE 2.048 CORES). DEZ ANOS APÓS SEU LANÇAMENTO ORIGINAL NO ARCADE, ELE FOI PORTADO PARA O SHARP X68000 E TAMBÉM FOI INCLUÍDO NO QUINTO VOLUME DA SÉRIE NAMCO MUSEUM NO SONY PLAYSTATION. O PROTAGONISTA PRINCIPAL DO JOGO, TOBY "KISSY" MASUYO, ANTECEDE EM UM ANO SAMUS ARAN DE METROID COMO UMA PERSONAGEM FEMININA HUMANA JOGÁVEL, EMBORA SEU ROSTO NÃO SEJA REVELADO ATÉ QUE ELA DERROTE O REI OCTY NO FINAL.;NAMCO;;;false;39978;0;SHOOT'EM UP / HORIZONTAL, SHOOT'EM UP;260;48ECA57C;false;;;43efe21b761d25f607bbafc66ea96473;;0;1-2;NAMCO;0,40;;wor;;;; Clone Of : aliensec -> Baraduke;;;;;;;;;;;;;;;;;;;
./Baseball Stars 2.zip;BASEBALL STARS 2;false;;;false;;;;;;false;;0;;0;;false;;;;;0;;;;;;;;;;;;;;;;;;;;;;;;;;;;
./Baseball Stars Professional.zip;BASEBALL STARS PROFESSIONAL;false;;;false;;;;;;false;;0;;0;;false;;;;;0;;;;;;;;;;;;;;;;;;;;;;;;;;;;
./Baseball Stars.zip;BASEBALL STARS;false;;;false;;;;;;false;;0;;0;;false;;;;;0;;;;;;;;;;;;;;;;;;;;;;;;;;;;
./Batman.zip;BATMAN;false;19910101T000000;atari;false;;BATMAN É UM JOGO DE ARCADE BEAT 'EM UP DE ROLAGEM HORIZONTAL LANÇADO PELA ATARI GAMES, MIDWAY GAMES, DATA EAST E NAMCO EM 1990 NA AMÉRICA DO NORTE E EM 1991 NO JAPÃO E NA EUROPA. O ENREDO É BASEADO NO FILME HOMÔNIMO DE 1989. POSSUI FASES BASEADAS EM LOCAÇÕES DO FILME, INCLUINDO CONTROLE EM PRIMEIRA PESSOA DO BATMÓVEL E DO BATWING. O JOGO APRESENTA CLIPES DE ÁUDIO DO BATMAN (MICHAEL KEATON) E DO CORINGA (JACK NICHOLSON), BEM COMO FOTOS DIGITALIZADAS DO FILME. BATMAN PODE USAR VÁRIAS ARMAS, COMO BATARANGS E GRANADAS DE GÁS, ENQUANTO ENFRENTA VÁRIOS CAPANGAS E O CORINGA.;ATARI;;;false;40160;0;PLATAFORMA, PLATAFORMA / COMBATE COM ROLAGEM;257;D218EAAB;false;;;186508448f9748ebef2fe82ec7c021c6;;0;1;ATARI;0,40;;wor;;;;;;;;;;;;;;;./media/image/Batman-marquee.png;;./media/image/Batman-wheelround.png;;;;;./media/image/Batman-marquee.png;./media/image/Batman-wheelround.png
./Batman2.zip;BATMAN2;false;19801201T000000;konami;false;;PHOENIX É UM CLÁSSICO JOGO DE TIRO VERTICAL NOS MOLDES DE "SPACE INVADERS" DA TAITO E "GALAXIAN" DA NAMCO, MAS LEVA O CONCEITO ADIANTE COM A INTRODUÇÃO DE ESTÁGIOS PROGRESSIVOS DE JOGO (EM VEZ DE SIMPLESMENTE REPETIR UM ÚNICO CAMPO DE JOGO INDEFINIDAMENTE COM UM NÍVEL DE DIFICULDADE CRESCENTE). DE ACORDO COM JOEL HOCHBERG DA CENTURI, O JOGO FOI LICENCIADO POR “UM DESENVOLVEDOR JAPONÊS MENOR”. A AMSTAR ELECTRONICS LICENCIOU O JOGO PARA CENTURI PARA FABRICAÇÃO NOS ESTADOS UNIDOS. TAITO LANÇOU O JOGO NO JAPÃO.;AMSTAR;;;false;149433;0;SHOOT'EM UP;260;0D216BD3;false;;;d7412b3885c13ff37d4f399b0b0e49d6;;0;1-2;CENTURI;0,80;;wor;Right;;; Clone Of : phoenix -> Batman Part 2;;;;;;;;;;;;;;;;;;;
./Batmanfr.zip;BATMANFR;false;19960101T000000;sega;false;;UM BEAT'EM-UP DE ROLAGEM LATERAL PARA UM OU DOIS JOGADORES BASEADO NO FILME DE MESMO NOME, APRESENTANDO O CAVALEIRO DAS TREVAS E SEU COMPANHEIRO, ROBIN. OS JOGADORES CONTROLAM BATMAN OU ROBIN ENQUANTO LUTAM EM VÁRIOS ESTÁGIOS, ENFRENTANDO BATALHAS COM DOIS DOS NOTÓRIOS INIMIGOS DO BATMAN, 'TWO-FACE' E 'THE RIDDLER'. NUMEROSAS ARMAS PODEM SER USADAS AO LONGO DO JOGO PARA AJUDAR BATMAN EM SUA BUSCA, INCLUINDO O BAT-A-RANG, BATROPE, GAS GUN E O METAL CUTTER. BATMAN PODE ALCANÇAR PLATAFORMAS ALTAS COM O USO DO BATROPE.;ACCLAIM ENTERTAINMENT;;;false;37531;0;BRIGA DE RUA;263;3F6DCFD3;false;;;947d220e7d847e02dc6e9f16729cd80f;;0;1-2;ACCLAIM ENTERTAINMENT;0,60;;wor;;;;;;;;;;;;;;;;;;;;;;;
./Battle Circuit.zip;BATTLE CIRCUIT;false;;;false;;;;;;false;;0;;0;;false;;;;;0;;;;;;;;;;;;;;;;;;;;;;;;;;;;
./Battle Flip Shot.zip;BATTLE FLIP SHOT;false;;;false;;;;;;false;;0;;0;;false;;;;;0;;;;;;;;;;;;;;;;;;;;;;;;;;;;
./Bayroute.zip;BAYROUTE;false;19890101T000000;sega;false;;UM JOGO ANTITERRORISTA SHOOT'EM UP / PLATAFORMA COM MUITA AÇÃO.;SUNSOFT;;;false;40170;0;TIRO, PLATAFORMA, PLATAFORMA / TIRO COM ROLAGEM;257;5F9CB5FF;false;;;dcd43dd34ebf9702f122d78de0d9211e;;0;1-2;SEGA;0,40;;wor;;;;;;;;;;;;;;;;;;;;;;;
./Bbbxing.zip;BBBXING;false;19940101T000000;jaleco;false;;UM JOGO DE BOXE HORIZONTAL DA JALECO. ESCOLHA UM DOS 7 BOXEADORES, CADA UM COM SEU SOCO ESPECIAL, E VENÇA PARTIDAS PARA CONQUISTAR O TÍTULO MUNDIAL DE PESO LIVRE.;JALECO;;;false;40174;0;ESPORTE, ESPORTE / BOXE;1540;92762197;false;;;ee103698c9e9ef9aa455aba8f58775fd;;0;1-2;JALECO;0,40;;wor;;;;;;;;;;;;;;;;;;;;;;;
./Bchopper.zip;BCHOPPER;false;19890101T000000;irem;false;;OS JOGADORES CONTROLAM UM HELICÓPTERO DE COMBATE MALUCO CHAMADO SR. HELI, ENQUANTO ATIRAM EM INIMIGOS, COLETAM POWER-UPS E DERROTAM CHEFES PARA AVANÇAR DE NÍVEL.;IREM;;;false;40181;0;TIRO, TIRO / AVIÃO;256;92EF90F1;false;;;939e0bbe37bc35c5e597739910314772;;0;1-2;IREM;0,40;;wor;;;;;;;;;;;;;;;;;;;;;;;
./Bctvidbs.zip;BCTVIDBS;false;;;false;;;;;;false;60926;0;VARIADOS / SISTEMA, VARIADOS;0;4FFCE055;false;;;5c4e07b9dedce435379ad35c56c18bb2;;0;;;;;wor;;;;;;;;;;;;;;;;;;;;;;;
./Berabohm.zip;BERABOHM;false;19880101T000000;namco;false;;BRAVOMAN É UM JOGO DE AÇÃO COM PARÓDIA SENTAI. O SUBTÍTULO DESTE JOGO É TRADUZIDO DO JAPONÊS COMO ‘HOMEM INIGUALÁVEL’. ESTE JOGO É CHAMADO DE 'BERABOW MAN' PELA NAMCO, EMBORA SEJA PROVAVELMENTE UM ERRO DE TRADUÇÃO, JÁ QUE A VERSÃO POSTERIOR DO NEC PC-ENGINE É CHAMADA DE 'BRAVOMAN'. O NOME 'BERABOW' APARECE NA LISTA PADRÃO DE PONTUAÇÕES MAIS ALTAS. NO ESTÁGIO 8, O PERSONAGEM PRINCIPAL DE "PISTOL-SHOGUN - PISTOL DAIMYO NO BOUKEN" (QUE FOI LANÇADO 2 ANOS DEPOIS) DEVE SER COMBATIDO. BRAVOMAN FEZ UMA PEQUENA APARIÇÃO EM NAMCO X CAPCOM LANÇADO PARA SONY PS2 EM 2005.;NAMCO;;;false;40200;0;PLATAFORMA, PLATAFORMA / COMBATE COM ROLAGEM;257;3F2B0C36;false;;;31164f48a3f429adb97a07bb8fbea1c7;;0;1-2;NAMCO;0,40;;jp;;;;;;;;;;;;;;;;;;;;;;;
./Berlwall.zip;BERLWALL;false;19910101T000000;kaneko;false;;O JOGADOR ASSUME O CONTROLE DE UM MENINO QUE DEVE USAR SEU MARTELO PARA QUEBRAR OS BLOCOS QUE FAZEM PARTE DOS NÍVEIS COLORIDOS ESPALHADOS POR PLATAFORMAS QUE FORMAM CADA FASE. ESTES BURACOS FUNCIONAM COMO ARMADILHAS PARA OS MUITOS MONSTROS PATRULHADORES E UMA VEZ QUE UM INIMIGO CAI NUM BURACO, O JOGADOR DEVE ENTÃO USAR O MARTELO NO INIMIGO PARA O FAZER CAIR ATRAVÉS DO BURACO E DESCER PARA A PLATAFORMA ABAIXO - FAZENDO COM QUE SE TRANSFORME EM FRUTA, QUE PODE ENTÃO SER RECOLHIDA. ESTE JOGO É UMA REFORMULAÇÃO DO CLÁSSICO DE 1980, “SPACE PANIC”.;KANEKO;;;false;40202;0;PLATAFORMA, PLATAFORMA / CORRE E PULA;257;92606A27;false;;;437eda36f6f87be71c8657d777ea880f;;0;1-2;KANEKO;0,40;;wor;;;;;;;;;;;;;;;;;;;;;;;
./Berzerk.zip;BERZERK;false;19800101T000000;;false;;O JOGADOR CONTROLA O ‘HUMANOID’ E DEVE NEGOCIAR UMA SÉRIE DE SALAS CHEIAS DE ROBÔS, CADA UM COM ATÉ ONZE ROBÔS INIMIGOS QUE DISPARAM LASER. O HUMANÓIDE PODE SER MORTO COM UM ÚNICO TIRO DE UM ROBÔ, AO BATER EM UM ROBÔ, AO BATER EM UMA PAREDE DO LABIRINTO OU AO SER TOCADO PELO INIMIGO DO JOGADOR, 'EVIL OTTO'. PARA AVANÇAR NO JOGO, OS JOGADORES DEVEM ABRIR CAMINHO ATRAVÉS DE CADA SALA ATÉ UMA ABERTURA EM UMA DAS PAREDES OPOSTAS. CADA ROBÔ DESTRUÍDO VALE 50 PONTOS E EMBORA SEJA POSSÍVEL PROGREDIR SEM MATAR TODOS OS ROBÔS EM CADA SALA, DESTRUIR TODOS ELES DARÁ AO JOGADOR UM BÔNUS POR LABIRINTO (NO VALOR DE DEZ PONTOS POR ROBÔ). O JOGO TEM IMPRESSIONANTES 64.000 LABIRINTOS, COM CADA NÍVEL PROJETADO PARA SER MAIS DIFÍCIL QUE O ANTERIOR.;STERN;;;false;40204;0;AÇÃO / LABIRINTO, AÇÃO;258;CAA488E5;false;;;0e087a6714ab3bf1e6dc6c11a3598c0b;Jogador individual;0;1-2;STERN;0,20;;wor;;;;;;;;;;;;;;;;;;;;;;;
./Berzerk1.zip;BERZERK1;false;;;false;;;;;;false;;0;;0;;false;;;;;0;;;;;;;;;;;;;;;;;;;;;;;;;;;;
./Bigkarnk.zip;BIGKARNK;false;19910101T000000;gaelco;false;;NESTE JOGO DE PLATAFORMA VOCÊ CONTROLA UM FARAÓ QUE TENTA LUTAR CONTRA VÁRIOS INIMIGOS MORTAIS COMO COBRAS E ESCORPIÕES.;GAELCO;;;false;40215;0;PLATAFORMA, PLATAFORMA / COMBATE COM ROLAGEM;257;8DC9896F;false;;;667d24d63e9d65499c7632d54753526c;;0;1-2;GAELCO;0,40;;wor;;;;;;;;;;;;;;;;;;;;;;;
./Bigstrik.zip;BIGSTRIK;false;19920101T000000;jaleco;false;;BIG STRIKER É UM JOGO DE FUTEBOL DESENVOLVIDO E PUBLICADO PELA JALECO EM 1992. VOCÊ PODE ESCOLHER ENTRE 8 TIMES INTERNACIONAIS. O JOGO É VISTO DE LADO EM 3D. OS GRÁFICOS ESTÃO CORRETOS E OS EFEITOS SONOROS SÃO BONS. VEMOS DE VEZ EM QUANDO, NO CANTO INFERIOR ESQUERDO DA TELA, A BANCADA QUE TE INCENTIVA E ATÉ DÁ CONSELHOS.;JALECO;;;false;40218;0;ESPORTE / FUTEBOL, ESPORTE;1538;EFD454B3;false;;;2c49f388ede641d0023e4851c703e3f1;;0;1-2;JALECO;0,40;;wor;;;;;;;;;;;;;;;;;;;;;;;
./Biomtoy.zip;BIOMTOY;false;19950101T000000;gaelco;false;;BIOMECHANICAL TOY É UM JOGO DE TIRO EM PLATAFORMA DE ROLAGEM DE OITO DIREÇÕES AMBIENTADO EM UM MUNDO DE BRINQUEDOS ANIMADOS MAGICAMENTE, NO QUAL O PÊNDULO MÁGICO QUE ANIMA OS BRINQUEDOS FOI ROUBADO PELO MALVADO 'SCRUBBY', UM CRIMINOSO QUE JÁ FOI PRESO POR TENTAR ROUBAR O PÊNDULO QUE CONSEGUIU ESCAPAR E SE VINGAR. O JOGADOR ASSUME O PAPEL DE INGUZ E TEM A TAREFA DE LIBERTAR OS POUCOS BRINQUEDOS BONS RESTANTES QUE ESTÃO PRESOS AO LONGO DAS FASES, ENQUANTO DESTRÓI OU EVITA OS MUITOS BRINQUEDOS MALIGNOS QUE AGORA PATRULHAM O REINO.  INGUZ CARREGA UMA PISTOLA BÁSICA DE TIRO ÚNICO, EMBORA CLIPES DE MUNIÇÃO ADICIONAIS POSSAM SER ENCONTRADOS AO LONGO DO JOGO QUE ATUALIZAM A ARMA COM PODER DE TIRO EXTRA, DISPARO AUTOMÁTICO OU BALAS EXPLOSIVAS. QUANDO O PENTE DE MUNIÇÃO ATUAL DA ARMA ESTIVER VAZIO, INGUZ LEVARÁ UM MOMENTO PARA RECARREGAR, DEIXANDO-O VULNERÁVEL A ATAQUES. OS BRINQUEDOS LIBERADOS AJUDARÃO INGUZ, FORNECENDO PODER DE FOGO ADICIONAL POR UM CURTO PERÍODO DE TEMPO. INGUZ COMEÇA CADA FASE E CADA NOVA VIDA COM UM MEDIDOR DE SAÚDE CHEIO DE OITENTA UNIDADES, MAS É POSSÍVEL ENCONTRAR ALIMENTOS QUE IRÃO REABASTECER O MEDIDOR. O JOGADOR PODE PERDER UMA VIDA POR FICAR SEM SAÚDE, CAINDO DA PARTE INFERIOR DA TELA (OU EM UM PERIGO, COMO UM POÇO DE LAVA), OU POR FICAR SEM TEMPO. A CONCLUSÃO DE CADA FASE CONCEDE PONTOS DE BÔNUS COM BASE NO TEMPO RESTANTE E NAS UNIDADES DE SAÚDE. OS PONTOS DE CONTROLE - INDICADOS POR BANDEIRAS VERMELHAS - ESTÃO LOCALIZADOS EM DETERMINADOS PONTOS AO LONGO DAS ETAPAS. EM CASO DE PERDA DE VIDA, O JOGO RECOMEÇA A PARTIR DO ÚLTIMO CHECKPOINT ALCANÇADO. OBJETOS COM O ROSTO DE INGUZ (COMO BAÚS DE MADEIRA E BALÕES) LIBERAM ITENS BÔNUS QUANDO DISPARADOS.  UM ROSTO ABSTRATO DE APARÊNCIA ORIENTAL OCASIONALMENTE FAZ PARTE DA PLATAFORMA DE UM NÍVEL QUE, QUANDO DISPARADO, LIBERA BALÕES QUE, POR SUA VEZ, PODEM SER DISPARADOS PARA OBTER ITENS BÔNUS. UM CHAPÉU VOADOR GIGANTE TAMBÉM APARECE OCASIONALMENTE E DEIXARÁ CAIR ITENS DE BÔNUS QUANDO FOR ATINGIDO. BOMBAS INTELIGENTES TAMBÉM PODEM SER ENCONTRADAS EM CERTOS PONTOS QUE, QUANDO ATINGIDAS POR INGUZ, DANIFICARÃO OU DESTRUIRÃO TODOS OS BRINQUEDOS INIMIGOS NA TELA.;ZEUS SOFTWARE;;;false;40235;0;PLATAFORMA / TIRO COM ROLAGEM, PLATAFORMA;257;2FD5A30E;false;;;28ba08864fb35fdf70aca79b126d386c;;0;1;GAELCO;0,60;;wor;;;;;;;;;;;;;;;;;;;;;;;
./Bionicc2.zip;BIONICC2;false;19870101T000000;capcom;false;;O BIONIC COMMAND É UMA PLATAFORMA DE ROLAGEM DE SHOOT-EM-UP DEZ ANOS APÓS O FINAL DA TERCEIRA GUERRA MUNDIAL, COM O JOGADOR ASSUMINDO O PAPEL DE "SUPER JOE", UM COMANDO DE ELITE ENCARREGADO DE SE INFILTRAR NA BASE MILITAR DO INIMIGO PARA DESCOBRIR SEUS PLANOS SECRETOS E DESTRUIR SEUS SILOS DE MÍSSEIS.  NPARA AJUDÁ-LO EM SUA MISSÃO, JOE ESTÁ EQUIPADO COM UM BRAÇO BIÔNICO, UM GANCHO TELESCÓPICO QUE É USADO PARA ATRAVESSAR AS INÚMERAS PLATAFORMAS E CORNIJAS QUE COMPÕEM OS NÍVEIS DO JOGO. O BRAÇO TAMBÉM PODE SER USADO PARA ATORDOAR TEMPORARIAMENTE INIMIGOS OU ATINGI-LOS DE PLATAFORMAS, BEM COMO PARA RECUPERAR ITENS DE BÔNUS, CAIXAS DE MADEIRA E ARMAS QUE OCASIONALMENTE CAEM DE PÁRA-QUEDAS NA ZONA DE GUERRA.  IN ADDITION TO THE BIONIC ARM, JOE ESTÁ ARMADO COM UMA ESPINGARDA USADA PARA MATAR INIMIGOS E DESTRUIR OBSTRUÇÕES. NO ENTANTO, A ESPINGARDA SÓ PODE SER DISPARADA PARA A ESQUERDA E PARA A DIREITA E NÃO PODE SER USADA AO MESMO TEMPO QUE O BRAÇO BIÓNICO. ARMAS MAIS PODEROSAS PODEM SER APANHADAS DURANTE TODO O JOGO.;CAPCOM;;;false;150942;0;PLATAFORMA / TIRO COM ROLAGEM, PLATAFORMA;257;6F32E6D4;false;;;99f04e5842ad5770d1a6a84065f2bf4c;;0;1-2;CAPCOM;0,40;;us;;;; Clone Of : bionicc -> Bionic Commando (US set 2);;;;;;;;;;;;;;;;;;;
./Bioship.zip;BIOSHIP;false;19900101T000000;sammy;false;;EMBORA O JOGO SEJA ESSENCIALMENTE UM SHOOT'EM UP DE ROLAGEM HORIZONTAL PADRÃO, ELE POSSUI UMA INOVAÇÃO QUE O TORNA ÚNICO NO GÊNERO. O JOGADOR PILOTA UMA NAVE ESPACIAL (ESPECIFICAMENTE, UMA BIONAVE) QUE POSSUI AS ARMAS AVANÇADAS ENCONTRADAS EM TODOS OS SCROLLERS HORIZONTAIS, MAS TAMBÉM POSSUI UMA ARMA QUE PODE SER MIRADA MANUALMENTE COM UMA MIRA, DA MESMA MANEIRA QUE NO JOGO "MISSILE COMMAND". ISSO PERMITE AO JOGADOR ATIRAR EM QUALQUER DIREÇÃO COM EXTREMA PRECISÃO E ADICIONA UM NÍVEL EXTRA DE ESTRATÉGIA AO JOGO. A BIONAVE DO JOGADOR TAMBÉM PODE COLETAR POWER-UPS PARA CRESCER (TORNANDO-SE MAIS PODEROSA) E PODE ADQUIRIR CÁPSULAS ESFÉRICAS QUE SE PRENDEM À NAVE E AUMENTAM SEU PODER DE FOGO.;UPL;;;false;40237;0;SHOOT'EM UP / HORIZONTAL, SHOOT'EM UP;260;991D4A78;false;;;0f5f0e32ca17e632fc15c4ff2a51d2e7;;0;1-2;UPL;0,40;;wor;;;;;;;;;;;;;./media/manuals/Bioship-manual.pdf;;;;;;;;;;
./Blandia.zip;BLANDIA;false;19920101T000000;seta;false;;JOGO DE LUTA BASEADO EM ARMAS COM DANOS VISÍVEIS EM CADA UMA DAS ARMADURAS DOS 10 LUTADORES.;ALLUMER;;;false;40252;0;LUTA, LUTA / VERSUS;262;5C6F85B5;false;;;782085146bb38ea704b79a39571e916a;;0;1-2;ALLUMER;0,20;;wor;;;;;;;;;;;;;;;;;;;;;;;
./Blaster.zip;BLASTER;false;1983/01/01;;false;;;;;;false;;0;;0;;false;;;;;0;;WILLIAMS / VID KIDZ;;;;;;;;;;;;;;;;;;;;;;;;;;
./Blazing Star.zip;BLAZING STAR;false;;;false;;;;;;false;;0;;0;;false;;;;;0;;;;;;;;;;;;;;;;;;;;;;;;;;;;
./Bldyror2.zip;BLDYROR2;false;19980101T000000;eighting;false;;BATALHE E TRANSFORME-SE NO HÍBRIDO HUMANO-ANIMAL NESTE JOGO CLÁSSICO DE LUTA EM 3D! BOTE SUAS HABILIDADES A TESTE E LUTE PARA ATINGIR O TOPO! O "QUÊ" DA SÉRIE BLOODY ROAR É A CAPACIDADE DE SEUS COMBATENTES SE TRANSFORMAREM EM VERSÕES ANIMALESCAS DE SI -- HÍBRIDOS HUMANO-ANIMAL COM SANGUE DE VIOLÊNCIA. DURANTE CADA ROUND VOCÊ PODE LUTAR COMO UMA PESSOA QUE SE TRANSFORMA EM UMA BESTA QUANDO A BARRA ESTIVER CHEIA. NA FORMA ANIMAL, VOCÊ TERÁ MAIS MOVIMENTOS A SUA DISPOSIÇÃO PARA DESTRUIR SEU OPONENTE.;EIGHTING;;;false;40262;0;LUTA, LUTA / VERSUS;262;FA22954E;false;;;45c257bc3575296fcdc8aab40805e22a;;0;1-2;EIGHTING;0,60;;wor;;;;;;;;;;;;;;;;;;;;;;;
./Blitz2k.zip;BLITZ2K;false;19990101T000000;midway;false;;NOVA EDIÇÃO DO JOGO DE AÇÃO/ESPORTE "NFL JAM" DA MIDWAY, ONDE A ÊNFASE ESTÁ NA AÇÃO ESMAGADORA, EM VEZ DA SIMULAÇÃO ESPORTIVA. AS ADIÇÕES DESTE ANO VÊM NA FORMA DE UM MODO DE TEMPORADA, UM SISTEMA DE PASSES MAIS SIMPLES BASEADO EM BOTÕES PREDEFINIDOS (O MECANISMO DE “MIRAGEM” DESAPARECEU), BEM COMO UM EDITOR DE PLAYBOOK LIMITADO, MAS FUNCIONAL. TAMBÉM ESTÃO INCLUÍDAS NOVAS CHAMADAS AUDÍVEIS E NARRAÇÕES, ANIMAÇÕES MAIS SUAVES E NOVOS ESTÁDIOS PARA JOGAR.;MIDWAY;;;false;40264;0;ESPORTE, ESPORTE / FUTEBOL AMERICANO;1538;E073462C;false;;;bea3a7335c400e1bf82a5658b435c94d;;0;1-4;MIDWAY;0,60;;wor;;;;;;;;;;;;;;;;;;;;;;;
./Blkdrgon.zip;BLACK DRAGON (JAPAN);false;1987/01/01;;false;;CLONE OF : BLKTIGER (BLACK DRAGON (JAPAN));;;;false;;0;;0;;false;;;;;0;;CAPCOM;;;;;;; Clone Of : blktiger -> Black Dragon (Japan);;;;;;;;;;;;;;;;;;;
./Blktiger.zip;BLACK TIGER;false;1987/01/01;;false;;;;;;false;;0;;0;;false;;;;;0;;CAPCOM;;;;;;;;;;;;;;;;;;;;;;;;;;
./Blockade.zip;BLOCKADE;false;1976/01/01;;false;;;;;;false;;0;;0;;false;;;;;0;;GREMLIN;;;;;;;;;;;;;;;;;;;;;;;;;;
./Blockout (2).zip;BLOCKOUT (2);false;;;false;;;;;;false;;0;;0;;false;;;;;0;;;;;;;;;;./media/image/Blockout (2)-bezel.png;./media/image/Blockout (2)-boxback.png;./media/image/Blockout (2)-boxart.png;;;./media/fanart/Blockout (2)-fanart.jpg;;;;;./media/image/Blockout (2)-marquee.png;;./media/image/Blockout (2)-wheelround.png;./media/screenshots/Blockout (2)-screenshot.png;./media/image/Blockout (2)-titleshot.png;./media/image/Blockout (2)-boxart.png;./media/videos/Blockout (2)-video.mp4;./media/image/Blockout (2)-marquee.png;./media/image/Blockout (2)-wheelround.png
./Blockout.zip;BLOCKOUT;false;19890101T000000;technos;false;;BLOCK OUT É UM JOGO COMPETITIVO PARA 1 JOGADOR OU 2 JOGADORES SIMULTÂNEOS DE AÇÃO E ESTRATÉGIA DIMENSIONAL ÚNICA. À MEDIDA QUE OS BLOCOS CAEM UM POR UM NO POÇO TRIDIMENSIONAL, GIRE-OS USANDO OS TRÊS BOTÕES E O JOYSTICK. ASSIM QUE O JOGADOR DECIDIR A ROTAÇÃO DO BLOCO, USE O BOTÃO PARA COLOCAR O BLOCO NO LUGAR. O OBJETIVO É COLOCAR OS BLOCOS NA COVA SEM DEIXAR ESPAÇOS VAZIOS. UMA VEZ CONSEGUIDO ISSO, AS CAMADAS SEM ESPAÇOS VAZIOS DESAPARECERÃO. O JOGADOR COMEÇA O JOGO SELECIONANDO UM ESTÁGIO INICIAL. A SELEÇÃO DO NÍVEL DE INÍCIO DO JOGO PODE SER ESCOLHIDA ENTRE OS ESTÁGIOS 1, 5, 10, 15 OU 20. HÁ UM TOTAL DE 100 ESTÁGIOS NO JOGO E, À MEDIDA QUE OS JOGADORES PROGRIDEM NO JOGO, OS ESTÁGIOS FICAM CADA VEZ MAIS DIFÍCEIS. CADA ETAPA POSSUI UM DETERMINADO NÚMERO DE CAMADAS (FACES) QUE DEVEM SER APAGADAS. ASSIM QUE ESSAS FACES FOREM APAGADAS, O JOGADOR PASSARÁ PARA A PRÓXIMA FASE. QUANTO MENOS BLOCOS OS JOGADORES DEIXAREM NO FOSSO NO FINAL DA FASE, MAIS PONTOS SERÃO ATRIBUÍDOS. ALÉM DO MODO PARA UM JOGADOR, BLOCK OUT OFERECE UM MODO COMPETITIVO SIMULTÂNEO PARA DOIS JOGADORES. O EFEITO DE TELA DIVIDIDA DÁ A CADA JOGADOR SEU PRÓPRIO POÇO PARA JOGAR. ELES COMPETEM ENTRE SI NA CORRIDA PARA APAGAR OS ROSTOS. À MEDIDA QUE UM JOGADOR APAGA UMA FACE, ESSA FACE SERÁ ADICIONADA À COVA DO ADVERSÁRIO, FAZENDO COM QUE A SUA COVA SUBA. ISSO PERMITE MENOS ESPAÇO PARA TRABALHAR. EXISTEM DUAS MANEIRAS DE GANHAR NO MODO PARA 2 JOGADORES: 1) FORÇAR O OPONENTE A SUBIR E SAIR DO JOGO OU 2) APAGUE 21 FACES PRIMEIRO.;TECHNOS JAPAN;;;false;40279;0;QUEBRA-CABEÇAS, QUEBRA-CABEÇAS / QUEDA;2816;FF810DEB;false;;;850d8f277babd086d5ad0c994c529950;;0;1-2;TECHNOS JAPAN;0,60;;wor;;;;;;;;;;;;;;;;;;;;;;;
./Bloodbro.zip;BLOODBRO;false;19900101T000000;;false;;NO VELHO OESTE, BANDIDOS IMPIEDOSOS ATERRORIZAVAM AS PESSOAS DE BEM, E CABE A VOCÊ DETÊ-LOS E SEU VASTO ARSENAL DE ARMAS PARA TRAZER A PAZ A ESTA TERRA CONTURBADA. O JOGO APRESENTA OBJETOS DE FUNDO DESTRUTÍVEIS E UMA GRANDE VARIEDADE DE ARMAS! APESAR DO CONCEITO DE VELHO OESTE, ESTE JOGO POSSUI MECÂNICAS QUASE IDÊNTICAS AO JOGO DE TIRO ANTERIOR DA TAD, "CABAL".;TAD;;;false;40280;0;TIRO, TIRO / TIRO EM 3ª PESSOA;256;8AC7ACE1;false;;;2ae257df71e004ab156fbdcc96c7cb3b;;0;1-2;TAD;0,40;;wor;;;;;;;;;;;;;;;;;;;;;;;
./Bloodstm.zip;BLOODSTM;false;19940101T000000;incredibletech;false;;BLOOD STORM É CONSIDERADO POR MUITOS COMO UMA QUASE ‘SEQUÊNCIA’ DE TIME KILLERS. O JOGO TINHA UM ENREDO BASTANTE SOMBRIO, POIS HAVIA POUCOS PERSONAGENS AMBIGUAMENTE BONS, JÁ QUE OS OUTROS VARIAVAM ENTRE PESSOAS SOCIOPATICAMENTE INSANAS OU ENGANOSAS. BLOODSTORM FOI CONSIDERADO UM POSSÍVEL ASSASSINO DE MK EM UMA TENTATIVA DE SUPERAR O SUCESSO DO RIVAL MIDWAY COM MORTAL KOMBAT, EMBORA NÃO TENHA PREVALECIDO. FOI O ÚLTIMO JOGO QUE A STRATA PRODUZIU ANTES DE A EMPRESA FECHAR AS PORTAS. TAL COMO ACONTECE COM O SEU ANTECESSOR TIME KILLERS, BLOODSTORM APRESENTA MUITOS DOS ASPECTOS HERDADOS DELE, COMO A REMOÇÃO DOS BRAÇOS DE UM OPONENTE E UM ATAQUE DE MORTE INSTANTÂNEA, BEM COMO UM MOVIMENTO ESPECIAL DE MORTE. O LAYOUT DOS BOTÕES É PRATICAMENTE O MESMO. ELES SÃO ROTULADOS COMO "PERNA TRASEIRA", "PERNA DIANTEIRA", "BRAÇO TRASEIRO" E "BRAÇO DIANTEIRO", RESPECTIVAMENTE. UM BOTÃO NO CENTRO É USADO PARA FAZER O BLOCO DE CARACTERES. COMO SERIA DE ESPERAR, SE UM DETERMINADO MEMBRO FOR PERDIDO EM COMBATE, O BOTÃO CORRESPONDENTE TORNA-SE INÚTIL.;INCREDIBLE TECHNOLOGIES;;;false;40281;0;LUTA, LUTA / VERSUS;262;763B2469;false;;;20211ce71b78f04db0031c0c2d928e29;;0;1-2;STRATA;0,60;;wor;;;;;;;;;;;;;;;;;;;;;;;
./Bloxeed.zip;BLOXEED;false;19890101T000000;sega;false;;UM JOGO DE QUEBRA-CABEÇA. A JOGABILIDADE É BEM PARECIDA COM A DE “TETRIS”, MAS COM ALGUMAS NOVIDADES.;SEGA;;;false;40283;0;QUEBRA-CABEÇAS, QUEBRA-CABEÇAS / QUEDA;2816;35B2D7C7;false;;;0397453771d07c106522fd8067886cb5;;0;1-2;SEGA;0,40;;jp;;;;;;;;;;;;;;;;;;;;;;;
./Blstroid.zip;BLSTROID;false;19870101T000000;atari;false;;BLASTEROIDS É UMA ATUALIZAÇÃO DE SEU ANCESTRAL DE ARCADE "ASTEROIDS", EM QUE O OBJETIVO É ELIMINAR TODOS OS SETORES DE ASTEROIDES E NAVES INIMIGAS. UMA VEZ CONCLUÍDA ESSA TAREFA, O JOGADOR ENFRENTA MUKOR, O CHEFE QUE GOVERNA TODAS AS GALÁXIAS. A NAVE DO JOGADOR APARECE PELA PRIMEIRA VEZ NO CENTRO DE QUATRO BURACOS DE MINHOCA, DE ONDE VOCÊ DEVE ESCOLHER SEU DESTINO. ELA SERÁ ENTÃO TRANSPORTADA PARA UM SETOR DO SISTEMA ESTELAR ESCOLHIDO. AO CONTRÁRIO DE "ASTEROIDES", A NAVE DEVE SE REABASTECER DE COMBUSTÍVEL COLETANDO CRISTAIS DE ASTEROIDES COLORIDOS. ALGUNS SETORES NÃO OFERECEM ESSES CRISTAIS E, SE A NAVE FICAR SEM COMBUSTÍVEL, ELA SE PERDE.;ATARI;;;false;40284;0;TIRO / AVIÃO EM 3ª PESSOA, SHOOT'EM UP, TIRO;260;482CCA0B;false;;;ae74e1821a4e3acd84cfec5453266bb8;;0;1-2;ATARI;0,60;;wor;;;;;;;;;;;;;;;;;;;;;;;
./Bluehawk.zip;BLUEHAWK;false;19930101T000000;;false;;BLUE HAWK É UM JOGO DE TIRO COM ROLAGEM VERTICAL.;DOOYONG;;;false;40286;0;SHOOT'EM UP / VERTICAL, SHOOT'EM UP;260;D1AF02B7;false;;;5ef25bab4f03743db05c051606d74058;;0;1-2;DOOYONG;0,40;;wor;Right;;;;;;;;;;;;;;;;;;;;;;
./Blueprnt.zip;BLUE PRINT (MIDWAY);false;1982/01/01;;false;;;;;;false;;0;;0;;false;;;;;0;;[ZILEC ELECTRONICS] BALLY MIDWAY;;;;;;;;;;;;;;;;;;;;;;;;;;
./Blue's Journey.zip;BLUE'S JOURNEY;false;;;false;;;;;;false;;0;;0;;false;;;;;0;;;;;;;;;;;;;;;;;;;;;;;;;;;;
./Bmaster.zip;BMASTER;false;19910101T000000;irem;false;;BLADE MASTER É UM JOGO ARCADE DE SCROLLING HACK AND SLASH LANÇADO PELA IREM EM 1991. DOIS HERÓIS SELECIONÁVEIS, ROY E ARNOLD, TENTAM SALVAR SUAS TERRAS DE HORDAS DE MONSTROS. EXISTEM ITENS PARA QUEBRAR E POWER-UPS PARA COLETAR, TÍPICOS DO GÊNERO NA DÉCADA DE 1990.;IREM;;;false;40299;0;BRIGA DE RUA;263;61F8254E;false;;;e916d89aa62c63f8522fb154fd1e5826;;0;1-2;IREM;0,40;;wor;;;;;;;;;;;;;;;;;;;;;;;
./Bnj.zip;BUMP 'N' JUMP;false;1982/01/01;;false;;CLONE OF : BRUBBER (BUMP 'N' JUMP);;;;false;;0;;0;;false;;;;;0;;DATA EAST USA;;;;;;; Clone Of : brubber -> Bump 'n' Jump;;;;;;;;;;;;;;;;;;;
./Bnzabros.zip;BNZABROS;false;19900101T000000;sega;false;;MOBO E ROBO BONANZA ESTÃO ASSISTINDO SEU PROGRAMA DE TV FAVORITO QUANDO A IMAGEM COMEÇA A ESTALAR E A SOMBRA DE UM ESTRANHO MISTERIOSO APARECE NA TELA. ESTE PERSONAGEM PEDE QUE ELES COLETEM CERTOS OBJETOS QUE ELE COLOCOU DENTRO DE VÁRIOS EDIFÍCIOS PARA TESTAR SUA SEGURANÇA. SE ELES DEVOLVEREM OS OBJETOS COM SUCESSO, MOBO E ROBO SÃO RECOMPENSADOS. AMBOS DECLARAM QUE FARÃO O TRABALHO EM APENAS TRÊS MINUTOS. NO ENTANTO, POUCO ELES SABEM QUE CADA PRÉDIO ESTÁ CHEIO DE GUARDAS DE SEGURANÇA QUE SOARÃO O ALARME SE FOREM PEGOS.  PORTANTO, É NECESSÁRIO COLETAR TODOS OS TESOUROS ANTES DE DEIXAR OS PRÉDIOS E ATIRAR NOS SEGURANÇAS QUE SE INTROMETEM EM SEU CAMINHO. NÃO SE ESQUEÇA QUE VOCÊ TEM UM LIMITE DE TEMPO. UM MAPA DO JOGO O AJUDARÁ A LOCALIZAR OS TESOUROS.;SEGA;;;false;40320;0;PLATAFORMA / TIRO COM ROLAGEM, PLATAFORMA, TIRO;257;29B6E476;false;;;af73b1c12d04bfad9cd3c804ffbf2859;;0;1-2;SEGA;0,60;;us;;;;;;;;;;;;;;;;;;;;;;;
./Boblbobl.zip;BOBBLE BOBBLE (BOOTLEG OF BUBBLE BOBBLE);false;1986/01/01;;false;;CLONE OF : BUBLBOBL (BOBBLE BOBBLE (BOOTLEG OF BUBBLE BOBBLE));;;;false;;0;;0;;false;;;;;0;;BOOTLEG;;;;;;; Clone Of : bublbobl -> Bobble Bobble (bootleg of Bubble Bobble);;;;;;;;;;;;;;;;;;;
./Bodyslam.zip;BODYSLAM;false;19860101T000000;sega;false;;BODY SLAM, CHAMADO DUMP MATSUMOTO NO JAPÃO, É UM JOGO DE LUTA LIVRE DE ARCADE DE 1986 DA SEGA. VOCÊ ESCOLHE UMA DAS DUAS EQUIPES DE LUTA LIVRE, "FRESH GALS" E "THE EVIL ALLIANCE", E LUTA COM CADA UM DE SEUS MEMBROS, REVEZANDO-SE.;SEGA;;;false;40321;0;ESPORTE, ESPORTE / LUTA LIVRE;1536;81AA1CBE;false;;;fdd3f9ee9a21ae2b3aa76326068daed4;;0;1-2;SEGA;0,40;;wor;;;;;;;;;;;;;;;;;;;;;;;
./Bogeyman.zip;BOGEYMAN;false;19850101T000000;technos;false;;VOCÊ JOGA COMO UM JOVEM CAÇADOR DE FANTASMAS QUE CORRE POR UMA CASA MAL-ASSOMBRADA. SEU OBJETIVO É DESTRUIR COM SUA ESPADA TODAS AS BOLAS DE CRISTAL QUE ESTÃO NA CASA, VOCÊ DEVE PERCORRER TODOS OS ANDARES E PASSAR PELAS PORTAS GUIADO PELO MAPA NO TOPO DA TELA EM UM TEMPO LIMITE SEM SER PEGO PELOS FANTASMAS, FRANKENSTEIN, BRUXAS E OUTRAS CRIATURAS ASSUSTADORAS. COM A AJUDA DE SUA LUVA MÁGICA VOCÊ PODE CONGELAR FANTASMAS POR UM CURTO PERÍODO DE TEMPO PARA DEPOIS ACERTÁ-LOS COM A ESPADA. DEPOIS DE DESTRUIR TODAS AS BOLAS DE CRISTAL, A CASA MAL-ASSOMBRADA COMEÇA A DESMORONAR E VOCÊ DEVE CORRER PARA SALVAR SUA VIDA EM DIREÇÃO À SAÍDA PARA VENCER A FASE. VOCÊ PODE SE TRANSFORMAR EM UM SUPER-HERÓI, ENTRANDO PELA PORTA PISCANTE PARA PEGAR ITENS ESPECIAIS.;TECHNOS JAPAN;;;false;40322;0;PLATAFORMA, LUTA;257;A7EA3070;false;;;7c53fb55d4f526ca01afe1c5127c8137;;0;1-2;TECMO;0,60;;wor;;;;;;;;;;;;;;;;;;;;;;;
./Bomberman - Panic Bomber.zip;BOMBERMAN - PANIC BOMBER;false;;;false;;;;;;false;;0;;0;;false;;;;;0;;;;;;;;;;;;;;;;;;;;;;;;;;;;
./Bombjack.zip;BOMB JACK (SET 1);false;1984/01/01;;false;;;;;;false;;0;;0;;false;;;;;0;;TEHKAN;;;;;;;;;;;;;;;;;;;;;;;;;;
./Bonzeadv.zip;BONZEADV;false;19880101T000000;taito;false;;O JOGADOR CONTROLA UM MONGE BUDISTA, BONZE KACKREMBOH. SUAS ARMAS SÃO CONTAS DE ORAÇÃO BUDISTAS, CHAMADAS CONTAS "MALA", QUE PODEM SER AUMENTADAS ATÉ FICAREM QUASE TÃO GRANDES QUANTO O JOGADOR. O MONGE LUTA CONTRA COBRAS, OLHOS GIGANTES, FANTASMAS E OUTRAS CRIATURAS INIMIGAS.;TAITO;;;false;40332;0;PLATAFORMA, PLATAFORMA / TIRO COM ROLAGEM;257;70157D43;false;;;45f66b58acafcdd6260e2716418bf93d;;0;1-2;TAITO;0,40;;wor;;;;;;;;;;;;;;;;;;;;;;;
./Boogwing.zip;BOOGWING;false;19920101T000000;dataeast;false;;UM JOGO DE TIRO SOBERBAMENTE JOGÁVEL, BEM-HUMORADO E TOTALMENTE ÚNICO DO ESTÁBULO DATE EAST. O JOGADOR COMEÇA CADA VIDA NO CONTROLE DE UM BIPLANO COM UM ENORME GANCHO DE METAL PRESO NA PARTE TRASEIRA. ESTE GANCHO PODE SER USADO PARA PEGAR INIMIGOS, OBJETOS, BOMBAS E VEÍCULOS QUE PODEM ENTÃO SER LANÇADOS CONTRA OUTROS INIMIGOS E CONTRA QUAISQUER PAREDES E PORTAS QUE POSSAM ESTAR BLOQUEANDO A ROTA DO JOGADOR. SE O BIPLANO RECEBER DOIS GOLPES DAS FORÇAS INIMIGAS, ELE EXPLODIRÁ E O JOGADOR SERÁ FORÇADO A CONTINUAR A PÉ. AS SEÇÕES A PÉ JOGAM DE MANEIRA VAGAMENTE SEMELHANTE À LENDÁRIA SÉRIE "METAL SLUG" DA SNK, MAS ENQUANTO ESTIVER A PÉ, O JOGADOR NÃO TEM PROTEÇÃO CONTRA ATAQUES INIMIGOS E É MUITO VULNERÁVEL A ATAQUES. COMO TAL, UM VEÍCULO SUBSTITUTO (QUE APARECE NA FORMA DE TANQUES, MOTOS, ROBÔS GIGANTES, ELEFANTES, ETC.) DEVE SER ENCONTRADO RAPIDAMENTE. BOOGIE WINGS APRESENTA CENÁRIOS ALTAMENTE DETALHADOS E COMPLETAMENTE DESTRUTÍVEIS, COM UMA INFINIDADE DE ANIMAÇÕES DE FUNDO QUE FAZEM O JOGO PARECER "VIVO" E DÃO-LHE MUITO DO SEU CARÁCTER DISTINTO. AS CONFIGURAÇÕES DO JOGO SÃO TÃO ORIGINAIS QUANTO A JOGABILIDADE, COM MUSEUS, FEIRAS, O INTERIOR DE ARRANHA-CÉUS, ETC., TODOS APARECENDO. A TRILHA SONORA DE BOOGIE WINGS TAMBÉM É EXCLUSIVA DO GÊNERO, COM UMA MISTURA DE MÚSICAS CONHECIDAS DE JAZZ E BLUES ACOMPANHANDO A AÇÃO FRENÉTICA NA TELA.;DATA EAST;;;false;40333;0;TIRO, TIRO / HORIZONTAL, SHOOT'EM UP / HORIZONTAL, SHOOT'EM UP;260;4A8E1900;false;;;30cdf6a53171fb01d63ca4ca9a13f44d;;0;1-2;DATA EAST;0,80;;eu;;;;;;;;;;;;;;;;;;;;;;;
./Bootcamp.zip;BOOTCAMP;false;;konami;false;;COMBAT SCHOOL É UM JOGO DO TIPO TRACK & FIELD, MAS COM UMA REVIRAVOLTA MILITAR.  JOGAS COMO NICK, UM SOLDADO MOTIVADO (E JOE NO MODO 2 JOGADORES) EM BUSCA DE UMA PROMOÇÃO. POR CONSEGUINTE, ESTÁ INSCRITO NO EXÉRCITO, O QUE LHE IMPÕE TESTES MAIS OU MENOS DIFÍCEIS E VARIADOS. ALGUNS SÃO PENALIZANTES E O SUCESSO É OBRIGATÓRIO, OUTROS SERÃO COMPENSADOS POR UM TESTE DE TRACÇÃO EXTRA PARA COMPENSAR A DERROTA, ALGUNS COMO O BRAÇO DE FERRO NÃO IMPÕEM QUALQUER PENALIZAÇÃO. ENTRE ESTES EVENTOS ENCONTRARÁ SALTOS, TIROTEIOS, BRAÇO DE FERRO, LUTA CONTRA O INSTRUTOR, PULL-UPS E UMA SEQUÊNCIA DE PANCADAS EM TODOS ELES. O JOGO É DIFÍCIL, MAS A EXECUÇÃO É BASTANTE ARRUMADA.;KONAMI;;;false;40620;0;ESPORTE / POLIESPORTIVO, ESPORTE;1536;09FA1D25;false;;;b301e54e81a4de47ca6492e30b57a22e;;0;1-2;KONAMI;0,40;;wor;;;;;;;;;;;;;;;;;;;;;;;
./Boothill (2).zip;BOOTHILL (2);false;;;false;;;;;;false;;0;;0;;false;;;;;0;;;;;;;;;;./media/image/Boothill (2)-bezel.png;;./media/image/Boothill (2)-boxart.png;;;./media/fanart/Boothill (2)-fanart.jpg;;;;;./media/image/Boothill (2)-marquee.png;;./media/image/Boothill (2)-wheelround.png;./media/screenshots/Boothill (2)-screenshot.png;./media/image/Boothill (2)-titleshot.png;./media/image/Boothill (2)-boxart.png;./media/videos/Boothill (2)-video.mp4;./media/image/Boothill (2)-marquee.png;./media/image/Boothill (2)-wheelround.png
./Boothill.zip;BOOTHILL;false;19770101T000000;midway;false;;UM CLÁSSICO JOGO DE TIROTEIO OCIDENTAL PARA 1 OU 2 JOGADORES, COM UMA TELA MONOCROMÁTICA SOBREPOSTA POR ESPELHO EM UM FUNDO DE PLÁSTICO RETROILUMINADO. CADA JOGADOR USA UM PEQUENO JOYSTICK PARA MOVER O SEU COWBOY PARA CIMA E PARA BAIXO NA ÁREA DE JOGO, ENQUANTO UM SEGUNDO JOYSTICK, MUITO MAIOR, É USADO PARA APONTAR A PISTOLA E DISPARAR - ESTE STICK MAIOR TAMBÉM TEM UM BOTÃO DE GATILHO. O ÚNICO OBJETIVO DO JOGO É SIMPLESMENTE ATIRAR NO OUTRO JOGADOR, QUE ESTÁ SITUADO NO LADO OPOSTO DA ÁREA DE JOGO. VAGÕES E CACTOS OCUPAM O MEIO DA ÁREA DE JOGO, FORNECENDO COBERTURA TEMPORÁRIA CONTRA OS TIROS DO OPONENTE (ENQUANTO, É CLARO, FORNECEM AO OPONENTE COBERTURA CONTRA OS TIROS DO JOGADOR). ESSES OBSTÁCULOS SE DESINTEGRAM LENTAMENTE À MEDIDA QUE SÃO ATINGIDOS, MUITO PARECIDO COM OS ESCUDOS DE "SPACE INVADERS" DE TAITO. BOOT HILL É BASEADO EM TEMPO E NÃO EM VIDA, COM O PADRÃO DE FÁBRICA DEFINIDO EM NOVENTA SEGUNDOS. ISTO É, OBVIAMENTE, AJUSTÁVEL PELO OPERADOR ATRAVÉS DAS CONFIGURAÇÕES DE MERGULHO. O OPONENTE DO COMPUTADOR É BASTANTE FÁCIL DE VENCER COM UM POUCO DE PRÁTICA, MAS UM OPONENTE HUMANO OFERECE UM DESAFIO MUITO MAIS FORTE.;MIDWAY;;;false;40338;0;TIRO, LUTA / VERSUS, LUTA;262;31547ADF;false;;;7d6617fcb4177ecc3b523a378bea0e54;;0;1-2;DAVE NUTTING ASSOCIATES;0,40;;wor;;;;;;;;;;;;;;;;;;;;;;;
./Bosco.zip;BOSCO;false;19810101T000000;namco;false;;BOSCONIAN É UM JOGO DE TIRO ESPACIAL MULTIDIRECIONAL, ONDE O JOGADOR DEVE DESTRUIR VÁRIAS BASES INIMIGAS EM CADA RODADA ENQUANTO EVITA NAVIOS INIMIGOS, ASTEROIDES E MINAS. AS BASES INIMIGAS SÃO DESTRUÍDAS COM UM TIRO NO CENTRO OU DISPARANDO TODOS OS SEIS CANHÕES DA BASE. O NAVIO DO JOGADOR ESTÁ SEMPRE POSICIONADO NO CENTRO DA TELA, COM TODO O RESTO ROLANDO AO REDOR ENQUANTO O JOGADOR VOA. UM MAPA DE RADAR À DIREITA MOSTRA A POSIÇÃO DO JOGADOR, BASES INIMIGAS E GRUPOS OCASIONAIS DE ATAQUES DE FORMAÇÃO.;NAMCO;;;false;40341;0;TIRO;256;953C5DA0;false;;;d9795aa47038fe2da9a4c8efea796843;;0;1-2;NAMCO;0,40;;wor;;;;;;;;;;;;;;;;;;;;;;;
./Bosconm.zip;BOSCONM;false;;;false;;;;;;false;;0;;0;;false;;;;;0;;;;;;;;;;;;;;;;;;;;;;;;;;;;
./Bottom9.zip;BOTTOM9;false;19890101T000000;konami;false;;1 OU 2 JOGADORES ESCOLHEM UM CAMPO DE BEISEBOL EM CIDADES COMO NOVA YORK, CHICAGO, LOS ANGELES, ATLANTA OU BOSTON E COMPETEM CONTRA O COMPUTADOR OU ENTRE SI. UMA GRANDE VARIEDADE DE ARREMESSOS PODE SER LANÇADA E OS REBATEDORES PODEM MUDAR SUA POSIÇÃO E ÂNGULO DE GIRO.;KONAMI;;;false;40345;0;ESPORTE, ESPORTE / BASEBALL;1538;26ED5FF0;false;;;0c333b1c98a118c1cd37c7ab3286b2e7;;0;1-2;KONAMI;0,40;;wor;;;;;;;;;;;;;;;;;;;;;;;
./Bouldash.zip;BOULDASH;false;19900101T000000;dataeast;false;;BOULDER DASH É UMA VERSÃO ATUALIZADA DO CLÁSSICO JOGO DE PEDRAS E JOIAS. A MESMA JOGABILIDADE SE APLICA, COLETA JOIAS ENQUANTO EMPURRA PEDRAS E EVITA INIMIGOS.;FIRST STAR SOFTWARE;;;false;150946;0;AÇÃO / LABIRINTO, QUEBRA-CABEÇAS, AÇÃO;258;6B3AB684;false;;;4b52088b2b4c175c15a2b4f015b5dca9;;0;1;DATA EAST;0,60;;wor;;;;;;;;;;;;;;;;;;;;;;;
./Breaker's (2).zip;BREAKER'S (2);false;;;false;;;;;;false;;0;;0;;false;;;;;0;;;;;;;;;;;;;;;;;;;;;;;;;;;;
./Breaker's.zip;BREAKER'S;false;19960101T000000;snk;false;;EM BREAKERS, ESCOLHA UM DOS OITO LUTADORES QUE TEM SEUS PRÓPRIOS MOVIMENTOS E ATAQUES ESPECIAIS. EXISTEM OITO ETAPAS NO JOGO E CADA ETAPA TEM DOIS ROUNDS. O OBJETIVO DE CADA ROUND É DRENAR A ENERGIA DO SEU OPONENTE PARA VENCER O ROUND. SE HOUVER EMPATE, UM TERCEIRO ROUND ACONTECE. SE O LIMITE DE TEMPO EXPIRAR, O JOGADOR COM MENOS ENERGIA PERDE O ROUND. DEPOIS DE COMPLETAR TODOS OS OITO ESTÁGIOS, VOCÊ ENFRENTARÁ UM ADVERSÁRIO MUITO MAIS DIFÍCIL DO QUE OS ANTERIORES. DIFERENTES FINAIS E DIÁLOGOS NO JOGO SÃO VISUALIZADOS DEPENDENDO DO PERSONAGEM QUE VOCÊ SELECIONAR.;VISCO;;;false;13877;0;LUTA, LUTA / VERSUS;262;514ECF8B;false;en;;e47cc0e8bfd301313b741e561ad9d2cd;Multijogador competitivo;0;1-2;SNK;0,60;;wor;;;;;./media/image/Breaker's-bezel.png;./media/image/Breaker's-boxback.png;./media/image/Breaker's-boxart.png;./media/image/Breaker's-cartridge.png;;./media/fanart/Breaker's-fanart.jpg;;;./media/manuals/Breaker's-manual.pdf;;./media/image/Breaker's-marquee.png;;./media/image/Breaker's-wheelround.png;./media/screenshots/Breaker's-screenshot.png;./media/image/Breaker's-titleshot.png;./media/image/Breaker's-boxart.png;./media/videos/Breaker's-video.mp4;./media/image/Breaker's-marquee.png;./media/image/Breaker's-wheelround.png
./Brkthru.zip;BRKTHRU;false;19860101T000000;dataeast;false;;ESTE É UM SHOOT'EM UP DE ROLAGEM HORIZONTAL EM QUE O JOGADOR DIRIGE UM CARRO BLINDADO, EQUIPADO COM UMA ARMA FRONTAL E CAPACIDADE DE SUPER SALTO. O OBJETIVO DO JOGO É LUTAR EM CINCO ZONAS CONTROLADAS PELO INIMIGO PARA RECUPERAR UM AVIÃO DE COMBATE ULTRASSECRETO ROUBADO, O PK430. OS NÍVEIS DO JOGO ROLAM FORÇADAMENTE DA DIREITA PARA A ESQUERDA, EMBORA A VELOCIDADE DO VEÍCULO - E A TAXA DE ROLAGEM - POSSAM SER DESACELERADAS E ACELERADAS ATÉ CERTO PONTO. ALÉM DE UMA ARMA DE TIRO PARA A FRENTE, O CARRO PODE SALTAR GRANDES DISTÂNCIAS. ISTO É NECESSÁRIO PARA EVITAR OBSTÁCULOS DE FUNDO, COMO QUEDAS DE PEDRAS E PONTES QUEBRADAS. TAMBÉM PODE SER USADO PARA EVITAR A ENTRADA DE FOGO E VEÍCULOS INIMIGOS. AS MINAS TERRESTRES TAMBÉM SUJAM OS NÍVEIS E PRECISAM SER ELIMINADAS OU EVITADAS.;DATA EAST;;;false;40369;0;TIRO, TIRO / CARRO, HORIZONTAL;1028;98C506A3;false;;;88e83645a0935da84c9d9baf4a0e76be;;0;1-2;DATA EAST;0,60;;us;;;;;;;;;;;;;;;;;;;;;;;
./Brkthrub.zip;BRKTHRUB;false;;;false;;;;;;false;;0;;0;;false;;;;;0;;;;;;;;;;;;;;;;;;;;;;;;;;;;
./Brubber.zip;BURNIN' RUBBER;false;1982/01/01;;false;;;;;;false;;0;;0;;false;;;;;0;;DATA EAST;;;;;;;;;;;;;;;;;;;;;;;;;;
./Brutforc.zip;BRUTFORC;false;;;false;;;;;;false;;0;;0;F63F0697;false;;;8715ad77fcb0f5e889af29b3867cc7b5;;0;;;;;;;;;;;;;;;;;;;;;;;;;;;;
./Bsktball.zip;BSKTBALL;false;19790101T000000;atari;false;;O BASQUETE DE 1979 DA ATARI PERMITIU AO JOGADOR COMPETIR CONTRA OUTRO SER HUMANO OU O COMPUTADOR.  VISOR PRETO E BRANCO!  ÀS VEZES CHAMADO DE "ATARI BASKETBALL", EMBORA A MARQUISE E O MANUAL DIGAM APENAS "BASQUETE".;ATARI;;;false;40376;0;ESPORTE, ESPORTE / BASQUETE;1538;98AAFE01;false;;;9015edda77fdc35d3e350e70309eddbc;;0;1-2;ATARI;0,40;;wor;;;;;./media/image/Bsktball-bezel.png;;;;./media/image/Bsktball-bezel.png;;;;;;;;;;;;;;
./Bssoccer.zip;BSSOCCER;false;19960101T000000;;false;;NO BACK STREET SOCCER, PARTICIPAMOS DE UM TORNEIO DE FUTEBOL DE RUA DE 5 CONTRA 5, NO QUAL PODEMOS ESCOLHER NOSSO TIME ENTRE 14 EQUIPES NACIONAIS. PARA VENCER O TORNEIO, TEMOS DE GANHAR OITO PARTIDAS CONTRA ADVERSÁRIOS ALEATÓRIOS DAS EQUIPES RESTANTES. CADA PARTIDA TEM UMA DURAÇÃO DE 100 SEGUNDOS, QUE AUMENTA EM 10 SEGUNDOS SE CONSEGUIRMOS MARCAR DOIS GOLS. ALÉM DISSO, SE ESTIVERMOS EMPATADOS, IREMOS PARA UMA PRORROGAÇÃO DE 30 SEGUNDOS E, SE AINDA ESTIVERMOS EMPATADOS, PERDEREMOS UM CRÉDITO, POIS NÃO HÁ COBRANÇAS DE PÊNALTIS.;SUNA;;;false;40378;0;ESPORTE, ESPORTE / FUTEBOL;1538;14651276;false;;;fec09e08c838d4580f7f30127a5f60e4;;0;1-4;SUNA;0,40;;wor;;;;;./media/image/Bssoccer-bezel.png;;;;./media/image/Bssoccer-bezel.png;;;;;;;;;;;;;;
./Btime.zip;BURGER TIME (DATA EAST SET 1);false;1982/01/01;;false;;;;;;false;;0;;0;;false;;;;;0;;DATA EAST CORPORATION;;;;;;;;;;;;;;;;;;;;;;;;;;
./Btimea.zip;BTIMEA;false;;;false;;;;;;false;;0;;0;;false;;;;;0;;;;;;;;;;;;;;;;;;;;;;;;;;;;
./Btoads.zip;BATTLETOADS;false;1994/01/01;;false;;;;;;false;;0;;0;;false;;;;;0;;RARE / ELECTRONIC ARTS;;;;;;;;;;;;;;;;;;;;;;;;;;
./Bubbles.zip;BUBBLES;false;1982/01/01;;false;;;;;;false;;0;;0;;false;;;;;0;;WILLIAMS;;;;;;;;;;;;;;;;;;;;;;;;;;
./Bubblesr.zip;BUBBLES (SOLID RED LABEL);false;1982/01/01;;false;;CLONE OF : BUBBLES (BUBBLES (SOLID RED LABEL));;;;false;;0;;0;;false;;;;;0;;WILLIAMS;;;;;;; Clone Of : bubbles -> Bubbles (Solid Red label);;;;;;;;;;;;;;;;;;;
./Bublbobl (2).zip;BUBLBOBL (2);false;;;false;;;;;;false;;0;;0;;false;;;;;0;;;;;;;;;;;;;;./media/extras/Bublbobl (2)-extra1.png;;;;;;;;;;;;;;
./Bublbobl.zip;BUBBLE BOBBLE (JAPAN, VER 0.1);false;1986/01/01;;false;;;;;;false;;0;;0;;false;;;;;0;;TAITO CORPORATION;;;;;;;;;;;;;;;;;;;;;;;;;;
./Bubsymph.zip;BUBSYMPH;false;;;false;;;;;;false;;0;;0;;false;;;;;0;;;;;;;;;;;;;;;;;;;;;;;;;;;;
./Buckrog.zip;BUCK ROGERS PLANET OF ZOOM;false;1982/01/01;;false;;;;;;false;;0;;0;;false;;;;;0;;SEGA;;;;;;;;;;;;;;;;;;;;;;;;;;
./Bucky.zip;BUCKY O'HARE (VER EAB);false;1992/01/01;;false;;;;;;false;;0;;0;;false;;;;;0;;KONAMI;;;;;;;;;;;;;;;;;;;;;;;;;;
./Burnforc.zip;BURNING FORCE (JAPAN, NEW VERSION (REV C));false;1989/01/01;;false;;;;;;false;;0;;0;;false;;;;;0;;NAMCO;;;;;;;;;;;;;;;;;;;;;;;;;;
./Burning Fight.zip;BURNING FIGHT;false;;;false;;;;;;false;;0;;0;;false;;;;;0;;;;;;;;;;;;;;;;;;;;;;;;;;;;
./Bwidow.zip;BWIDOW;false;19820101T000000;atari;false;;EM BLACK WIDOW VOCÊ DEVE SE MOVER POR UMA TEIA USANDO DOIS JOYSTICKS PARA CONTROLAR A AÇÃO. O JOYSTICK ESQUERDO SE MOVE, ENQUANTO O JOYSTICK DIREITO DISPARA. OS JOGADORES DE "ROBOTRON - 2084" SE SENTIRÃO EM CASA JOGANDO ESTE JOGO, POIS OS CONTROLES SÃO IDÊNTICOS. VOCÊ TEM QUE DEFENDER SUA PEQUENA ARANHA VETORIAL EM TORNO DE SUA TEIA VETORIAL PARA IMPEDIR A ENTRADA DE TODOS OS INSETOS MORTAIS. ABATER INSETOS E ELES SE TRANSFORMARÃO EM BÔNUS. CUIDADO COM OS OVOS, SE VOCÊ VIR ALGUM OVO, EMPURRE-O RAPIDAMENTE PARA FORA DA TEIA ANTES QUE ECLODAM. OUTROS INIMIGOS INCLUEM MOSQUITOS, BESOUROS E VESPAS.;ATARI;;;false;46387;0;SHOOT'EM UP;260;D276B76F;false;;;45ede1371ab13a8bbe8a375fb16f8220;;0;1;ATARI;0,60;;wor;;;;;./media/image/Bwidow-bezel.png;;;;./media/image/Bwidow-bezel.png;;;;;;;;;;;;;;
./Bzone.zip;BATTLE ZONE (REV 2);false;1980/01/01;;false;;;;;;false;;0;;0;;false;;;;;0;;ATARI;;;;;;;;;;;;;;;;;;;;;;;;;;
./Bzone2.zip;BZONE2;false;;;false;;;;;;false;;0;;0;;false;;;;;0;;;;;;;;;;;;;;;;;;;;;;;;;;;;
./Cabal.zip;CABAL (WORLD, JOYSTICK);false;1988/01/01;;false;;;;;;false;;0;;0;;false;;;;;0;;TAD CORPORATION;;;;;;;;;;;;;;;;;;;;;;;;;;
./Cadillacs And Dinosaurs.zip;CADILLACS AND DINOSAURS;false;;;false;;;;;;false;;0;;0;;false;;;;;0;;;;;;;;;;;;;;;;;;;;;;;;;;;;
./Cairblad.zip;CAIRBLAD;false;19990101T000000;sammy;false;;CHANGE AIR BLADE É UM JOGO DE TIRO COM ROLAGEM VERTICAL 2D, BASEADO NA IDEIA DE "BOSS RUSH". O JOGADOR PODE SELECIONAR UM ENTRE OITO NAVIOS DIFERENTES (CADA NAVIO TEM SUA PRÓPRIA FORMA ESPECIAL) E LUTAR CONTRA OUTROS NAVIOS. BASICAMENTE, CADA INIMIGO NORMAL É UM CHEFE, COM UMA BARRA DE VIDA LONGA E CONTA COM O APOIO DE LACAIOS MENORES. O JOGADOR TEM A ARMA PRINCIPAL E DIVERSAS BOMBAS PARA USAR, E DEVE VENCER UM DUELO AÉREO COM O CHEFE PARA PROGREDIR.;AISYSTEM TOKYO;;;false;40430;0;SHOOT'EM UP / VERTICAL, SHOOT'EM UP;260;6CA3F646;false;;;5604f6c3d4c81b6fb30dba2cbfc3d58b;;0;1-2;SAMMY CORPORATION;0,60;;jp;Right;;;;./media/image/Cairblad-bezel.png;;;;./media/image/Cairblad-bezel.png;;;;;;;;;;;;;;
./Calspeed.zip;CALSPEED;false;;;false;;;;;;false;;0;;0;;false;;;;;0;;;;;;;;;;;;;;;;;;;;;;;;;;;;
./Canyon.zip;CANYON BOMBER;false;1977/01/01;;false;;;;;;false;;0;;0;;false;;;;;0;;ATARI;;;;;;;;;;;;;;;;;;;;;;;;;;
./Capbowl.zip;CAPCOM BOWLING (SET 1);false;1988/01/01;;false;;;;;;false;;0;;0;;false;;;;;0;;INCREDIBLE TECHNOLOGIES / CAPCOM;;;;;;;;;;;;;;;;;;;;;;;;;;
./Capcom Sports Club.zip;CAPCOM SPORTS CLUB;false;;;false;;;;;;false;;0;;0;;false;;;;;0;;;;;;;;;;;;;;;;;;;;;;;;;;;;
./Capcom World 2 - Adventure Quiz.zip;CAPCOM WORLD 2 - ADVENTURE QUIZ;false;;;false;;;;;;false;;0;;0;;false;;;;;0;;;;;;;;;;;;;;;;;;;;;;;;;;;;
./Capsnka.zip;CAPSNKA;false;;;false;;;;;;false;;0;;0;;false;;;;;0;;;;;;;;;;;;;;;;;;;;;;;;;;;;
./Captain Commando.zip;CAPTAIN COMMANDO;false;;;false;;;;;;false;;0;;0;;false;;;;;0;;;;;;;;;;;;;;;;;;;;;;;;;;;;
./Ccjap.zip;CCJAP;false;;;false;;;;;;false;145807;0;;0;92E634CB;false;;;59854ff9fcd125fb21e1e6b75c69b203;;0;;;;;;;;;;;;;;;;;;;;;;;./media/screenshots/Ccjap-screenshot.png;./media/image/Ccjap-titleshot.png;;;;
./Captain Tomaday.zip;CAPTAIN TOMADAY;false;;;false;;;;;;false;;0;;0;;false;;;;;0;;;;;;;;;;;;;;;;;;;;;;;;;;;;
./Captaven.zip;CAPTAIN AMERICA AND THE AVENGERS (ASIA REV 1.4);false;1991/01/01;;false;;;;;;false;;0;;0;;false;;;;;0;;DATA EAST CORPORATION;;;;;;;;;;;;;;;;;;;;;;;;;;
./Captcomm.zip;CAPTAIN COMMANDO (911202 WORLD);false;1991/01/01;;false;;;;;;false;;0;;0;;false;;;;;0;;CAPCOM;;;;;;;;;;;;;;;;;;;;;;;;;;
./Caractn.zip;CARACTN;false;;;false;;;;;;false;;0;;0;;false;;;;;0;;;;;;;;;;;;;;;;;;;;;;;;;;;;
./Charlien.zip;CHARLIEN;false;19950101T000000;mitchell;false;;UM COLORIDO JOGO DE TIRO EM PLATAFORMA PARA 1 OU 2 JOGADORES, COMPOSTO POR 5 FASES, NAS QUAIS O JOGADOR CONTROLA UM NINJA QUE DEVE PULAR E ATIRAR EM CADA UMA DAS FASES DO JOGO, ANTES DE ENFRENTAR O ARQUÉTIPO DO 'CHEFE' DE FINAL DE NÍVEL. OS BÔNUS PODEM SER COLETADOS PARA AUMENTAR O PODER DE FOGO, E OS BARRIS PODEM SER QUEBRADOS PARA REVELAR OS BÔNUS OU APANHADOS E JOGADOS NOS INIMIGOS. ALÉM DISSO, O NINJA PODE REALIZAR SALTO EM ALTURA PRESSIONANDO O BOTÃO JUMP E, EM SEGUIDA, PRESSIONANDO-O NOVAMENTE ENQUANTO O NINJA ESTÁ NO AR. ISTO É ÚTIL PARA EVITAR INIMIGOS E ESSENCIAL PARA ALCANÇAR PLATAFORMAS ALTAS.;MITCHELL;;;false;40523;0;PLATAFORMA, PLATAFORMA / TIRO COM ROLAGEM;257;D0B61267;false;;;d1ac3f34086364acc0df6ad5910b4037;;0;1-2;MITCHELL;0,60;;wor;;;;;./media/image/Charlien-bezel.png;;;;./media/image/Charlien-bezel.png;;;;;;;;;;;;;;
./Chelnovj.zip;CHELNOV - ATOMIC RUNNER (JAPAN);false;1988/01/01;;false;;CLONE OF : CHELNOV (CHELNOV - ATOMIC RUNNER (JAPAN));;;;false;;0;;0;;false;;;;;0;;DATA EAST CORPORATION;;;;;;; Clone Of : chelnov -> Chelnov - Atomic Runner (Japan);;;;;;;;;;;;;;;;;;;
./Circusc2.zip;CIRCUS CHARLIE (LEVEL SELECT, SET 2);false;1984/01/01;;false;;CLONE OF : CIRCUSC (CIRCUS CHARLIE (LEVEL SELECT, SET 2));;;;false;;0;;0;;false;;;;;0;;KONAMI;;;;;;; Clone Of : circusc -> Circus Charlie (level select, set 2);;;;;;;;;;;;;;;;;;;
./Ckongs.zip;CRAZY KONG (BOOTLEG ON SCRAMBLE HARDWARE);false;1981/01/01;;false;;CLONE OF : CKONG (CRAZY KONG (BOOTLEG ON SCRAMBLE HARDWARE));;;;false;;0;;0;;false;;;;;0;;BOOTLEG;;;;;;; Clone Of : ckong -> Crazy Kong (bootleg on Scramble hardware);;;;;;;;;;;;;;;;;;;
./Clbowl.zip;COORS LIGHT BOWLING;false;1989/01/01;;false;;CLONE OF : CAPBOWL (COORS LIGHT BOWLING);;;;false;;0;;0;;false;;;;;0;;INCREDIBLE TECHNOLOGIES / CAPCOM;;;;;;; Clone Of : capbowl -> Coors Light Bowling;;;;;;;;;;;;;;;;;;;
./Cninja.zip;CNINJA;false;19910101T000000;dataeast;false;;CAVEMAN NINJA É UM BEAT-EM-UP DE PLATAFORMA DE ROLAGEM HORIZONTAL, AMBIENTADO EM TEMPOS PRÉ-HISTÓRICOS, COM UM OU DOIS JOGADORES ASSUMINDO O PAPEL DE HOMENS DAS CAVERNAS JOE E MAC. HOMENS DAS CAVERNAS RIVAIS INVADIRAM A VILA DE JOE E MAC E SEQUESTRARAM TODAS AS SUAS MULHERES E CABE AOS DOIS HERÓIS SE AVENTURAR E SALVÁ-LOS. JOE E MAC DEVEM LUTAR POR VÁRIOS ESTÁGIOS PRÉ-HISTÓRICOS, COMBATENDO HOMENS DAS CAVERNAS E DINOSSAUROS SAQUEADORES. OS HERÓIS ESTÃO INICIALMENTE ARMADOS COM EIXOS DE ARREMESSO QUE PODEM SER LANÇADOS VERTICAL OU HORIZONTALMENTE, VIAJANDO EM UM ARCO CURTO. PRESSIONANDO O BOTÃO DE ATAQUE, ARMAS MAIORES E MAIS PODEROSAS SERÃO LANÇADAS. QUANDO PERTO DE UM INIMIGO, JOE E MAC IRÃO UTILIZAR UM TACO DE MADEIRA PARA BATER NELE. OS JOGADORES TAMBÉM PODEM PULAR MUITO MAIS ALTO, MANTENDO UP E JUMP.;DATA EAST;;;false;40607;0;PLATAFORMA, PLATAFORMA / TIRO COM ROLAGEM;257;FFB15955;false;;;7e2d3d4691f0658a9207eb52d3812576;;0;1-2;DATA EAST;0,60;;wor;;;;;./media/image/Cninja-bezel.png;;;;./media/image/Cninja-bezel.png;;;;;;;;;;;;;;
./Colony7a.zip;COLONY 7 (SET 2);false;1981/01/01;;false;;CLONE OF : COLONY7 (COLONY 7 (SET 2));;;;false;;0;;0;;false;;;;;0;;TAITO;;;;;;; Clone Of : colony7 -> Colony 7 (set 2);;;;;;;;;;;;;;;;;;;
./Commsega.zip;COMMSEGA;false;19850101T000000;sega;false;;COMMANDO É UM JOGO DE TIRO INICIAL.;SEGA;;;false;150338;0;TIRO / RUN AND GUN, TIRO, TIRO / ESTILO SPACE INVADER;260;8102E794;false;;;51689381dfdea09dc46dca9b50ef0e79;;0;1-2;SEGA;0,40;;wor;Right;;;;./media/image/Commsega-bezel.png;;;;./media/extras/Commsega-extra1.png;;;;;;./media/image/Commsega-marquee.png;;./media/image/Commsega-wheelround.png;./media/screenshots/Commsega-screenshot.png;./media/image/Commsega-titleshot.png;;./media/videos/Commsega-video.mp4;./media/image/Commsega-wheel.png;./media/image/Commsega-wheelround.png
./Cottonbm.zip;COTTONBM;false;19980101T000000;sega;false;;COTTON BOOMERANG, A SEQUÊNCIA DE COTTON 2, REUTILIZA OS MESMOS GRÁFICOS, SOM E INIMIGOS, MAS COM JOGABILIDADE RENOVADA. LONGE VÃO AS BARRAS DE VIDA E AS VIDAS EXTRAS – AGORA VOCÊ JOGA COM UMA EQUIPE DE 3 PERSONAGENS, CADA UM COM MAGIA ÚNICA E ATAQUES SECUNDÁRIOS. A EXPERIÊNCIA É ADQUIRIDA ATRAVÉS DE ITENS BÔNUS, E OS FEITIÇOS DE TELA INTEIRA SÃO SUBSTITUÍDOS POR BOMBAS INTELIGENTES ACIONADAS AO TROCAR DE PERSONAGEM. O JOGO TAMBÉM APRESENTA NOVOS MOVIMENTOS, CONTADORES, POWER-UPS E COMBOS. ENQUANTO COTTON 2 É MAIS TÁTICO, O BOOMERANG AUMENTA A VELOCIDADE E O CAOS PARA UMA AÇÃO PURA E TOTAL.;SUCCESS;;;false;37534;0;SHOOT'EM UP / HORIZONTAL, SHOOT'EM UP;260;F8ADDEEE;false;;;39e54818f4ff09c8b6505debdd385d69;;0;1-2;SUCCESS;0,60;;wor;;;;;./media/image/Cottonbm-bezel.png;;;;./media/image/Cottonbm-bezel.png;;;;;;;;;;;;;;
./Crater.zip;CRATER;false;19840101T000000;midway;false;;O JOGADOR É UM TANQUE QUE TENTA RESGATAR REFÉNS EM MUNDOS COM MUITAS CRATERAS (ONDE O JOGADOR PODE DESCER). RESGATAR TODOS OS REFÉNS, EVITANDO (OU DESTRUINDO) OUTROS TANQUES E OVNIS, AVANÇA O JOGADOR PARA O PRÓXIMO NÍVEL.;BALLY MIDWAY;;;false;40709;0;TIRO, CORRIDA, PILOTAGEM;1537;AC72C83C;false;;;6e6ea4176d5424acfd46e36450210cf0;;0;1-2;BALLY MIDWAY;0,60;;wor;;;;;./media/image/Crater-bezel.png;;;;./media/extras/Crater-extra1.png;./media/fanart/Crater-fanart.jpg;;;./media/manuals/Crater-manual.pdf;;./media/image/Crater-marquee.png;;./media/image/Crater-wheelround.png;./media/screenshots/Crater-screenshot.png;./media/image/Crater-titleshot.png;;./media/videos/Crater-video.mp4;./media/image/Crater-wheel.png;./media/image/Crater-wheelround.png
./Csilverj.zip;CAPTAIN SILVER (JAPAN REVISION 3);false;1987/01/01;;false;;CLONE OF : CSILVER (CAPTAIN SILVER (JAPAN REVISION 3));;;;false;;0;;0;;false;;;;;0;;DATA EAST CORPORATION;;;;;;; Clone Of : csilver -> Captain Silver (Japan revision 3);;;;;;;;;;;;;;;;;;;
./Cstlevna.zip;CSTLEVNA;false;;;false;;;;;;false;;0;;0;;false;;;;;0;;;;;;;;;;;;;;;;;;;;;;;;;;;;
./Ctribe.zip;THE COMBATRIBES (US, REV 2, SET 1);false;1990/01/01;;false;;;;;;false;;0;;0;;false;;;;;0;;TECHNOS JAPAN;;;;;;;;;;;;;;;;;;;;;;;;;;
./Cvs2gd.zip;CVS2GD;false;;;false;;;;;;false;;0;;0;;false;;;;;0;;;;;;;;;;;;;;;;;;;;;;;;;;;;
./Cyberbots Fullmetal Madness.zip;CYBERBOTS FULLMETAL MADNESS;false;;;false;;;;;;false;;0;;0;;false;;;;;0;;;;;;;;;;;;;;;;;;;;;;;;;;;;
./Cyber-Lip.zip;CYBER-LIP;false;;;false;;;;;;false;;0;;0;;false;;;;;0;;;;;;;;;;;;;;;;;;;;;;;;;;;;
./Czykong.zip;CZYKONG;false;;;false;;;;;;false;;0;;0;;false;;;;;0;;;;;;;;;;;;;;;;;;;;;;;;;;;;
./Dangerz.zip;DANGERZ;false;;;false;;;;;;false;;0;;0;;false;;;;;0;;;;;;;;;;;;;;;;;;;;;;;;;;;;
./Darius.zip;DARIUS (WORLD);false;1986/01/01;;false;;;;;;false;;0;;0;;false;;;;;0;;TAITO CORPORATION JAPAN;;;;;;;;;;;;;;;;;;;;;;;;;;
./Darius2.zip;DARIUS II (TRIPLE SCREEN) (JAPAN);false;1989/01/01;;false;;;;;;false;;0;;0;;false;;;;;0;;TAITO CORPORATION;;;;;;;;;;;;;;;;;;;;;;;;;;
./Dariusg.zip;DARIUS GAIDEN - SILVER HAWK (VER 2.5O 1994/09/19);false;1994/01/01;;false;;;;;;false;;0;;0;;false;;;;;0;;TAITO CORPORATION JAPAN;;;;;;;;;;;;;;;;;;;;;;;;;;
./Darkplnt.zip;DARK PLANET;false;1982/01/01;;false;;;;;;false;;0;;0;;false;;;;;0;;STERN;;;;;;;;;;;;;;;;;;;;;;;;;;
./Darkseal.zip;DARK SEAL (WORLD REVISION 3);false;1990/01/01;;false;;;;;;false;;0;;0;;false;;;;;0;;DATA EAST CORPORATION;;;;;;;;;;;;;;;;;;;;;;;;;;
./Darkstalkers The Night Warriors.zip;DARKSTALKERS THE NIGHT WARRIORS;false;;;false;;;;;;false;;0;;0;;false;;;;;0;;;;;;;;;;;;;;;;;;;;;;;;;;;;
./Dassault.zip;DESERT ASSAULT (US);false;1991/01/01;;false;;CLONE OF : THNDZONE (DESERT ASSAULT (US));;;;false;;0;;0;;false;;;;;0;;DATA EAST CORPORATION;;;;;;; Clone Of : thndzone -> Desert Assault (US);;;;;;;;;;;;;;;;;;;
./Dbreed.zip;DRAGON BREED (WORLD, M81 HARDWARE);false;1989/01/01;;false;;;;;;false;;0;;0;;false;;;;;0;;IREM;;;;;;;;;;;;;;;;;;;;;;;;;;
./Dbz.zip;DRAGONBALL Z (REV B);false;1993/01/01;;false;;;;;;false;;0;;0;;false;;;;;0;;BANPRESTO;;;;;;;;;;;;;;;;;;;;;;;;;;
./Dbz2.zip;DRAGONBALL Z 2 - SUPER BATTLE;false;1994/01/01;;false;;;;;;false;;0;;0;;false;;;;;0;;BANPRESTO;;;;;;;;;;;;;;;;;;;;;;;;;;
./Dbzvrvs.zip;DRAGON BALL Z V.R.V.S. (JAPAN, REV A);false;1994/01/01;;false;;;;;;false;;0;;0;;false;;;;;0;;SEGA / BANPRESTO;;;;;;;;;;;;;;;;;;;;;;;;;;
./Dday.zip;D-DAY;false;1982/01/01;;false;;;;;;false;;0;;0;;false;;;;;0;;OLYMPIA;;;;;;;;;;;;;;;;;;;;;;;;;;
./Ddrago3b.zip;DDRAGO3B;false;;;false;;;;;;false;;0;;0;;false;;;;;0;;;;;;;;;;;;;;;;;;;;;;;;;;;;
./Ddragon.zip;DOUBLE DRAGON (JAPAN);false;1987/01/01;;false;;;;;;false;;0;;0;;false;;;;;0;;TECHNOS;;;;;;;;;;;;;;;;;;;;;;;;;;
./Ddragon2.zip;DOUBLE DRAGON II - THE REVENGE (WORLD);false;1988/01/01;;false;;;;;;false;;0;;0;;false;;;;;0;;TECHNOS JAPAN;;;;;;;;;;;;;;;;;;;;;;;;;;
./Ddribble.zip;DOUBLE DRIBBLE;false;1986/01/01;;false;;;;;;false;;0;;0;;false;;;;;0;;KONAMI;;;;;;;;;;;;;;;;;;;;;;;;;;
./Ddsom.zip;DUNGEONS & DRAGONS - SHADOW OVER MYSTARA (960619 EURO);false;1996/01/01;;false;;;;;;false;;0;;0;;false;;;;;0;;CAPCOM;;;;;;;;;;;;;;;;;;;;;;;;;;
./Dduxbl.zip;DYNAMITE DUX (BOOTLEG);false;1989/01/01;;false;;CLONE OF : DDUX (DYNAMITE DUX (BOOTLEG));;;;false;;0;;0;;false;;;;;0;;BOOTLEG;;;;;;; Clone Of : ddux -> Dynamite Dux (bootleg);;;;;;;;;;;;;;;;;;;
./Deadconx.zip;DEAD CONNECTION (WORLD);false;1992/01/01;;false;;;;;;false;;0;;0;;false;;;;;0;;TAITO CORPORATION JAPAN;;;;;;;;;;;;;;;;;;;;;;;;;;
./Deadeye.zip;DEADEYE;false;;;false;;;;;;false;;0;;0;;false;;;;;0;;;;;;;;;;;;;;;;;;;;;;;;;;;;
./Defender (2).zip;DEFENDER (2);false;;;false;;;;;;false;;0;;0;;false;;;;;0;;;;;;;;;;./media/image/Defender (2)-bezel.png;./media/image/Defender (2)-boxback.png;./media/image/Defender (2)-boxart.png;;;./media/fanart/Defender (2)-fanart.jpg;;;./media/manuals/Defender (2)_(us).pdf;;./media/image/Defender (2)-marquee.png;;./media/image/Defender (2)-wheelround.png;./media/screenshots/Defender (2)-screenshot.png;;./media/image/Defender (2)-boxart.png;./media/videos/Defender (2)-video.mp4;./media/image/Defender (2)-marquee.png;./media/image/Defender (2)-wheelround.png
./Defender.zip;DEFENDER (RED LABEL);false;1980/01/01;;false;;;;;;false;;0;;0;;false;;;;;0;;WILLIAMS;;;;;;;;;;;;;;;;;;;;;;;;;;
./demonwld.zip;DEMON'S WORLD / HORROR STORY (SET 1);false;1990/01/01;;false;;;;;;false;;0;;0;;false;;;;;0;;TOAPLAN;;;;;;;;;;;;;;;;;;;;;;;;;;
./Depthch.zip;DEPTHCH;false;;;false;;;;;;false;;0;;0;;false;;;;;0;;;;;;;;;;;;;;;;;;;;;;;;;;;;
./Destderb.zip;DESTDERB;false;;;false;;;;;;false;;0;;0;;false;;;;;0;;;;;;;;;;;;;;;;;;;;;;;;;;;;
./Desterth.zip;DESTERTH;false;;;false;;;;;;false;;0;;0;;false;;;;;0;;;;;;;;;;;;;;;;;;;;;;;;;;;;
./Devilw.zip;DEVIL WORLD;false;1987/01/01;;false;;;;;;false;;0;;0;;false;;;;;0;;KONAMI;;;;;;;;;;;;;;;;;;;;;;;;;;
./Diamond.zip;DIAMOND RUN;false;1985/01/01;;false;;;;;;false;;0;;0;;false;;;;;0;;KH VIDEO;;;;;;;;;;;;;;;;;;;;;;;;;;
./Digdug2.zip;DIG DUG II (NEW VER.);false;1985/01/01;;false;;;;;;false;;0;;0;;false;;;;;0;;NAMCO;;;;;;;;;;;;;;;;;;;;;;;;;;
./Digdugat.zip;DIG DUG (ATARI, REV 2);false;1982/01/01;;false;;CLONE OF : DIGDUG (DIG DUG (ATARI, REV 2));;;;false;;0;;0;;false;;;;;0;;NAMCO (ATARI LICENSE);;;;;;; Clone Of : digdug -> Dig Dug (Atari, rev 2);;;;;;;;;;;;;;;;;;;
./Digdugnm.zip;DIGDUGNM;false;;;false;;;;;;false;;0;;0;;false;;;;;0;;;;;;;;;;;;;;;;;;;;;;;;;;;;
./Digger Man.zip;DIGGER MAN;false;;;false;;;;;;false;;0;;0;;false;;;;;0;;;;;;;;;;;;;;;;;;;;;;;;;;;;
./Dimahoo.Cps2.7z;DIMAHOO.CPS2;false;;;false;;;;;;false;;0;;0;;false;;;;;0;;;;;;;;;;./media/image/Dimahoo.Cps2-bezel.png;;;;./media/extras/Dimahoo.Cps2-extra1.png;./media/fanart/Dimahoo.Cps2-fanart.jpg;;;./media/manuals/Dimahoo.Cps2-manual.pdf;;;;;./media/screenshots/Dimahoo.Cps2-screenshot.png;./media/image/Dimahoo.Cps2-titleshot.png;;./media/videos/Dimahoo.Cps2-video.mp4;;
./Dimahoo.zip;DIMAHOO (000121 EURO);false;2000/01/01;;false;;;;;;false;;0;;0;;false;;;;;0;;8ING / RAIZING / CAPCOM;;;;;;;;;;;;;;;;;;;;;;;;;;
./Dinoj.zip;CADILLACS KYOURYUU-SHINSEIKI (930201 JAPAN);false;1993/01/01;;false;;CLONE OF : DINO (CADILLACS KYOURYUU-SHINSEIKI (930201 JAPAN));;;;false;;0;;0;;false;;;;;0;;CAPCOM;;;;;;; Clone Of : dino -> Cadillacs Kyouryuu-Shinseiki (930201 Japan);;;;;;;;;;;;;;;;;;;
./Dinorex.zip;DINO REX (WORLD);false;1992/01/01;;false;;;;;;false;;0;;0;;false;;;;;0;;TAITO CORPORATION JAPAN;;;;;;;;;;;;;;;;;;;;;;;;;;
./Dkjrbl.zip;DKJRBL;false;;;false;;;;;;false;;0;;0;;false;;;;;0;;;;;;;;;;;;;;;;;;;;;;;;;;;;
./Dkjrjp.zip;DKJRJP;false;;;false;;;;;;false;;0;;0;;false;;;;;0;;;;;;;;;;;;;;;;;;;;;;;;;;;;
./Dkngjrjp.zip;DKNGJRJP;false;;;false;;;;;;false;;0;;0;;false;;;;;0;;;;;;;;;;;;;;;;;;;;;;;;;;;;
./Dkong.zip;DONKEY KONG (US SET 1);false;1981/01/01;;false;;;;;;false;;0;;0;;false;;;;;0;;NINTENDO OF AMERICA;;;;;;;;;;;;;;;;;;;;;;;;;;
./Dkong3.zip;DONKEY KONG 3 (US);false;1983/01/01;;false;;;;;;false;;0;;0;;false;;;;;0;;NINTENDO OF AMERICA;;;;;;;;;;;;;;;;;;;;;;;;;;
./Dkongjp.zip;DKONGJP;false;;;false;;;;;;false;;0;;0;;false;;;;;0;;;;;;;;;;;;;;;;;;;;;;;;;;;;
./Dkongjr.zip;DONKEY KONG JUNIOR (US SET F-2);false;1982/01/01;;false;;;;;;false;;0;;0;;false;;;;;0;;NINTENDO OF AMERICA;;;;;;;;;;;;;;;;;;;;;;;;;;
./Doapp.zip;DOAPP;false;;;false;;;;;;false;;0;;0;;false;;;;;0;;;;;;;;;;;;;;;;;;;;;;;;;;;;
./Docastl2.zip;DOCASTL2;false;;;false;;;;;;false;;0;;0;;false;;;;;0;;;;;;;;;;;;;;;;;;;;;;;;;;;;
./Docastle.zip;MR. DO'S CASTLE (SET 1);false;1983/01/01;;false;;;;;;false;;0;;0;;false;;;;;0;;UNIVERSAL;;;;;;;;;;;;;;;;;;;;;;;;;;
./Dogpatch.zip;DOGPATCH;false;;;false;;;;;;false;;0;;0;;false;;;;;0;;;;;;;;;;;;;;;;;;;;;;;;;;;;
./Domino.zip;DOMINO MAN;false;1982/01/01;;false;;;;;;false;;0;;0;;false;;;;;0;;BALLY MIDWAY;;;;;;;;;;;;;;;;;;;;;;;;;;
./Dominos (2).zip;DOMINOS (2);false;;;false;;;;;;false;;0;;0;;false;;;;;0;;;;;;;;;;;;./media/image/Dominos (2)-boxart.png;;;./media/fanart/Dominos (2)-fanart.jpg;;;./media/manuals/Dominos (2)_(us).pdf;;./media/image/Dominos (2)-marquee.png;;./media/image/Dominos (2)-wheelround.png;./media/screenshots/Dominos (2)-screenshot.png;./media/image/Dominos (2)-titleshot.png;./media/image/Dominos (2)-boxart.png;./media/videos/Dominos (2)-video.mp4;./media/image/Dominos (2)-marquee.png;./media/image/Dominos (2)-wheelround.png
./Dominos.zip;DOMINOS;false;;;false;;;;;;false;;0;;0;;false;;;;;0;;;;;;;;;;;;;;;;;;;;;;;;;;;;
./Dondokod.zip;DON DOKO DON (WORLD);false;1989/01/01;;false;;;;;;false;;0;;0;;false;;;;;0;;TAITO CORPORATION JAPAN;;;;;;;;;;;;;;;;;;;;;;;;;;
./Dorunrun (2).zip;DORUNRUN (2);false;;;false;;;;;;false;;0;;0;;false;;;;;0;;;;;;;;;;./media/image/Dorunrun (2)-bezel.png;./media/image/Dorunrun (2)-boxback.png;./media/image/Dorunrun (2)-boxart.png;;;;;;;;./media/image/Dorunrun (2)-marquee.png;;./media/image/Dorunrun (2)-wheelround.png;./media/screenshots/Dorunrun (2)-screenshot.png;./media/image/Dorunrun (2)-titleshot.png;./media/image/Dorunrun (2)-boxart.png;./media/videos/Dorunrun (2)-video.mp4;./media/image/Dorunrun (2)-marquee.png;./media/image/Dorunrun (2)-wheelround.png
./Dorunrun.zip;DO! RUN RUN (SET 1);false;1984/01/01;;false;;;;;;false;;0;;0;;false;;;;;0;;UNIVERSAL;;;;;;;;;;;;;;;;;;;;;;;;;;
./Dotron.zip;DISCS OF TRON (UPRIGHT, 10/4/83);false;1983/01/01;;false;;;;;;false;;0;;0;;false;;;;;0;;BALLY MIDWAY;;;;;;;;;;;;;;;;;;;;;;;;;;
./Double Dragon.zip;DOUBLE DRAGON;false;;;false;;;;;;false;;0;;0;;false;;;;;0;;;;;;;;;;;;;;;;;;;;;;;;;;;;
./Doubledr.zip;DOUBLE DRAGON (NEO-GEO);false;1995/01/01;;false;;;;;;false;;0;;0;;false;;;;;0;;TECHNOS;;;;;;;;;;;;;;;;;;;;;;;;;;
./Douni.zip;MR. DO VS. UNICORNS;false;1983/01/01;;false;;CLONE OF : DOCASTLE (MR. DO VS. UNICORNS);;;;false;;0;;0;;false;;;;;0;;UNIVERSAL;;;;;;; Clone Of : docastle -> Mr. Do vs. Unicorns;;;;;;;;;;;;;;;;;;;
./Dowild.zip;MR. DO'S WILD RIDE;false;1984/01/01;;false;;;;;;false;;0;;0;;false;;;;;0;;UNIVERSAL;;;;;;;;;;;;;;;;;;;;;;;;;;
./Drgnbstr.zip;DRAGON BUSTER;false;1984/01/01;;false;;;;;;false;;0;;0;;false;;;;;0;;NAMCO;;;;;;;;;;;;;;;;;;;;;;;;;;
./Drgninja.zip;DRAGONNINJA (JAPAN);false;1988/01/01;;false;;CLONE OF : BADDUDES (DRAGONNINJA (JAPAN));;;;false;;0;;0;;false;;;;;0;;DATA EAST CORPORATION;;;;;;; Clone Of : baddudes -> Dragonninja (Japan);;;;;;;;;;;;;;;;;;;
./Drmario.zip;DRMARIO;false;;;false;;;;;;false;;0;;0;;false;;;;;0;;;;;;;;;;;;;;;;;;;;;;;;;;;;
./Dsoccr94.zip;DREAM SOCCER '94 (WORLD, M107 HARDWARE);false;1994/01/01;;false;;;;;;false;;0;;0;;false;;;;;0;;IREM (DATA EAST CORPORATION LICENSE);;;;;;;;;;;;;;;;;;;;;;;;;;
./Dstlk.zip;DARKSTALKERS - THE NIGHT WARRIORS (940705 EURO);false;1994/01/01;;false;;;;;;false;;0;;0;;false;;;;;0;;CAPCOM;;;;;;;;;;;;;;;;;;;;;;;;;;
./Dstorm.zip;DSTORM;false;;;false;;;;;;false;;0;;0;;false;;;;;0;;;;;;;;;;;;;;;;;;;;;;;;;;;;
./Duckhunt.zip;DUCKHUNT;false;19850101T000000;nintendo;false;;A VERSÃO ARCADE DE DUCK HUNT TEM MUITAS DIFERENÇAS EM COMPARAÇÃO COM A VERSÃO NES. POSSUI MAIS ANIMAÇÕES, UMA PALETA LIGEIRAMENTE DIFERENTE E ZERO MODOS DE JOGO. EM VEZ DISSO, O JOGO COMEÇA COM O JOGO DE CAÇA AO PATO (COM VÁRIOS PATOS, ASSIM COMO O JOGO B NA VERSÃO NES), O SEGUNDO ESTÁGIO É O JOGO DE TIRO AO POMBO DE BARRO (O CACHORRO APARECE SE VOCÊ ERRAR), SEGUE-SE UM ESTÁGIO DE BÔNUS ONDE VOCÊ PODE ATIRAR EM MUITOS PATOS PARA GANHAR PONTOS DE BÔNUS (COMO UM BÔNUS AINDA MAIOR, VOCÊ PODE ATIRAR NO CACHORRO PARA FAZÊ-LO APARECER COM GESSO E MULETAS E GRITAR COM VOCÊ), ENTÃO AMBOS OS NÍVEIS E BÔNUS SE REPETEM NOVAMENTE SEGUIDO POR UM INTERVALO (CHAMADO "BREAK TIME") ONDE O CACHORRO ESTÁ PERSEGUINDO UM PATO.;NINTENDO;;;false;41054;0;TIRO, TIRO COM LIGHTGUN;261;49D566E5;false;;;1e340f38e33e2703beac76f13869d1d0;;0;1-2;NINTENDO;0,60;;wor;;;;;;;;;;;;;;;;;;;;;;;
./Dungeonm.zip;DUNGEON MAGIC (VER 2.1O 1994/02/18);false;1993/01/01;;false;;CLONE OF : LIGHTBR (DUNGEON MAGIC (VER 2.1O 1994/02/18));;;;false;;0;;0;;false;;;;;0;;TAITO CORPORATION JAPAN;;;;;;; Clone Of : lightbr -> Dungeon Magic (Ver 2.1O 1994/02/18);;;;;;;;;;;;;;;;;;;
./Dungeons & Dragons Shadow Over Mystara.zip;DUNGEONS & DRAGONS SHADOW OVER MYSTARA;false;;;false;;;;;;false;;0;;0;;false;;;;;0;;;;;;;;;;;;;;;;;;;;;;;;;;;;
./Dungeons & Dragons Tower Of Doom.zip;DUNGEONS & DRAGONS TOWER OF DOOM;false;;;false;;;;;;false;;0;;0;;false;;;;;0;;;;;;;;;;;;;;;;;;;;;;;;;;;;
./Dynasty Wars.zip;DYNASTY WARS;false;;;false;;;;;;false;;0;;0;;false;;;;;0;;;;;;;;;;;;;;;;;;;;;;;;;;;;
./Dynduke.zip;DYNAMITE DUKE (EUROPE, 03SEP89);false;1989/01/01;;false;;;;;;false;;0;;0;;false;;;;;0;;SEIBU KAIHATSU;;;;;;;;;;;;;;;;;;;;;;;;;;
./Eagle.zip;EAGLE (SET 1);false;1980/01/01;;false;;CLONE OF : MOONCRST (EAGLE (SET 1));;;;false;;0;;0;;false;;;;;0;;CENTURI;;;;;;; Clone Of : mooncrst -> Eagle (set 1);;;;;;;;;;;;;;;;;;;
./Earthinv.zip;EARTHINV;false;;;false;;;;;;false;;0;;0;;false;;;;;0;;;;;;;;;;;;;;;;;;;;;;;;;;;;
./Ebases.zip;EBASES;false;;;false;;;;;;false;;0;;0;;false;;;;;0;;;;;;;;;;;;;;;;;;;;;;;;;;;;
./Eco Fighters.zip;ECO FIGHTERS;false;;;false;;;;;;false;;0;;0;;false;;;;;0;;;;;;;;;;;;;;;;;;;;;;;;;;;;
./Edf.zip;E.D.F.  EARTH DEFENSE FORCE (SET 1);false;1991/01/01;;false;;;;;;false;;0;;0;;false;;;;;0;;JALECO;;;;;;;;;;;;;;;;;;;;;;;;;;
./Edrandy.zip;THE CLIFFHANGER - EDWARD RANDY (WORLD VER 3);false;1990/01/01;;false;;;;;;false;;0;;0;;false;;;;;0;;DATA EAST CORPORATION;;;;;;;;;;;;;;;;;;;;;;;;;;
./Eggs.zip;EGGS;false;1983/01/01;;false;;CLONE OF : SCREGG (EGGS);;;;false;;0;;0;;false;;;;;0;;[TECHNOS] UNIVERSAL USA;;;;;;; Clone Of : scregg -> Eggs;;;;;;;;;;;;;;;;;;;
./Eightman.zip;EIGHT MAN (NGM-025)(NGH-025);false;1991/01/01;;false;;;;;;false;;0;;0;;false;;;;;0;;SNK / PALLAS;;;;;;;;;;;;;;;;;;;;;;;;;;
./Elevatob.zip;ELEVATOB;false;;;false;;;;;;false;;0;;0;;false;;;;;0;;;;;;;;;;;;;;;;;;;;;;;;;;;;
./Elevator.zip;ELEVATOR ACTION (BA3, 4 PCB VERSION, 1.1);false;1983/01/01;;false;;;;;;false;;0;;0;;false;;;;;0;;TAITO CORPORATION;;;;;;;;;;;;;;;;;;;;;;;;;;
./Elim2 (2).zip;ELIM2 (2);false;;;false;;;;;;false;;0;;0;;false;;;;;0;;;;;;;;;;./media/image/Elim2 (2)-bezel.png;;;;./media/extras/Elim2 (2)-extra1.png;./media/fanart/Elim2 (2)-fanart.jpg;;;./media/manuals/Elim2 (2)_(wor).pdf;;;;;./media/screenshots/Elim2 (2)-screenshot.png;./media/image/Elim2 (2)-titleshot.png;;./media/videos/Elim2 (2)-video.mp4;;
./Elim2.zip;ELIM2;false;19811201T000000;sega;false;;ELIMINATOR É UM JOGO DE TIRO MULTIDIRECIONAL NO QUAL OS JOGADORES DEVEM USAR QUATRO BOTÕES PARA ASSUMIR O CONTROLE DE SUA NAVE: DOIS PARA FAZÊ-LA GIRAR PARA A ESQUERDA E PARA A DIREITA E MAIS DOIS PARA FAZÊ-LA DISPARAR E ACELERAR. OS JOGADORES PILOTAM UMA NAVE ESPACIAL PELO CAMPO DE JOGO E DEVEM DESTRUIR DRONES ALIENÍGENAS. O OBJETIVO FINAL É ESCAPAR E DESTRUIR O ELIMINATOR, UMA ENORME BASE DE ASTERÓIDES. O TIRO DO JOGADOR FAZ COM QUE QUALQUER INIMIGO ATINGIDO (COM EXCEÇÃO DO PRÓPRIO ELIMINADOR) SE RECUPERE E CAMINHE EM OUTRA DIREÇÃO.;SEGA;;;false;149789;0;TIRO;256;D74B61DB;false;;;f02186d434650b6e329beeec9dd3bd98;;0;1-4;SEGA;0,60;;wor;;;;;./media/image/Elim2-bezel.png;;;;./media/image/Elim2-bezel.png;;;;;;;;;;;;;;
./Elim4.zip;ELIMINATOR (4 PLAYERS);false;1981/01/01;;false;;CLONE OF : ELIM2 (ELIMINATOR (4 PLAYERS));;;;false;;0;;0;;false;;;;;0;;GREMLIN;;;;;;; Clone Of : elim2 -> Eliminator (4 Players);;;;;;;;;;;;;;;;;;;
./Elvactr.zip;ELVACTR;false;19940101T000000;taito;false;;ELEVATOR ACTION RETURNS É UM SHOOT-EM-UP DE PLATAFORMA ROLANTE PARA UM OU DOIS JOGADORES, CADA UM ASSUMINDO O PAPEL DE UM AGENTE DA FORÇA-TAREFA ESPECIAL E DEVE FRUSTRAR UM GRUPO TERRORISTA QUE PLANTOU BOMBAS NUCLEARES EM VÁRIAS INSTALAÇÕES. OS JOGADORES TAMBÉM DEVEM OBTER OS DADOS SECRETOS DE INTELIGÊNCIA ESPALHADOS POR CADA INSTALAÇÃO PARA DESARMAR AS BOMBAS.  O OBJETIVO DO JOGO É ENTRAR EM TODAS AS PORTAS VERMELHAS DE CADA FASE E DEPOIS PROSSEGUIR PARA A SAÍDA. SE OS JOGADORES PERDEREM UMA DAS PORTAS VERMELHAS, NÃO CONSEGUIRÃO PROGREDIR ALÉM DE UM CERTO PONTO. EXISTEM TAMBÉM PORTAS DE COR AZUL E AO ENTRAR NELAS O JOGADOR SERÁ PREMIADO COM UM ITEM ESPECIAL, QUE INCLUI RECARGAS DE SAÚDE, ARMAS DE FOGO ESPECIAIS, ARMAS SECUNDÁRIAS E PONTOS DE BÔNUS.;TAITO;;;false;41103;0;PLATAFORMA / TIRO COM ROLAGEM, PLATAFORMA, TIRO;257;EB9102F1;false;;;ad80d50d69d82ce422342ca2ca725705;;0;1-2;TAITO;0,60;;wor;;;;;./media/image/Elvactr-bezel.png;;;;./media/image/Elvactr-bezel.png;;;;;;;;;;;;;;
./Empcity.zip;EMPIRE CITY 1931 (BOOTLEG);false;1986/01/01;;false;;;;;;false;;0;;0;;false;;;;;0;;SEIBU KAIHATSU;;;;;;;;;;;;;;;;;;;;;;;;;;
./Eprom.zip;ESCAPE FROM THE PLANET OF THE ROBOT MONSTERS (SET 1);false;1989/01/01;;false;;;;;;false;;0;;0;;false;;;;;0;;ATARI GAMES;;;;;;;;;;;;;;;;;;;;;;;;;;
./Espial.zip;ESPIAL (EUROPE);false;1983/01/01;;false;;;;;;false;;0;;0;;false;;;;;0;;ORCA / THUNDERBOLT;;;;;;;;;;;;;;;;;;;;;;;;;;
./Espiale.zip;ESPIALE;false;;;false;;;;;;false;;0;;0;;false;;;;;0;;;;;;;;;;;;;;;;;;;;;;;;;;;;
./Eswat.zip;E-SWAT - CYBER POLICE (SET 4, WORLD, FD1094 317-0130);false;1989/01/01;;false;;;;;;false;;0;;0;;false;;;;;0;;SEGA;;;;;;;;;;;;;;;;;;;;;;;;;;
./Evosocc.zip;EVOSOCC;false;;;false;;;;;;false;;0;;0;;false;;;;;0;;;;;;;;;;;;;;;;;;;;;;;;;;;;
./Excitebk.zip;EXCITEBK;false;;;false;;;;;;false;;0;;0;;false;;;;;0;;;;;;;;;;;;;;;;;;;;;;;;;;;;
./Excthour.zip;EXCITING HOUR;false;1985/01/01;;false;;CLONE OF : MATMANIA (EXCITING HOUR);;;;false;;0;;0;;false;;;;;0;;TECHNOS JAPAN (TAITO LICENSE);;;;;;; Clone Of : matmania -> Exciting Hour;;;;;;;;;;;;;;;;;;;
./Exedexes.zip;EXED EXES;false;1985/01/01;;false;;;;;;false;;0;;0;;false;;;;;0;;CAPCOM;;;;;;;;;;;;;;;;;;;;;;;;;;
./Exerion.zip;EXERION;false;1983/01/01;;false;;;;;;false;;0;;0;;false;;;;;0;;JALECO;;;;;;;;;;;;;;;;;;;;;;;;;;
./Exprraid.zip;EXPRESS RAIDER (WORLD, REV 4);false;1986/01/01;;false;;;;;;false;;0;;0;;false;;;;;0;;DATA EAST CORPORATION;;;;;;;;;;;;;;;;;;;;;;;;;;
./Exterm.zip;EXTERMINATOR;false;1989/01/01;;false;;;;;;false;;0;;0;;false;;;;;0;;GOTTLIEB / PREMIER TECHNOLOGY;;;;;;;;;;;;;;;;;;;;;;;;;;
./Eyes.zip;EYES (DIGITREX TECHSTAR);false;1982/01/01;;false;;;;;;false;;0;;0;;false;;;;;0;;DIGITREX TECHSTAR (ROCK-OLA LICENSE);;;;;;;;;;;;;;;;;;;;;;;;;;
./F1dream.zip;F-1 DREAM;false;1988/01/01;;false;;;;;;false;;0;;0;;false;;;;;0;;CAPCOM (ROMSTAR LICENSE);;;;;;;;;;;;;;;;;;;;;;;;;;
./F1gp2.zip;F-1 GRAND PRIX PART II;false;1992/01/01;;false;;;;;;false;;0;;0;;false;;;;;0;;VIDEO SYSTEM CO.;;;;;;;;;;;;;;;;;;;;;;;;;;
./Faceoff.zip;FACE OFF (JAPAN 2 PLAYERS);false;1988/01/01;;false;;;;;;false;;0;;0;;false;;;;;0;;NAMCO;;;;;;;;;;;;;;;;;;;;;;;;;;
./Fantasy.zip;FANTASY;false;;;false;;;;;;false;;0;;0;;false;;;;;0;;;;;;;;;;;;;;;;;;;;;;;;;;;;
./Fantazia.zip;FANTAZIA (BOOTLEG);false;1980/01/01;;false;;CLONE OF : MOONCRST (FANTAZIA (BOOTLEG));;;;false;;0;;0;;false;;;;;0;;BOOTLEG (SUBELECTRO);;;;;;; Clone Of : mooncrst -> Fantazia (bootleg);;;;;;;;;;;;;;;;;;;
./Farwest.zip;FARWEST;false;;;false;;;;;;false;;0;;0;;false;;;;;0;;;;;;;;;;;;;;;;;;;;;;;;;;;;
./Fastfred.zip;FAST FREDDIE;false;1982/01/01;;false;;CLONE OF : FLYBOY (FAST FREDDIE);;;;false;;0;;0;;false;;;;;0;;KANEKO (ATARI LICENSE);;;;;;; Clone Of : flyboy -> Fast Freddie;;;;;;;;;;;;;;;;;;;
./Fatal Fury - King Of Fighters.zip;FATAL FURY - KING OF FIGHTERS;false;;;false;;;;;;false;;0;;0;;false;;;;;0;;;;;;;;;;;;;;;;;;;;;;;;;;;;
./Fatal Fury 2.zip;FATAL FURY 2;false;;;false;;;;;;false;;0;;0;;false;;;;;0;;;;;;;;;;;;;;;;;;;;;;;;;;;;
./Fatal Fury 3 - Road To The Final Victory.zip;FATAL FURY 3 - ROAD TO THE FINAL VICTORY;false;;;false;;;;;;false;;0;;0;;false;;;;;0;;;;;;;;;;;;;;;;;;;;;;;;;;;;
./Fatal Fury Special.zip;FATAL FURY SPECIAL;false;;;false;;;;;;false;;0;;0;;false;;;;;0;;;;;;;;;;;;;;;;;;;;;;;;;;;;
./Fatfursa.zip;FATFURSA;false;;;false;;;;;;false;;0;;0;;false;;;;;0;;;;;;;;;;;;;;;;;;;;;;;;;;;;
./Fatfury1.zip;FATAL FURY - KING OF FIGHTERS / GAROU DENSETSU - SHUKUMEI NO TATAKAI (NGM-033)(NGH-033);false;1992/01/01;;false;;;;;;false;;0;;0;;false;;;;;0;;SNK;;;;;;;;;;;;;;;;;;;;;;;;;;
./Fatfury2.zip;FATAL FURY 2 / GAROU DENSETSU 2 - ARATA-NARU TATAKAI (NGM-047)(NGH-047);false;1992/01/01;;false;;;;;;false;;0;;0;;false;;;;;0;;SNK;;;;;;;;;./media/image/Fatfury2-boxback.png;;./media/image/Fatfury2-cartridge.png;;;;;;;./media/image/Fatfury2-marquee.png;;./media/image/Fatfury2-wheelround.png;;;;;./media/image/Fatfury2-marquee.png;./media/image/Fatfury2-wheelround.png
./Fatfury3.zip;FATAL FURY 3 - ROAD TO THE FINAL VICTORY / GAROU DENSETSU 3 - HARUKA-NARU TATAKAI (NGM-069)(NGH-069);false;1995/01/01;;false;;;;;;false;;0;;0;;false;;;;;0;;SNK;;;;;;;;;;;;;;;;;;;;;;;;;;
./Ffight.zip;FINAL FIGHT (WORLD, SET 1);false;1989/01/01;;false;;;;;;false;;0;;0;;false;;;;;0;;CAPCOM;;;;;;;;;;;;;;;;;;;;;;;;;;
./Ffight2b.zip;FFIGHT2B;false;19960101T000000;;false;;- PESSOAL - EQUIPE ORIGINAL: DESIGN DO JOGO: TATSUYA MINAMI PRODUTOR: TOKURO FUJIWARA COMPOSITORES: YASUAKI FUJITA, MARI YAMAGUCHI, YUKI IWAI, SETSUO YAMAMOTO, YUKO TAKEHARA, TATSUYA NISHIMURA - PORTAS - *CONSOLES: SUPER;BOOTLEG;;;false;41205;0;BRIGA DE RUA, LUTA, LUTA / 2.5D;263;4F1A17ED;false;;;931e69deb648746c9777190e46c21408;;0;1-2;BOOTLEG;0,60;;wor;;;;;;;;;;;;;;;;;;;;;;;
./Ffightj1.zip;FINAL FIGHT (900112 JAPAN);false;1989/01/01;;false;;CLONE OF : FFIGHT (FINAL FIGHT (900112 JAPAN));;;;false;;0;;0;;false;;;;;0;;CAPCOM;;;;;;; Clone Of : ffight -> Final Fight (900112 Japan);;;;;;;;;;;;;;;;;;;
./Ffightu.zip;FINAL FIGHT (USA, SET 1);false;1989/01/01;;false;;CLONE OF : FFIGHT (FINAL FIGHT (USA, SET 1));;;;false;;0;;0;;false;;;;;0;;CAPCOM;;;;;;; Clone Of : ffight -> Final Fight (USA, set 1);;;;;;;;;;;;;;;;;;;
./Ffreveng.zip;FFREVENG;false;19990101T000000;sega;false;;FINAL FIGHT REVENGE É UM JOGO DE LUTA 1 CONTRA 1 BASEADO NA SÉRIE "FINAL FIGHT".;CAPCOM;;;false;58787;0;LUTA, LUTA / VERSUS;262;04FBB6E3;false;;;fd0367ea8dd2c603c9eb3abf360adaac;;0;1-2;CAPCOM;0,60;;wor;;;;;;;;;;;;;;;;;;;;;;;
./Fghtatck.zip;FIGHTER & ATTACKER (US);false;1992/01/01;;false;;;;;;false;;0;;0;;false;;;;;0;;NAMCO;;;;;;;;;;;;;;;;;;;;;;;;;;
./Fghthist.zip;FIGHTER'S HISTORY (WORLD VER 43-09, DE-0395-1 PCB);false;1993/01/01;;false;;;;;;false;;0;;0;;false;;;;;0;;DATA EAST CORPORATION;;;;;;;;;;;;;;;;;;;;;;;;;;
./Fight Fever.zip;FIGHT FEVER;false;;;false;;;;;;false;;0;;0;;false;;;;;0;;;;;;;;;;;;;;;;;;;;;;;;;;;;
./Fighter-S History - Karnov-S.zip;FIGHTER-S HISTORY - KARNOV-S;false;;;false;;;;;;false;;0;;0;CC9F853D;false;;;d9c2eadc05834ad71044f8bac9ca497d;;0;;;;;;;;;;;;;;;;;;;;;;;;;;;;
./Final Fight.zip;FINAL FIGHT;false;;;false;;;;;;false;;0;;0;;false;;;;;0;;;;;;;;;;;;;;;;;;;;;;;;;;;;
./Finalb.zip;FINAL BLOW (WORLD);false;1988/01/01;;false;;;;;;false;;0;;0;;false;;;;;0;;TAITO CORPORATION JAPAN;;;;;;;;;;;;;;;;;;;;;;;;;;
./Fireone.zip;FIREONE;false;;;false;;;;;;false;;0;;0;;false;;;;;0;;;;;;;;;;;;;;;;;;;;;;;;;;;;
./Fireshrk.zip;FIRE SHARK;false;1990/01/01;;false;;;;;;false;;0;;0;;false;;;;;0;;TOAPLAN;;;;;;;;;;;;;;;;;;;;;;;;;;
./Firetpbl.zip;FIRETPBL;false;;;false;;;;;;false;;0;;0;;false;;;;;0;;;;;;;;;;;;;;;;;;;;;;;;;;;;
./Firetrap.zip;FIRE TRAP (US, REV A);false;1986/01/01;;false;;;;;;false;;0;;0;;false;;;;;0;;WOOD PLACE INC. (DATA EAST USA LICENSE);;;;;;;;;;;;;;;;;;;;;;;;;;
./Fitegolf.zip;LEE TREVINO'S FIGHTING GOLF (WORLD);false;1988/01/01;;false;;;;;;false;;0;;0;;false;;;;;0;;SNK;;;;;;;;;;;;;;;;;;;;;;;;;;
./Fitfight.zip;FITFIGHT;false;;;false;;;;;;false;;0;;0;;false;;;;;0;;;;;;;;;;;;;;;;;;;;;;;;;;;;
./Flicky.zip;FLICKY (128K VERSION, 315-5051);false;1984/01/01;;false;;;;;;false;;0;;0;;false;;;;;0;;SEGA;;;;;;;;;;;;;;;;;;;;;;;;;;
./Flipshot.zip;BATTLE FLIP SHOT;false;1998/01/01;;false;;;;;;false;;0;;0;;false;;;;;0;;VISCO;;;;;;;;;;;;;;;;;;;;;;;;;;
./Flyboy.zip;FLY-BOY;false;1982/01/01;;false;;;;;;false;;0;;0;;false;;;;;0;;KANEKO;;;;;;;;;;;;;;;;;;;;;;;;;;
./Foodf (2).zip;FOODF (2);false;;;false;;;;;;false;;0;;0;;false;;;;;0;;;;;;;;;;./media/image/Foodf (2)-bezel.png;;./media/image/Foodf (2)-boxart.png;;;./media/fanart/Foodf (2)-fanart.jpg;;;./media/manuals/Foodf (2)_(us).pdf;;./media/image/Foodf (2)-marquee.png;;./media/image/Foodf (2)-wheelround.png;./media/screenshots/Foodf (2)-screenshot.png;./media/image/Foodf (2)-titleshot.png;./media/image/Foodf (2)-boxart.png;./media/videos/Foodf (2)-video.mp4;./media/image/Foodf (2)-marquee.png;./media/image/Foodf (2)-wheelround.png
./Foodf.zip;FOOD FIGHT (REV 3);false;1982/01/01;;false;;;;;;false;;0;;0;;false;;;;;0;;GENERAL COMPUTER CORPORATION (ATARI LICENSE);;;;;;;;;;;;;;;;;;;;;;;;;;
./Football Frenzy.zip;FOOTBALL FRENZY;false;;;false;;;;;;false;;0;;0;;false;;;;;0;;;;;;;;;;;;;;;;;;;;;;;;;;;;
./Footchmp.zip;FOOTBALL CHAMP (WORLD);false;1990/01/01;;false;;;;;;false;;0;;0;;false;;;;;0;;TAITO CORPORATION JAPAN;;;;;;;;;;;;;;;;;;;;;;;;;;
./Forgotten Worlds.zip;FORGOTTEN WORLDS;false;;;false;;;;;;false;;0;;0;;false;;;;;0;;;;;;;;;;;;;;;;;;;;;;;;;;;;
./Fredmem.zip;FREDMEM;false;;;false;;;;;;false;;0;;0;;false;;;;;0;;;;;;;;;;;;;;;;;;;;;;;;;;;;
./Freeze.zip;FREEZE;false;19840101T000000;cinematronics;false;;UM HOMEM PRESO NO ÁRTICO TENTA ESCAPAR ARMADO APENAS COM UM LANÇA-CHAMAS E UM JETPACK. ELE DEVE SE LEMBRAR DE RECARREGAR SEU LANÇA-CHAMAS E JETPACK COLETANDO JOIAS.;CINEMATRONICS;;;false;149555;0;PLATAFORMA;257;FEAB963B;false;;;7a85abe017cff24406e6d29067c77d93;;0;1-2;CINEMATRONICS;0,40;;wor;Right;;;;;;;;;;;;;;;;;;;;;;
./Frenzy.zip;FRENZY (REVISION RA1);false;1981/01/01;;false;;;;;;false;;0;;0;;false;;;;;0;;STERN ELECTRONICS;;;;;;;;;;;;;;;;;;;;;;;;;;
./Frenzy1.zip;FRENZY1;false;;;false;;;;;;false;;0;;0;;false;;;;;0;;;;;;;;;;;;;;;;;;;;;;;;;;;;
./Friskyt (2).zip;FRISKYT (2);false;;;false;;;;;;false;;0;;0;;false;;;;;0;;;;;;;;;;;;./media/image/Friskyt (2)-boxart.png;;;;;;;;./media/image/Friskyt (2)-marquee.png;;./media/image/Friskyt (2)-wheelround.png;./media/screenshots/Friskyt (2)-screenshot.png;./media/image/Friskyt (2)-titleshot.png;./media/image/Friskyt (2)-boxart.png;./media/videos/Friskyt (2)-video.mp4;./media/image/Friskyt (2)-marquee.png;./media/image/Friskyt (2)-wheelround.png
./Friskyt.zip;FRISKY TOM (SET 1);false;1981/01/01;;false;;;;;;false;;0;;0;;false;;;;;0;;NICHIBUTSU;;;;;;;;;;;;;;;;;;;;;;;;;;
./Frogger.zip;FROGGER;false;1981/01/01;;false;;;;;;false;;0;;0;;false;;;;;0;;KONAMI;;;;;;;;;;;;;;;;;;;;;;;;;;
./Frogger2.zip;FROGGER2;false;;;false;;;;;;false;;0;;0;;false;;;;;0;;;;;;;;;;;;;;;;;;;;;;;;;;;;
./Froggers.zip;FROG;false;1981/01/01;;false;;CLONE OF : FROGGER (FROG);;;;false;;0;;0;;false;;;;;0;;BOOTLEG;;;;;;; Clone Of : frogger -> Frog;;;;;;;;;;;;;;;;;;;
./Frogsega.zip;FROGSEGA;false;;;false;;;;;;false;;0;;0;;false;;;;;0;;;;;;;;;;;;;;;;;;;;;;;;;;;;
./Frontlin.zip;FRONT LINE (SET 1);false;1982/01/01;;false;;;;;;false;;0;;0;;false;;;;;0;;TAITO CORPORATION;;;;;;;;;;;;;;;;;;;;;;;;;;
./Fround.zip;THE FINAL ROUND (VER. M);false;1988/01/01;;false;;;;;;false;;0;;0;;false;;;;;0;;KONAMI;;;;;;;;;;;;;;;;;;;;;;;;;;
./Funkyjet.zip;FUNKY JET (WORLD, REV 1);false;1992/01/01;;false;;;;;;false;;0;;0;;false;;;;;0;;MITCHELL;;;;;;;;;;;;;;;;;;;;;;;;;;
./Futspy.zip;FUTURE SPY;false;1984/01/01;;false;;;;;;false;;0;;0;;false;;;;;0;;SEGA;;;;;;;;;;;;;;;;;;;;;;;;;;
./Ga2.zip;GOLDEN AXE THE REVENGE OF DEATH ADDER (WORLD, REV B);false;1992/01/01;;false;;;;;;false;;0;;0;;false;;;;;0;;SEGA;;;;;;;;;;;;;;;;;;;;;;;;;;
./Gaia.zip;GAIA;false;19990101T000000;atlus;false;;GAIA CRUSADERS É UM BEAT-EM-UP DE ROLAGEM LATERAL PARA UM OU DOIS JOGADORES, NO QUAL OS JOGADORES DEVEM LUTAR CONTRA SATANÁS E SEU EXÉRCITO DE DEMÔNIOS QUE CAPTURARAM E DOMINARAM O MUNDO. OS JOGADORES SELECIONAM UM PERSONAGEM ENTRE CINCO COMBATENTES CONHECIDOS COMO 'ELEMENTAL WARRIORS'. CADA UM DOS PERSONAGENS POSSUI FORÇA DO VENTO, FORÇA DO FOGO OU UMA MISTURA DOS DOIS.  O JOGO TEM MOVIMENTOS PADRÃO DE ATAQUE DE SOCO E CHUTE, BEM COMO MOVIMENTOS ESPECIAIS MÁGICOS. OS COMBOS PODEM SER AGRUPADOS ALTERNANDO RAPIDAMENTE ENTRE CHUTES E SOCOS. OS JOGADORES TAMBÉM PODEM REALIZAR UM 'SUPER ATAQUE' PRESSIONANDO OS BOTÕES DE PULAR, SOCAR E CHUTAR SIMULTANEAMENTE, O QUE ATINGE MUITOS INIMIGOS AO MESMO TEMPO, MAS CUSTA UM POUCO DE SAÚDE AO PERSONAGEM DO JOGADOR. TAMBÉM É POSSÍVEL LEVANTAR UM ESCUDO PRESSIONANDO PULAR E CHUTAR SIMULTANEAMENTE. EM INTERVALOS REGULARES APARECEM ESFERAS COLORIDAS, OS JOGADORES PODEM PEGÁ-LAS PARA GANHAR UM ATAQUE MÁGICO. OS EFEITOS DO ATAQUE MÁGICO VARIAM DEPENDENDO DO PERSONAGEM DO JOGADOR. SE A MAGIA CORRESPONDER AO ATRIBUTO ELEMENTAL DO PERSONAGEM (FOGO, VENTO OU AMBOS), ELE GANHARÁ UM ATAQUE ESPECIAL DE LIMPEZA DE TELA. CASO CONTRÁRIO, ELES GANHAM UM PODEROSO ATAQUE ESPECIAL.  ALÉM DAS ESFERAS ELEMENTARES, TAMBÉM APARECEM DOIS TIPOS DE BOMBAS, AMBAS DETONANDO IMEDIATAMENTE APÓS SEREM APANHADAS. O PRIMEIRO É UM TERREMOTO QUE ATINGE TODOS OS INIMIGOS NA TELA E CAUSA UMA GRANDE QUANTIDADE DE DANOS. A SEGUNDA É UMA BOMBA ALEATÓRIA QUE LANÇA COLUNAS DE FOGO, FERINDO TODOS OS INIMIGOS COM OS QUAIS ENTRA EM CONTATO. EXISTEM TAMBÉM CAIXAS EXPLOSIVAS QUE PODEM SER CHUTADAS CONTRA OS INIMIGOS PARA MANTÊ-LOS AFASTADOS. UM ÚLTIMO ITEM NOTÁVEL É A ESPADA, QUE FUNCIONA COMO ARMAS QUE PODEM SER ENCONTRADAS NO CHÃO EM MUITOS OUTROS BEAT 'EM UPS. UMA BATALHA CONTRA CHEFES AGUARDA OS JOGADORES NO FINAL DE CADA FASE. GAIA CRUSADERS É FORTEMENTE INFLUENCIADO POR OUTRO BEAT-EM-UP DE ROLAGEM, O CLÁSSICO DE 1989 DA CAPCOM, FINAL FIGHT E TAMBÉM, EM MENOR GRAU, PELO GOLDEN AXE DA SEGA (SENDO ESTE ÚLTIMO O USO DO MAGICAL ATTACK ATUANDO COMO UMA BOMBA INTELIGENTE).;NOISE FACTORY;;;false;37336;0;BRIGA DE RUA, LUTA, LUTA / 2.5D;263;C82111B6;false;;;c0e9d2368a6c052bae79fb3d0148b145;;0;1-2;NOISE FACTORY;0,80;;wor;;;;;./media/image/Gaia-bezel.png;;;;./media/image/Gaia-bezel.png;;;;;;;;;;;;;;
./Gaiden.zip;NINJA GAIDEN (US);false;1988/01/01;;false;;CLONE OF : SHADOWW (NINJA GAIDEN (US));;;;false;;0;;0;;false;;;;;0;;TECMO;;;;;;; Clone Of : shadoww -> Ninja Gaiden (US);;;;;;;;;;;;;;;;;;;
./Galaga.zip;GALAGA (NAMCO REV. B);false;1981/01/01;;false;;;;;;false;;0;;0;;false;;;;;0;;NAMCO;;;;;;;;;;;;;;;;;;;;;;;;;;
./Galagab2.zip;GALAGAB2;false;;;false;;;;;;false;;0;;0;;false;;;;;0;;;;;;;;;;;;;;;;;;;;;;;;;;;;
./Galagabl.zip;GALAGABL;false;;;false;;;;;;false;;0;;0;;false;;;;;0;;;;;;;;;;;;;;;;;;;;;;;;;;;;
./Galaganm.zip;GALAGANM;false;;;false;;;;;;false;;0;;0;;false;;;;;0;;;;;;;;;;;;;;;;;;;;;;;;;;;;
./Galap1.zip;SPACE INVADERS GALACTICA (GALAXIAJ HACK);false;1979/01/01;;false;;CLONE OF : GALAXIAN (SPACE INVADERS GALACTICA (GALAXIAJ HACK));;;;false;;0;;0;;false;;;;;0;;HACK;;;;;;; Clone Of : galaxian -> Space Invaders Galactica (galaxiaj hack);;;;;;;;;;;;;;;;;;;
./Galap4.zip;GALAXIAN PART 4 (HACK);false;1979/01/01;;false;;CLONE OF : GALAXIAN (GALAXIAN PART 4 (HACK));;;;false;;0;;0;;false;;;;;0;;G.G.I;;;;;;; Clone Of : galaxian -> Galaxian Part 4 (hack);;;;;;;;;;;;;;;;;;;
./Galapx.zip;GALAXIAN PART X (MOONALN HACK);false;1979/01/01;;false;;CLONE OF : GALAXIAN (GALAXIAN PART X (MOONALN HACK));;;;false;;0;;0;;false;;;;;0;;HACK;;;;;;; Clone Of : galaxian -> Galaxian Part X (moonaln hack);;;;;;;;;;;;;;;;;;;
./Galaxian.zip;GALAXIAN (NAMCO SET 1);false;1979/01/01;;false;;;;;;false;;0;;0;;false;;;;;0;;NAMCO;;;;;;;;;;;;;;;;;;;;;;;;;;
./Galaxy Fight - Universal Warriors.zip;GALAXY FIGHT - UNIVERSAL WARRIORS;false;;;false;;;;;;false;;0;;0;;false;;;;;0;;;;;;;;;;;;;;;;;;;;;;;;;;;;
./Gallag.zip;GALLAG;false;1981/01/01;;false;;CLONE OF : GALAGA (GALLAG);;;;false;;0;;0;;false;;;;;0;;BOOTLEG;;;;;;; Clone Of : galaga -> Gallag;;;;;;;;;;;;;;;;;;;
./Gallop.zip;GALLOP - ARMED POLICE UNIT (JAPAN, M72 HARDWARE);false;1991/01/01;;false;;CLONE OF : COSMCCOP (GALLOP - ARMED POLICE UNIT (JAPAN, M72 HARDWARE));;;;false;;0;;0;;false;;;;;0;;IREM;;;;;;; Clone Of : cosmccop -> Gallop - Armed police Unit (Japan, M72 hardware);;;;;;;;;;;;;;;;;;;
./Galmidw.zip;GALMIDW;false;;;false;;;;;;false;;0;;0;;false;;;;;0;;;;;;;;;;;;;;;;;;;;;;;;;;;;
./Galnamco.zip;GALNAMCO;false;;;false;;;;;;false;;0;;0;;false;;;;;0;;;;;;;;;;;;;;;;;;;;;;;;;;;;
./Galturbo.zip;GALAXIAN TURBO (SUPERG HACK);false;1979/01/01;;false;;CLONE OF : GALAXIAN (GALAXIAN TURBO (SUPERG HACK));;;;false;;0;;0;;false;;;;;0;;HACK;;;;;;; Clone Of : galaxian -> Galaxian Turbo (superg hack);;;;;;;;;;;;;;;;;;;
./Galxwars.zip;GALXWARS;false;;;false;;;;;;false;;0;;0;;false;;;;;0;;;;;;;;;;;;;;;;;;;;;;;;;;;;
./Gangwars.zip;GANG WARS;false;1989/01/01;;false;;;;;;false;;0;;0;;false;;;;;0;;ALPHA DENSHI CO.;;;;;;;;;;;;;;;;;;;;;;;;;;
./Ganryu.zip;GANRYU / MUSASHI GANRYUKI;false;1999/01/01;;false;;;;;;false;;0;;0;;false;;;;;0;;VISCO;;;;;;;;;./media/image/Ganryu-boxback.png;;./media/image/Ganryu-cartridge.png;;;;;;;./media/image/Ganryu-marquee.png;;./media/image/Ganryu-wheelround.png;;;;;./media/image/Ganryu-marquee.png;./media/image/Ganryu-wheelround.png
./Garou - Mark Of The Wolves.zip;GAROU - MARK OF THE WOLVES;false;;;false;;;;;;false;;0;;0;;false;;;;;0;;;;;;;;;;;;;;;;;;;;;;;;;;;;
./Garou.zip;GAROU - MARK OF THE WOLVES (NGM-2530);false;1999/01/01;;false;;;;;;false;;0;;0;;false;;;;;0;;SNK;;;;;;;;;;;;;;;;;;;;;;;;;;
./Garyoret.zip;GARYO RETSUDEN (JAPAN);false;1987/01/01;;false;;;;;;false;;0;;0;;false;;;;;0;;DATA EAST CORPORATION;;;;;;;;;;;;;;;;;;;;;;;;;;
./Gaunt2.zip;GAUNTLET II;false;1986/01/01;;false;;;;;;false;;0;;0;;false;;;;;0;;ATARI GAMES;;;;;;;;;;;;;;;;;;;;;;;;;;
./Gaunt2p.zip;GAUNT2P;false;;;false;;;;;;false;;0;;0;;false;;;;;0;;;;;;;;;;;;;;;;;;;;;;;;;;;;
./Gaunt2pg.zip;GAUNT2PG;false;;;false;;;;;;false;;0;;0;;false;;;;;0;;;;;;;;;;;;;;;;;;;;;;;;;;;;
./Gauntir1.zip;GAUNTIR1;false;;;false;;;;;;false;;0;;0;;false;;;;;0;;;;;;;;;;;;;;;;;;;;;;;;;;;;
./Gauntir2.zip;GAUNTIR2;false;;;false;;;;;;false;;0;;0;;false;;;;;0;;;;;;;;;;;;;;;;;;;;;;;;;;;;
./Gauntlet.zip;GAUNTLET (REV 14);false;1985/01/01;;false;;;;;;false;;0;;0;;false;;;;;0;;ATARI GAMES;;;;;;;;;;;;;;;;;;;;;;;;;;
./Gberet.zip;GREEN BERET;false;1985/01/01;;false;;;;;;false;;0;;0;;false;;;;;0;;KONAMI;;;;;;;;;;;;;;;;;;;;;;;;;;
./Gemini.zip;GEMINI WING (WORLD);false;1987/01/01;;false;;;;;;false;;0;;0;;false;;;;;0;;TECMO;;;;;;;;;;;;;;;;;;;;;;;;;;
./Genpeitd.zip;GENPEI TOUMADEN;false;1986/01/01;;false;;;;;;false;;0;;0;;false;;;;;0;;NAMCO;;;;;;;;;;;;;;;;;;;;;;;;;;
./Ggxxac.zip;GGXXAC;false;;;false;;;;;;false;;0;;0;;false;;;;;0;;;;;;;;;;;;;;;;;;;;;;;;;;;;
./Ghost Pilots.zip;GHOST PILOTS;false;;;false;;;;;;false;;0;;0;;false;;;;;0;;;;;;;;;;;;;;;;;;;;;;;;;;;;
./Ghostb.zip;THE REAL GHOSTBUSTERS (US 2 PLAYERS, REVISION 2);false;1987/01/01;;false;;;;;;false;;0;;0;;false;;;;;0;;DATA EAST USA;;;;;;;;;;;;;;;;;;;;;;;;;;
./Ghostlop.zip;GHOSTLOP (PROTOTYPE);false;1996/01/01;;false;;;;;;false;;0;;0;;false;;;;;0;;DATA EAST CORPORATION;;;;;;;;;;;;;;;;;;;;;;;;;;
./Ghouls.zip;GHOULS'N GHOSTS (WORLD);false;1988/01/01;;false;;;;;;false;;0;;0;;false;;;;;0;;CAPCOM;;;;;;;;;;;;;;;;;;;;;;;;;;
./Ghoulsu.zip;GHOULS'N GHOSTS (US);false;1988/01/01;;false;;CLONE OF : GHOULS (GHOULS'N GHOSTS (US));;;;false;;0;;0;;false;;;;;0;;CAPCOM;;;;;;; Clone Of : ghouls -> Ghouls'n Ghosts (US);;;;;;;;;;;;;;;;;;;
./Giga Wing.zip;GIGA WING;false;;;false;;;;;;false;;0;;0;;false;;;;;0;;;;;;;;;;;;;;;;;;;;;;;;;;;;
./Gijoe.zip;G.I. JOE (WORLD, EAB, SET 1);false;1992/01/01;;false;;;;;;false;;0;;0;;false;;;;;0;;KONAMI;;;;;;;;;;;;;;;;;;;;;;;;;;
./Gimeabrk.zip;GIMEABRK;false;;;false;;;;;;false;;0;;0;;false;;;;;0;;;;;;;;;;;;;;;;;;;;;;;;;;;;
./Ginkun.zip;GANBARE GINKUN;false;1995/01/01;;false;;;;;;false;;0;;0;;false;;;;;0;;TECMO;;;;;;;;;;;;;;;;;;;;;;;;;;
./Gladiatr.zip;GLADIATOR (US);false;1986/01/01;;false;;;;;;false;;0;;0;;false;;;;;0;;ALLUMER / TAITO AMERICA CORPORATION;;;;;;;;;;;;;;;;;;;;;;;;;;
./Gmissile.zip;GMISSILE;false;;;false;;;;;;false;;0;;0;;false;;;;;0;;;;;;;;;;;;;;;;;;;;;;;;;;;;
./Gng.zip;GHOSTS'N GOBLINS (WORLD SET 1);false;1985/01/01;;false;;;;;;false;;0;;0;;false;;;;;0;;CAPCOM;;;;;;;;;;;;;;;;;;;;;;;;;;
./Gngcross.zip;GNGCROSS;false;;;false;;;;;;false;;0;;0;;false;;;;;0;;;;;;;;;;;;;;;;;;;;;;;;;;;;
./Gngjap.zip;GNGJAP;false;;;false;;;;;;false;;0;;0;;false;;;;;0;;;;;;;;;;;;;;;;;;;;;;;;;;;;
./Gngt.zip;GHOSTS'N GOBLINS (US);false;1985/01/01;;false;;CLONE OF : GNG (GHOSTS'N GOBLINS (US));;;;false;;0;;0;;false;;;;;0;;CAPCOM (TAITO AMERICA LICENSE);;;;;;; Clone Of : gng -> Ghosts'n Goblins (US);;;;;;;;;;;;;;;;;;;
./Goal! Goal! Goal!.zip;GOAL! GOAL! GOAL!;false;;;false;;;;;;false;;0;;0;;false;;;;;0;;;;;;;;;;;;;;;;;;;;;;;;;;;;
./Goalx3.zip;GOAL! GOAL! GOAL!;false;1995/01/01;;false;;;;;;false;;0;;0;;false;;;;;0;;VISCO;;;;;;;;;;;;;;;;;;;;;;;;;;
./Goldnaxe.zip;GOLDEN AXE (SET 6, US, 8751 317-123A);false;1989/01/01;;false;;;;;;false;;0;;0;;false;;;;;0;;SEGA;;;;;;;;;;;;;;;;;;;;;;;;;;
./Gorf.zip;GORF;false;;;false;;;;;;false;;0;;0;;false;;;;;0;;;;;;;;;;;;;;;;;;;;;;;;;;;;
./Gorfpgm1.zip;GORFPGM1;false;;;false;;;;;;false;;0;;0;;false;;;;;0;;;;;;;;;;;;;;;;;;;;;;;;;;;;
./Gowcaizer.zip;GOWCAIZER;false;;;false;;;;;;false;;0;;0;;false;;;;;0;;;;;;;;;;;;;;;;;;;;;;;;;;;;
./Gradius.zip;GRADIUS (JAPAN, ROM VERSION);false;1985/01/01;;false;;CLONE OF : NEMESIS (GRADIUS (JAPAN, ROM VERSION));;;;false;;0;;0;;false;;;;;0;;KONAMI;;;;;;; Clone Of : nemesis -> Gradius (Japan, ROM version);;;;;;;;;;;;;;;;;;;
./Gradius2.zip;GRADIUS II - GOFER NO YABOU (JAPAN NEW VER.);false;1988/01/01;;false;;CLONE OF : VULCAN (GRADIUS II - GOFER NO YABOU (JAPAN NEW VER.));;;;false;;0;;0;;false;;;;;0;;KONAMI;;;;;;; Clone Of : vulcan -> Gradius II - GOFER no Yabou (Japan New ver.);;;;;;;;;;;;;;;;;;;
./Gradius3.zip;GRADIUS III (WORLD, PROGRAM CODE R);false;1989/01/01;;false;;;;;;false;;0;;0;;false;;;;;0;;KONAMI;;;;;;;;;;;;;;;;;;;;;;;;;;
./Gravitar.zip;GRAVITAR;false;19820629T000000;atari;false;;GRAVITAR É UM JOGO PARA 1 OU 2 JOGADORES COM UMA TELA DE VÍDEO COLORIDA XY. ESTE NOVO DISPLAY, COM SUAS TRÊS ARMAS COLORIDAS E VOLTAGEM MAIS ALTA, POSSUI A MESMA TECNOLOGIA USADA NOS DISPLAYS XY EM PRETO E BRANCO ANTERIORES DA ATARI. NO ENTANTO, A TELA AGORA EXIBE CORES DESLUMBRANTES E EFEITOS VISUAIS ÚNICOS.NNNNO JOGADOR CONTROLA UMA NAVE ESPACIAL EM TRÊS SISTEMAS SOLARES DIFERENTES. CADA SISTEMA SOLAR CONSISTE EM UMA BASE DE OPERAÇÕES, UMA ESTRELA DA MORTE, UM PLANETA ALIENÍGENA VERMELHO E QUATRO PLANETAS REGULARES. CADA PLANETA TEM SEU PRÓPRIO TERRENO ÚNICO.;ATARI;;;false;46391;0;SHOOT'EM UP;260;6C42D011;false;;;4d27bd9f52be76bff1b83c85b35119ac;;0;1;ATARI;0,40;;wor;;;;;./media/image/Gravitar-bezel.png;;;;./media/image/Gravitar-bezel.png;;;;;;;;;;;;;;
./Grdians.zip;GRDIANS;false;19950101T000000;;false;;UM BEAT-'EM-UP DESENVOLVIDO PELA WINKY SOFT COM 8 PERSONAGENS SELECIONÁVEIS ​​E MUITOS MOVIMENTOS ESPECIAIS.;WINKY SOFT;;;false;150682;0;BRIGA DE RUA, LUTA / 2.5D, LUTA;263;12EEE497;false;;;38db95990ae4f417873fddfb427a5793;;0;1-2;BANPRESTO;0,60;;wor;;;;;./media/image/Grdians-bezel.png;;;;./media/image/Grdians-bezel.png;;;;;;;;;;;;;;
./Great Hahou Daisakusen.zip;GREAT HAHOU DAISAKUSEN;false;;;false;;;;;;false;;0;;0;;false;;;;;0;;;;;;;;;;;;;;;;;;;;;;;;;;;;
./Gridiron.zip;GRIDIRON;false;;;false;;;;;;false;;0;;0;;false;;;;;0;;;;;;;;;;;;;;;;;;;;;;;;;;;;
./Growl.zip;GROWL (WORLD, REV 1);false;1990/01/01;;false;;;;;;false;;0;;0;;false;;;;;0;;TAITO CORPORATION JAPAN;;;;;;;;;;;;;;;;;;;;;;;;;;
./Gtmr.zip;1000 MIGLIA GREAT 1000 MILES RALLY (TAIWAN 94/07/18);false;1994/01/01;;false;;;;;;false;;0;;0;;false;;;;;0;;KANEKO;;;;;;;;;;;;;;;;;;;;;;;;;;
./Gulfstrm.zip;GULF STORM (SET 1);false;1991/01/01;;false;;;;;;false;;0;;0;;false;;;;;0;;DOOYONG;;;;;;;;;;;;;;;;;;;;;;;;;;
./Gundealr.zip;GUNDEALR;false;;;false;;;;;;false;;0;;0;;false;;;;;0;;;;;;;;;;;;;;;;;;;;;;;;;;;;
./Gundhara.zip;GUNDHARA;false;1995/01/01;;false;;;;;;false;;0;;0;;false;;;;;0;;BANPRESTO;;;;;;;;;;;;;;;;;;;;;;;;;;
./Gunforc2.zip;GUNFORCE 2 (US);false;1994/01/01;;false;;;;;;false;;0;;0;;false;;;;;0;;IREM;;;;;;;;;;;;;;;;;;;;;;;;;;
./Gunforceu.zip;GUNFORCE - BATTLE FIRE ENGULFED TERROR ISLAND (US);false;1991/01/01;;false;;CLONE OF : GUNFORCE (GUNFORCE - BATTLE FIRE ENGULFED TERROR ISLAND (US));;;;false;;0;;0;;false;;;;;0;;IREM AMERICA;;;;;;; Clone Of : gunforce -> Gunforce - Battle Fire Engulfed Terror Island (US);;;;;;;;;;;;;;;;;;;
./Gunsmoke.zip;GUN.SMOKE (WORLD, 851115);false;1985/01/01;;false;;;;;;false;;0;;0;;false;;;;;0;;CAPCOM;;;;;;;;;;;;;;;;;;;;;;;;;;
./Gunsmokj.zip;GUNSMOKJ;false;;;false;;;;;;false;;0;;0;;false;;;;;0;;;;;;;;;;;;;;;;;;;;;;;;;;;;
./Gunsmrom.zip;GUNSMROM;false;;;false;;;;;;false;;0;;0;;false;;;;;0;;;;;;;;;;;;;;;;;;;;;;;;;;;;
./Gururin.zip;GURURIN;false;1994/01/01;;false;;;;;;false;;0;;0;;false;;;;;0;;FACE;;;;;;;;;;;;;;;;;;;;;;;;;;
./Guzzler.zip;GUZZLER;false;1983/01/01;;false;;;;;;false;;0;;0;;false;;;;;0;;TEHKAN;;;;;;;;;;;;;;;;;;;;;;;;;;
./Gwarrior.zip;GALACTIC WARRIORS;false;1985/01/01;;false;;;;;;false;;0;;0;;false;;;;;0;;KONAMI;;;;;;;;;;;;;;;;;;;;;;;;;;
./Gypsyjug.zip;GYPSYJUG;false;;;false;;;;;;false;;0;;0;;false;;;;;0;;;;;;;;;;;;;;;;;;;;;;;;;;;;
./Gyruss.zip;GYRUSS;false;1983/01/01;;false;;;;;;false;;0;;0;;false;;;;;0;;KONAMI;;;;;;;;;;;;;;;;;;;;;;;;;;
./Gyrussce.zip;GYRUSS (CENTURI);false;1983/01/01;;false;;CLONE OF : GYRUSS (GYRUSS (CENTURI));;;;false;;0;;0;;false;;;;;0;;KONAMI (CENTURI LICENSE);;;;;;; Clone Of : gyruss -> Gyruss (Centuri);;;;;;;;;;;;;;;;;;;
./Hachoo.zip;HACHOO!;false;1989/01/01;;false;;;;;;false;;0;;0;;false;;;;;0;;JALECO;;;;;;;;;;;;;;;;;;;;;;;;;;
./Hamburge.zip;HAMBURGE;false;;;false;;;;;;false;;0;;0;;false;;;;;0;;;;;;;;;;;;;;;;;;;;;;;;;;;;
./Hangly.zip;HANGLY-MAN (SET 1);false;1981/01/01;;false;;CLONE OF : PUCKMAN (HANGLY-MAN (SET 1));;;;false;;0;;0;;false;;;;;0;;HACK;;;;;;; Clone Of : puckman -> Hangly-Man (set 1);;;;;;;;;;;;;;;;;;;
./Hangon.zip;HANG-ON (REV A);false;1985/01/01;;false;;;;;;false;;0;;0;;false;;;;;0;;SEGA;;;;;;;;;;;;;;;;;;;;;;;;;;
./Hardhat.zip;HARDHAT;false;;;false;;;;;;false;;0;;0;;false;;;;;0;;;;;;;;;;;;;;;;;;;;;;;;;;;;
./Hatris.zip;HATRIS (US);false;1990/01/01;;false;;;;;;false;;0;;0;;false;;;;;0;;VIDEO SYSTEM CO.;;;;;;;;;;;;;;;;;;;;;;;;;;
./Hbarrel.zip;HEAVY BARREL (WORLD);false;1987/01/01;;false;;;;;;false;;0;;0;;false;;;;;0;;DATA EAST CORPORATION;;;;;;;;;;;;;;;;;;;;;;;;;;
./Hcastle.zip;HAUNTED CASTLE (VER. M);false;1988/01/01;;false;;;;;;false;;0;;0;;false;;;;;0;;KONAMI;;;;;;;;;;;;;;;;;;;;;;;;;;
./Headon.zip;HEAD ON (2 PLAYERS);false;1979/01/01;;false;;;;;;false;;0;;0;;false;;;;;0;;GREMLIN;;;;;;;;;;;;;;;;;;;;;;;;;;
./Headon2.zip;HEADON2;false;;;false;;;;;;false;;0;;0;;false;;;;;0;;;;;;;;;;;;;;;;;;;;;;;;;;;;
./Heatbrl.zip;HEATED BARREL (WORLD VERSION 3);false;1992/01/01;;false;;;;;;false;;0;;0;;false;;;;;0;;TAD CORPORATION;;;;;;;;;;;;;;;;;;;;;;;;;;
./Hexa.zip;HEXA;false;;;false;;;;;;false;;0;;0;;false;;;;;0;;D. R. KOREA;;;;;;;;;;;;;;;;;;;;;;;;;;
./Hharry.zip;HAMMERIN' HARRY (WORLD, M81 HARDWARE));false;1990/01/01;;false;;;;;;false;;0;;0;;false;;;;;0;;IREM;;;;;;;;;;;;;;;;;;;;;;;;;;
./Hharryu.zip;HAMMERIN' HARRY (US, M84 HARDWARE);false;1990/01/01;;false;;CLONE OF : HHARRY (HAMMERIN' HARRY (US, M84 HARDWARE));;;;false;;0;;0;;false;;;;;0;;IREM AMERICA;;;;;;; Clone Of : hharry -> Hammerin' Harry (US, M84 hardware);;;;;;;;;;;;;;;;;;;
./Hiimpact.zip;HIGH IMPACT FOOTBALL (REV LA5 02/15/91);false;1990/01/01;;false;;;;;;false;;0;;0;;false;;;;;0;;WILLIAMS;;;;;;;;;;;;;;;;;;;;;;;;;;
./Hippodrm.zip;HIPPODROME (US);false;1989/01/01;;false;;;;;;false;;0;;0;;false;;;;;0;;DATA EAST USA;;;;;;;;;;;;;;;;;;;;;;;;;;
./Hitice.zip;HIT THE ICE (US);false;1990/01/01;;false;;;;;;false;;0;;0;;false;;;;;0;;TAITO CORPORATION (WILLIAMS LICENCE);;;;;;;;;;;;;;;;;;;;;;;;;;
./Hitnmiss.zip;HITNMISS;false;;;false;;;;;;false;;0;;0;;false;;;;;0;;;;;;;;;;;;;;;;;;;;;;;;;;;;
./Hook.zip;HOOK (WORLD);false;1992/01/01;;false;;;;;;false;;0;;0;;false;;;;;0;;IREM;;;;;;;;;;;;;;;;;;./media/image/Hook-marquee.png;;./media/image/Hook-wheelround.png;;;;;./media/image/Hook-marquee.png;./media/image/Hook-wheelround.png
./Hotgmck.zip;TAISEN HOT GIMMICK (JAPAN);false;1997/01/01;;false;;;;;;false;;0;;0;;false;;;;;0;;PSIKYO;;;;;;;;;;;;;;;;;;;;;;;;;;
./Hsf2.zip;HSF2;false;20040101T000000;cps2;false;;ESTE É UM JOGO DE LUTA COMPETITIVO DA CAPCOM QUE FOI ORIGINALMENTE LANÇADO PARA O PLAYSTATION 2 EM 2003 NO JAPÃO E EM 2004 NA AMÉRICA DO NORTE E ÁSIA. LANÇADO PARA COMEMORAR O 15º ANIVERSÁRIO DA SÉRIE STREET FIGHTER, O HYPER STREET FIGHTER II É UM PORTE MODIFICADO DO SUPER STREET FIGHTER II TURBO, NO QUAL OS JOGADORES PODEM CONTROLAR QUALQUER VERSÃO DOS PERSONAGENS PRINCIPAIS DOS CINCO JOGOS DO STREET FIGHTER II LANÇADOS ANTERIORMENTE PARA OS FLIPERAMAS. EMBORA, ORIGINALMENTE LANÇADO COMO UM JOGO DE CONSOLE DOMÉSTICO, UM PORTE DE ARCADE FOI LANÇADO POUCO TEMPO DEPOIS EM QUANTIDADES LIMITADAS, TRANSFORMANDO-A NA SEXTA E ÚLTIMA ITERAÇÃO PARA ARCADE.;CAPCOM;;;false;149430;0;LUTA, LUTA / VERSUS;262;68FF695B;false;;;7fbb1ecf53a1280257f27a29d44afdf5;;0;1-2;CAPCOM;0,80;;us;;;;;./media/image/Hsf2-bezel.png;;;;./media/image/Hsf2-bezel.png;;;;;;;;;;;;;;
./Hsf2d.zip;HYPER STREET FIGHTER II THE ANNIVERSARY EDITION (040202 ASIA PHOENIX EDITION);false;2004/01/01;;false;;CLONE OF : HSF2 (HYPER STREET FIGHTER II THE ANNIVERSARY EDITION (040202 ASIA PHOENIX EDITION));;;;false;;0;;0;;false;;;;;0;;BOOTLEG;;;;;;; Clone Of : hsf2 -> Hyper Street Fighter II The Anniversary Edition (040202 Asia Phoenix Edition);;;;;;;;;;;;;;;;;;;
./Hunchy.zip;HUNCHY;false;;;false;;;;;;false;;0;;0;;false;;;;;0;;;;;;;;;;;;;;;;;;;;;;;;;;;;
./Hustle.zip;HUSTLE;false;1977/01/01;;false;;;;;;false;;0;;0;;false;;;;;0;;GREMLIN;;;;;;;;;;;;;;;;;;;;;;;;;;
./Hustler.zip;VIDEO HUSTLER;false;1981/01/01;;false;;;;;;false;;0;;0;;false;;;;;0;;KONAMI;;;;;;;;;;;;;;;;;;;;;;;;;;
./Hwchamp.zip;HEAVYWEIGHT CHAMP (SET 1);false;1987/01/01;;false;;;;;;false;;0;;0;;false;;;;;0;;SEGA;;;;;;;;;;;;;;;;;;;;;;;;;;
./Hydra.zip;HYDRA;false;1990/01/01;;false;;;;;;false;;0;;0;;false;;;;;0;;ATARI GAMES;;;;;;;;;;;;;;;;;;;;;;;;;;
./Hypersp.zip;HYPERSP;false;;;false;;;;;;false;;0;;0;;false;;;;;0;;;;;;;;;;;;;;;;;;;;;;;;;;;;
./Hyperspt.zip;HYPER SPORTS;false;1984/01/01;;false;;;;;;false;;0;;0;;false;;;;;0;;KONAMI (CENTURI LICENSE);;;;;;;;;;;;;;;;;;;;;;;;;;
./Hyprolym.zip;HYPER OLYMPIC;false;1983/01/01;;false;;CLONE OF : TRACKFLD (HYPER OLYMPIC);;;;false;;0;;0;;false;;;;;0;;KONAMI;;;;;;; Clone Of : trackfld -> Hyper Olympic;;;;;;;;;;;;;;;;;;;
./Ikari3.zip;IKARI III - THE RESCUE (8-WAY JOYSTICK);false;1989/01/01;;false;;;;;;false;;0;;0;;false;;;;;0;;SNK;;;;;;;;;;;;;;;;;;;;;;;;;;
./Imsorry.zip;I'M SORRY (315-5110, US);false;1985/01/01;;false;;;;;;false;;0;;0;;false;;;;;0;;CORELAND / SEGA;;;;;;;;;;;;;;;;;;;;;;;;;;
./Indyheat.zip;INDYHEAT;false;;;false;;;;;;false;;0;;0;;false;;;;;0;;;;;;;;;;;;;;;;;;;;;;;;;;;;
./Indytemp.zip;INDYTEMP;false;;;false;;;;;;false;;0;;0;;false;;;;;0;;;;;;;;;;;;;;;;;;;;;;;;;;;;
./Intcup94.zip;INTERNATIONAL CUP '94 (VER 2.2O 1994/05/26);false;1994/01/01;;false;;;;;;false;;0;;0;;false;;;;;0;;TAITO CORPORATION JAPAN;;;;;;;;;;;;;;;;;;;;;;;;;;
./Inthunt.zip;IN THE HUNT (WORLD);false;1993/01/01;;false;;;;;;false;;0;;0;;false;;;;;0;;IREM;;;;;;;;;;;;;;;;;;;;;;;;;;
./Invaders.zip;SPACE INVADERS / SPACE INVADERS M;false;1978/01/01;;false;;;;;;false;;0;;0;;false;;;;;0;;TAITO / MIDWAY;;;;;;;;;;;;;;;;;;;;;;;;;;
./Invadpt2.zip;INVADPT2;false;;;false;;;;;;false;;0;;0;;false;;;;;0;;;;;;;;;;;;;;;;;;;;;;;;;;;;
./Invdelux.zip;INVDELUX;false;;;false;;;;;;false;;0;;0;;false;;;;;0;;;;;;;;;;;;;;;;;;;;;;;;;;;;
./Invds.zip;INVDS;false;;;false;;;;;;false;;0;;0;;false;;;;;0;;;;;;;;;;;;;;;;;;;;;;;;;;;;
./Invho2.zip;INVHO2;false;;;false;;;;;;false;;0;;0;;false;;;;;0;;;;;;;;;;;;;;;;;;;;;;;;;;;;
./Invinco.zip;INVINCO;false;;;false;;;;;;false;;0;;0;;false;;;;;0;;;;;;;;;;;;;;;;;;;;;;;;;;;;
./Invrvnge.zip;INVRVNGE;false;;;false;;;;;;false;;0;;0;;false;;;;;0;;;;;;;;;;;;;;;;;;;;;;;;;;;;
./Irobot (2).zip;IROBOT (2);false;;;false;;;;;;false;;0;;0;;false;;;;;0;;;;;;;;;;./media/image/Irobot (2)-bezel.png;;;;./media/extras/Irobot (2)-extra1.png;./media/fanart/Irobot (2)-fanart.jpg;;;./media/manuals/Irobot (2)_(us).pdf;;;;;./media/screenshots/Irobot (2)-screenshot.png;./media/image/Irobot (2)-titleshot.png;;./media/videos/Irobot (2)-video.mp4;;
./Irobot.zip;IROBOT;false;;;false;;;;;;false;;0;;0;;false;;;;;0;;;;;;;;;;;;;;;;;;;;;;;;;;;;
./Ironhors.zip;IRON HORSE;false;1986/01/01;;false;;;;;;false;;0;;0;;false;;;;;0;;KONAMI;;;;;;;;;;;;;;;;;;;;;;;;;;
./Irritating Maze, The.zip;IRRITATING MAZE, THE;false;;;false;;;;;;false;;0;;0;;false;;;;;0;;;;;;;;;;;;;;;;;;;;;;;;;;;;
./Jack.zip;JACK THE GIANTKILLER (SET 1);false;1982/01/01;;false;;;;;;false;;0;;0;;false;;;;;0;;HARA INDUSTRIES (CINEMATRONICS LICENSE);;;;;;;;;;;;;;;;;;;;;;;;;;
./Jailbrek.zip;JAIL BREAK;false;1986/01/01;;false;;;;;;false;;0;;0;;false;;;;;0;;KONAMI;;;;;;;;;;;;;;;;;;;;;;;;;;
./Japirem.zip;JAPIREM;false;;;false;;;;;;false;;0;;0;;false;;;;;0;;;;;;;;;;;;;;;;;;;;;;;;;;;;
./Jbugsega.zip;JBUGSEGA;false;;;false;;;;;;false;;0;;0;;false;;;;;0;;;;;;;;;;;;;;;;;;;;;;;;;;;;
./Jedi.zip;RETURN OF THE JEDI;false;1984/01/01;;false;;;;;;false;;0;;0;;false;;;;;0;;ATARI;;;;;;;;;;;;;;;;;;;;;;;;;;
./Jhunt.zip;JHUNT;false;;;false;;;;;;false;;0;;0;;false;;;;;0;;;;;;;;;;;;;;;;;;;;;;;;;;;;
./Jjack.zip;JUMPING JACK;false;1984/01/01;;false;;;;;;false;;0;;0;;false;;;;;0;;UNIVERSAL;;;;;;;;;;;;;;;;;;;;;;;;;;
./Jojobanr1.zip;JOJO'S BIZARRE ADVENTURE HERITAGE FOR THE FUTURE / JOJO NO KIMYOU NA BOUKEN MIRAI E NO ISAN (JAPAN 990913, NO CD);false;1999/01/01;;false;;CLONE OF : JOJOBA (JOJO'S BIZARRE ADVENTURE HERITAGE FOR THE FUTURE / JOJO NO KIMYOU NA BOUKEN MIRAI E NO ISAN (JAPAN 990913, NO CD));;;;false;;0;;0;;false;;;;;0;;CAPCOM;;;;;;; Clone Of : jojoba -> JoJo's Bizarre Adventure Heritage for the Future / JoJo no Kimyou na Bouken Mirai e no Isan (Japan 990913, NO CD);;;;;;;;;;;;;;;;;;;
./Jojon.zip;JOJO'S VENTURE / JOJO NO KIMYOU NA BOUKEN (ASIA 990128, NO CD);false;1998/01/01;;false;;CLONE OF : JOJO (JOJO'S VENTURE / JOJO NO KIMYOU NA BOUKEN (ASIA 990128, NO CD));;;;false;;0;;0;;false;;;;;0;;CAPCOM;;;;;;; Clone Of : jojo -> JoJo's Venture / JoJo no Kimyou na Bouken (Asia 990128, NO CD);;;;;;;;;;;;;;;;;;;
./Journey.zip;JOURNEY;false;1983/01/01;;false;;;;;;false;;0;;0;;false;;;;;0;;BALLY MIDWAY;;;;;;;;;;;;;;;;;;;;;;;;;;
./Joust.zip;JOUST (WHITE/GREEN LABEL);false;1982/01/01;;false;;;;;;false;;0;;0;;false;;;;;0;;WILLIAMS;;;;;;;;;;;;;;;;;;;;;;;;;;
./Joustg.zip;JOUSTG;false;;;false;;;;;;false;;0;;0;;false;;;;;0;;;;;;;;;;;;;;;;;;;;;;;;;;;;
./Joustr.zip;JOUST (SOLID RED LABEL);false;1982/01/01;;false;;CLONE OF : JOUST (JOUST (SOLID RED LABEL));;;;false;;0;;0;;false;;;;;0;;WILLIAMS;;;;;;; Clone Of : joust -> Joust (Solid Red label);;;;;;;;;;;;;;;;;;;
./Joustwr.zip;JOUSTWR;false;;;false;;;;;;false;;0;;0;;false;;;;;0;;;;;;;;;;;;;;;;;;;;;;;;;;;;
./Jrpacman.zip;JR. PAC-MAN (11/9/83);false;1983/01/01;;false;;;;;;false;;0;;0;;false;;;;;0;;BALLY MIDWAY;;;;;;;;;;;;;;;;;;;;;;;;;;
./Jumpbug.zip;JUMP BUG;false;1981/01/01;;false;;;;;;false;;0;;0;;false;;;;;0;;ROCK-OLA;;;;;;;;;;;;;;;;;;;;;;;;;;
./Jumpcoas.zip;JUMP COASTER (WORLD);false;1983/01/01;;false;;;;;;false;;0;;0;;false;;;;;0;;KANEKO ELC. CO;;;;;;;;;;;;;;;;;;;;;;;;;;
./Jungleh.zip;JUNGLE HUNT (US);false;1982/01/01;;false;;CLONE OF : JUNGLEK (JUNGLE HUNT (US));;;;false;;0;;0;;false;;;;;0;;TAITO AMERICA CORPORATION;;;;;;; Clone Of : junglek -> Jungle Hunt (US);;;;;;;;;;;;;;;;;;;
./Junglek.zip;JUNGLE KING (JAPAN);false;1982/01/01;;false;;;;;;false;;0;;0;;false;;;;;0;;TAITO CORPORATION;;;;;;;;;;;;;;;;;;;;;;;;;;
./Jungler.zip;JUNGLER;false;1981/01/01;;false;;;;;;false;;0;;0;;false;;;;;0;;KONAMI;;;;;;;;;;;;;;;;;;;;;;;;;;
./Junofrst.zip;JUNO FIRST;false;1983/01/01;;false;;;;;;false;;0;;0;;false;;;;;0;;KONAMI;;;;;;;;;;;;;;;;;;;;;;;;;;
./Kabuki Klash - Far East Of Eden.zip;KABUKI KLASH - FAR EAST OF EDEN;false;;;false;;;;;;false;;0;;0;;false;;;;;0;;;;;;;;;;;;;;;;;;;;;;;;;;;;
./Kaiserkn.zip;KAISER KNUCKLE (VER 2.1O 1994/07/29);false;1994/01/01;;false;;;;;;false;;0;;0;;false;;;;;0;;TAITO CORPORATION JAPAN;;;;;;;;;;;;;;;;;;;;;;;;;;
./Kamikaze.zip;KAMIKAZE;false;;;false;;;;;;false;;0;;0;;false;;;;;0;;;;;;;;;;;;;;;;;;;;;;;;;;;;
./Kangaroo.zip;KANGAROO;false;1982/01/01;;false;;;;;;false;;0;;0;;false;;;;;0;;SUN ELECTRONICS;;;;;;;;;;;;;;;;;;;;;;;;;;
./Kaos.zip;KAOS;false;;;false;;;;;;false;;0;;0;;false;;;;;0;;;;;;;;;;;;;;;;;;;;;;;;;;;;
./Karatblz.zip;KARATE BLAZERS (WORLD, SET 1);false;1991/01/01;;false;;;;;;false;;0;;0;;false;;;;;0;;VIDEO SYSTEM CO.;;;;;;;;;;;;;;;;;;;;;;;;;;
./Karianx.zip;KARIAN CROSS (REV. 1.0);false;1996/01/01;;false;;;;;;false;;0;;0;;false;;;;;0;;DENIAM;;;;;;;;;;;;;;;;;;;;;;;;;;
./Karnov.zip;KARNOV (US, REV 6);false;1987/01/01;;false;;;;;;false;;0;;0;;false;;;;;0;;DATA EAST USA;;;;;;;;;;;;;;;;;;;;;;;;;;
./Karnovj.zip;KARNOV (JAPAN);false;1987/01/01;;false;;CLONE OF : KARNOV (KARNOV (JAPAN));;;;false;;0;;0;;false;;;;;0;;DATA EAST CORPORATION;;;;;;; Clone Of : karnov -> Karnov (Japan);;;;;;;;;;;;;;;;;;;
./Kbash.zip;KNUCKLE BASH;false;1993/01/01;;false;;;;;;false;;0;;0;;false;;;;;0;;TOAPLAN / ATARI;;;;;;;;;;;;;;;;;;;;;;;;;;
./Kengo.zip;KEN-GO (SET 1);false;1991/01/01;;false;;CLONE OF : LTSWORDS (KEN-GO (SET 1));;;;false;;0;;0;;false;;;;;0;;IREM;;;;;;; Clone Of : ltswords -> Ken-Go (set 1);;;;;;;;;;;;;;;;;;;
./Kick.zip;KICK (UPRIGHT);false;1981/01/01;;false;;;;;;false;;0;;0;;false;;;;;0;;MIDWAY;;;;;;;;;;;;;;;;;;;;;;;;;;
./Kickman.zip;KICKMAN (UPRIGHT);false;1981/01/01;;false;;CLONE OF : KICK (KICKMAN (UPRIGHT));;;;false;;0;;0;;false;;;;;0;;MIDWAY;;;;;;; Clone Of : kick -> Kickman (upright);;;;;;;;;;;;;;;;;;;
./Kicknrun.zip;KICK AND RUN (WORLD);false;1986/01/01;;false;;;;;;false;;0;;0;;false;;;;;0;;TAITO CORPORATION;;;;;;;;;;;;;;;;;;;;;;;;;;
./Kickridr.zip;KICK RIDER;false;1984/01/01;;false;;;;;;false;;0;;0;;false;;;;;0;;UNIVERSAL;;;;;;;;;;;;;;;;;;;;;;;;;;
./Kidniki.zip;KID NIKI - RADICAL NINJA (WORLD);false;1986/01/01;;false;;;;;;false;;0;;0;;false;;;;;0;;IREM;;;;;;;;;;;;;;;;;;;;;;;;;;
./Killcom.zip;KILLCOM;false;;;false;;;;;;false;;0;;0;;false;;;;;0;;;;;;;;;;;;;;;;;;;;;;;;;;;;
./King Of Dragons, The.zip;KING OF DRAGONS, THE;false;;;false;;;;;;false;;0;;0;;false;;;;;0;;;;;;;;;;;;;;;;;;;;;;;;;;;;
./King Of Fighters 2000, The.zip;KING OF FIGHTERS 2000, THE;false;;;false;;;;;;false;;0;;0;;false;;;;;0;;;;;;;;;;;;;;;;;;;;;;;;;;;;
./King Of Fighters 2001,The.zip;KING OF FIGHTERS 2001,THE;false;;;false;;;;;;false;;0;;0;;false;;;;;0;;;;;;;;;;;;;;;;;;;;;;;;;;;;
./King Of Fighters 2002 - Challenge To Ultimate Battle, The.zip;KING OF FIGHTERS 2002 - CHALLENGE TO ULTIMATE BATTLE, THE;false;;;false;;;;;;false;;0;;0;;false;;;;;0;;;;;;;;;;;;;;;;;;;;;;;;;;;;
./King Of Fighters '94, The.zip;KING OF FIGHTERS '94, THE;false;;;false;;;;;;false;;0;;0;;false;;;;;0;;;;;;;;;;;;;;;;;;;;;;;;;;;;
./King Of Fighters '95, The.zip;KING OF FIGHTERS '95, THE;false;;;false;;;;;;false;;0;;0;;false;;;;;0;;;;;;;;;;;;;;;;;;;;;;;;;;;;
./King Of Fighters '96, The.zip;KING OF FIGHTERS '96, THE;false;;;false;;;;;;false;;0;;0;;false;;;;;0;;;;;;;;;;;;;;;;;;;;;;;;;;;;
./King Of Fighters '97 Plus, The.zip;KING OF FIGHTERS '97 PLUS, THE;false;;;false;;;;;;false;;0;;0;;false;;;;;0;;;;;;;;;;;;;;;;;;;;;;;;;;;;
./King Of Fighters '97, The.zip;KING OF FIGHTERS '97, THE;false;;;false;;;;;;false;;0;;0;;false;;;;;0;;;;;;;;;;;;;;;;;;;;;;;;;;;;
./King Of Fighters '98 - The Slugfest, The.zip;KING OF FIGHTERS '98 - THE SLUGFEST, THE;false;;;false;;;;;;false;;0;;0;;false;;;;;0;;;;;;;;;;;;;;;;;;;;;;;;;;;;
./King Of Fighters '99 - Millennium Battle, The.zip;KING OF FIGHTERS '99 - MILLENNIUM BATTLE, THE;false;;;false;;;;;;false;;0;;0;;false;;;;;0;;;;;;;;;;;;;;;;;;;;;;;;;;;;
./King Of The Monsters.zip;KING OF THE MONSTERS;false;;;false;;;;;;false;;0;;0;;false;;;;;0;;;;;;;;;;;;;;;;;;;;;;;;;;;;
./Kinst.zip;KINST;false;;;false;;;;;;false;;0;;0;;false;;;;;0;;;;;;;;;;;;;;;;;;;;;;;;;;;;
./Kizuna Encounter - Super Tag Battle.zip;KIZUNA ENCOUNTER - SUPER TAG BATTLE;false;;;false;;;;;;false;;0;;0;;false;;;;;0;;;;;;;;;;;;;;;;;;;;;;;;;;;;
./Kizuna.zip;KIZUNA ENCOUNTER - SUPER TAG BATTLE / FU'UN SUPER TAG BATTLE;false;1996/01/01;;false;;;;;;false;;0;;0;;false;;;;;0;;SNK;;;;;;;;;;;;;;;;;;;;;;;;;;
./Klax.zip;KLAX (VERSION 6);false;1989/01/01;;false;;;;;;false;;0;;0;;false;;;;;0;;ATARI GAMES;;;;;;;;;;;;;;;;;;;;;;;;;;
./Knckhead.zip;KNUCKLE HEADS (WORLD);false;1992/01/01;;false;;;;;;false;;0;;0;;false;;;;;0;;NAMCO;;;;;;;;;;;;;;;;;;;;;;;;;;
./Knights Of The Round.zip;KNIGHTS OF THE ROUND;false;;;false;;;;;;false;;0;;0;;false;;;;;0;;;;;;;;;;;;;;;;;;;;;;;;;;;;
./Knightsu.zip;KNIGHTS OF THE ROUND (911127 USA);false;1991/01/01;;false;;CLONE OF : KNIGHTS (KNIGHTS OF THE ROUND (911127 USA));;;;false;;0;;0;;false;;;;;0;;CAPCOM;;;;;;; Clone Of : knights -> Knights of the Round (911127 USA);;;;;;;;;;;;;;;;;;;
./Kodu.zip;THE KING OF DRAGONS (US 910910);false;1991/01/01;;false;;CLONE OF : KOD (THE KING OF DRAGONS (US 910910));;;;false;;0;;0;;false;;;;;0;;CAPCOM;;;;;;; Clone Of : kod -> The King of Dragons (US 910910);;;;;;;;;;;;;;;;;;;
./Kof2002.zip;THE KING OF FIGHTERS 2002 (NGM-2650)(NGH-2650);false;2002/01/01;;false;;;;;;false;;0;;0;;false;;;;;0;;EOLITH / PLAYMORE;;;;;;;;;;;;;;;;;;;;;;;;;;
./Kof2003.zip;THE KING OF FIGHTERS 2003 (NGM-2710);false;2003/01/01;;false;;;;;;false;;0;;0;;false;;;;;0;;SNK PLAYMORE;;;;;;;;;;;;;;;;;;;;;;;;;;
./Kof95.zip;THE KING OF FIGHTERS '95 (NGM-084);false;1995/01/01;;false;;;;;;false;;0;;0;;false;;;;;0;;SNK;;;;;;;;;;;;;;;;;;;;;;;;;;
./Kof96.zip;THE KING OF FIGHTERS '96 (NGM-214);false;1996/01/01;;false;;;;;;false;;0;;0;;false;;;;;0;;SNK;;;;;;;;;;;;;;;;;;;;;;;;;;
./Kof97.zip;THE KING OF FIGHTERS '97 (NGM-2320);false;1997/01/01;;false;;;;;;false;;0;;0;;false;;;;;0;;SNK;;;;;;;;;;;;;;;;;;;;;;;;;;
./Kof98h.zip;THE KING OF FIGHTERS '98 - THE SLUGFEST / KING OF FIGHTERS '98 - DREAM MATCH NEVER ENDS (NGH-2420);false;1998/01/01;;false;;CLONE OF : KOF98 (THE KING OF FIGHTERS '98 - THE SLUGFEST / KING OF FIGHTERS '98 - DREAM MATCH NEVER ENDS (NGH-2420));;;;false;;0;;0;;false;;;;;0;;SNK;;;;;;; Clone Of : kof98 -> The King of Fighters '98 - The Slugfest / King of Fighters '98 - dream match never ends (NGH-2420);;;;;;;;;;;;;;;;;;;
./Konamigt.zip;KONAMI GT;false;1985/01/01;;false;;;;;;false;;0;;0;;false;;;;;0;;KONAMI;;;;;;;;;;;;;;;;;;;;;;;;;;
./Kotm2.zip;KOTM2;false;19920101T000000;snk;false;;O OBJETO DO KING OF THE MONSTERS 2 É SEMELHANTE AO SEU PREDECESSOR. ESCOLHA ENTRE TRÊS MONSTROS QUE INCLUEM UM GRANDE LAGARTO, UM GRANDE MACACO ROBÓTICO E UM ENORME HUMANO MUTANTE. EM SEGUIDA, CAMINHE POR CADA CIDADE, CERTIFICANDO-SE DE DESTRUIR TUDO NO LOCAL, INCLUINDO AVIÕES, EDIFÍCIOS E OUTRAS CRIATURAS. QUANDO DESTRUÍDOS, ALGUNS PRÉDIOS REVELAM POWER-UPS QUE TORNAM SEU PERSONAGEM MAIS PODEROSO. NO FINAL DE CADA CIDADE, VOCÊ VAI CARA A CARA COM A CRIATURA CHEFE. EXISTEM PEQUENOS ESTÁGIOS ENTRE OS QUAIS VOCÊ LUTA CONTRA UM SEGUNDO MONSTRO POR PONTOS DE BÔNUS, OU VOCÊ CAI DO CÉU E ATERRISSA DEBAIXO D'ÁGUA ONDE VOCÊ TENTA COLETAR PONTOS E POWER-UPS ENQUANTO CAI.;SNK;;;false;37598;0;BRIGA DE RUA;263;7E762A17;false;en;;545921a553fe096f10a36c2f93a7e632;Jogador individual;0;1-2;SNK;0,60;;wor;;;;;./media/image/Kotm2-bezel.png;;;;./media/image/Kotm2-bezel.png;;;;;;;;;;;;;;
./Kroozr.zip;KOZMIK KROOZR;false;1982/01/01;;false;;;;;;false;;0;;0;;false;;;;;0;;BALLY MIDWAY;;;;;;;;;;;;;;;;;;;;;;;;;;
./Krull.zip;KRULL;false;1983/01/01;;false;;;;;;false;;0;;0;;false;;;;;0;;GOTTLIEB;;;;;;;;;;;;;;;;;;;;;;;;;;
./Kungfub.zip;KUNG-FU MASTER (BOOTLEG SET 1);false;1984/01/01;;false;;CLONE OF : KUNGFUM (KUNG-FU MASTER (BOOTLEG SET 1));;;;false;;0;;0;;false;;;;;0;;BOOTLEG;;;;;;; Clone Of : kungfum -> Kung-Fu Master (bootleg set 1);;;;;;;;;;;;;;;;;;;
./Kungfum.zip;KUNG-FU MASTER;false;1984/01/01;;false;;;;;;false;;0;;0;;false;;;;;0;;IREM;;;;;;;;;;;;;;;;;;;;;;;;;;
./Kurikint.zip;KURI KINTON (WORLD);false;1988/01/01;;false;;;;;;false;;0;;0;;false;;;;;0;;TAITO CORPORATION JAPAN;;;;;;;;;;;;;;;;;;;;;;;;;;
./Kyukaidk.zip;KYUUKAI DOUCHUUKI (JAPAN, NEW VERSION (REV B));false;1990/01/01;;false;;;;;;false;;0;;0;;false;;;;;0;;NAMCO;;;;;;;;;;;;;;;;;;;;;;;;;;
./Ladybug.zip;LADY BUG;false;1981/01/01;;false;;;;;;false;;0;;0;;false;;;;;0;;UNIVERSAL;;;;;;;;;;;;;;;;;;;;;;;;;;
./Last Blade 2, The.zip;LAST BLADE 2, THE;false;;;false;;;;;;false;;0;;0;;false;;;;;0;;;;;;;;;;;;;;;;;;;;;;;;;;;;
./Last Blade, The.zip;LAST BLADE, THE;false;;;false;;;;;;false;;0;;0;;false;;;;;0;;;;;;;;;;;;;;;;;;;;;;;;;;;;
./Last Resort.zip;LAST RESORT;false;;;false;;;;;;false;;0;;0;;false;;;;;0;;;;;;;;;;;;;;;;;;;;;;;;;;;;
./Lastblad.zip;THE LAST BLADE / BAKUMATSU ROMAN - GEKKA NO KENSHI (NGM-2340);false;1997/01/01;;false;;;;;;false;;0;;0;;false;;;;;0;;SNK;;;;;;;;;;;;;;;;;;;;;;;;;;
./Lazercmd.zip;LAZERCMD;false;;;false;;;;;;false;;0;;0;;false;;;;;0;;;;;;;;;;;;;;;;;;;;;;;;;;;;
./Ldrun.zip;LODE RUNNER (SET 1);false;1984/01/01;;false;;;;;;false;;0;;0;;false;;;;;0;;IREM (LICENSED FROM BRODERBUND);;;;;;;;;;;;;;;;;;;;;;;;;;
./Ldrun2.zip;LDRUN2;false;19840101T000000;irem;false;;EM 1984, DEPOIS DE DESENVOLVER A PRIMEIRA CONVERSÃO DE ARCADE DE LODE RUNNER, IREM DESENVOLVEU UMA SEQUÊNCIA EM UM PERÍODO MUITO CURTO DE TEMPO. ESTA SEGUNDA VERSÃO CONTINHA 30 NÍVEIS SELECIONADOS DOS 150 NÍVEIS ORIGINAIS, EM COMPARAÇÃO COM OS 24 NÍVEIS DA PRIMEIRA VERSÃO. ALÉM DOS NOVOS NÍVEIS E ALGUMAS NOVAS VISÕES PARA OS INIMIGOS (TODOS COM O MESMO COMPORTAMENTO), NÃO HÁ DIFERENÇA NO JOGO.;IREM;;;false;42119;0;PLATAFORMA, PLATAFORMA / CORRE E PULA;257;06D3941A;false;;;947cc08d312f1c948b12080b6f5de723;;0;1-2;IREM;0,80;;wor;;;;;;;;;;;;;;;;;;;;;;;
./Ldrun3.zip;LDRUN3;false;19850101T000000;irem;false;;UMA SEQUÊNCIA DE LODE RUNNER 2 PARA O JAPÃO COM TODOS OS NOVOS NÍVEIS. A JOGABILIDADE É A MESMA QUE A ORIGINAL. VOCÊ AINDA PRECISA COLETAR O OURO E EVITAR OS ROBÔS. DEPOIS DE COLETAR TODO O OURO EM UM NÍVEL, APARECERÁ UMA NOVA ESCADA QUE VOCÊ PODERÁ USAR PARA PASSAR AO PRÓXIMO NÍVEL.;IREM;;;false;42120;0;PLATAFORMA, PLATAFORMA / CORRE E PULA;257;A221CA52;false;;;b7fcea92731c363144974c845fd6fd6a;;0;1-2;IREM;0,80;;wor;;;;;;;;;;;;;;;;;;;;;;;
./Ldrun4.zip;LODE RUNNER IV - TEIKOKU KARANO DASSHUTSU;false;1986/01/01;;false;;;;;;false;;0;;0;;false;;;;;0;;IREM (LICENSED FROM BRODERBUND);;;;;;;;;;;;;;;;;;;;;;;;;;
./Le2.zip;LE2;false;;;false;;;;;;false;;0;;0;;false;;;;;0;;;;;;;;;;;;;;;;;;;;;;;;;;;;
./League Bowling.zip;LEAGUE BOWLING;false;;;false;;;;;;false;;0;;0;;false;;;;;0;;;;;;;;;;;;;;;;;;;;;;;;;;;;
./Legend Of Success Joe.zip;LEGEND OF SUCCESS JOE;false;;;false;;;;;;false;;0;;0;;false;;;;;0;;;;;;;;;;;;;;;;;;;;;;;;;;;;
./Legionna.zip;LEGIONNAIRE (WORLD);false;1992/01/01;;false;;;;;;false;;0;;0;;false;;;;;0;;TAD CORPORATION;;;;;;;;;;;;;;;;;;;;;;;;;;
./Leprechn.zip;LEPRECHN;false;;;false;;;;;;false;;0;;0;;false;;;;;0;;;;;;;;;;;;;;;;;;;;;;;;;;;;
./Lethalen.zip;LETHAL ENFORCERS (VER UAE, 11/19/92 1504);false;1992/01/01;;false;;;;;;false;;0;;0;;false;;;;;0;;KONAMI;;;;;;;;;;;;;;;;;;;;;;;;;;
./Lethalj.zip;LETHALJ;false;19960101T000000;;false;;É HORA DE RETOMAR NOSSAS RUAS!! SEU OBJETIVO É LIVRAR AS RUAS DE TODOS OS BANDIDOS E PROTEGER AS PESSOAS INOCENTES. A PRIMEIRA CENA CONTÉM PRÁTICA DE TIRO AO ALVO PARA DESENVOLVER SUAS HABILIDADES DE TIRO PARA FUTUROS TIROTEIOS COM OS BANDIDOS. ATIRE EM TODOS OS ALVOS COLORIDOS CORRESPONDENTES, SE ERRAR UM ALVO, VOCÊ PERDE UMA VIDA. NÃO ATIRE EM NENHUMA VÍTIMA INOCENTE, SE VOCÊ ATIRAR EM UMA VOCÊ PERDE UMA VIDA. RECARREGUE SUA ARMA ATIRANDO NA TELA A QUALQUER MOMENTO. ATIRE EM ARMAS PARA OBTER PODER DE FOGO EXTRA. -357 MAGNUM – BALAS DE GRANDE CALIBRE. 6 BALAS POR RODADA. -RIFLE - TIRO RÁPIDO. 12 BALAS POR RODADA. -PISTOLA - 6 BALAS POR RODADA. VOCÊ PERDE SUA VIDA PELOS TIROS DO INIMIGO. ENCONTRE SALAS SECRETAS E RECURSOS OCULTOS ATIRANDO EM CERTOS OBJETOS.;THE GAME ROOM;;;false;42134;0;TIRO, TIRO COM LIGHTGUN;261;A89D6D33;false;;;25d71d761047666698151423ffa97bdc;;0;1-2;THE GAME ROOM;0,40;;wor;;;;;;;;;;;;;;;;;;;;;;;
./Lethalth.zip;LETHALTH;false;19910101T000000;irem;false;;UM SIMPLES SHOOT-EM-UP COM MÚLTIPLOS FINAIS COM BASE NO SEU DESEMPENHO EM CADA NÍVEL. SUAS ARMAS AUMENTAM A FORÇA E FICAM MAIS FORTES QUANDO VOCÊ PRESSIONA O BOTÃO DE DISPARO RAPIDAMENTE, MAS O MEDIDOR DE FORÇA SERÁ DRENADO SE VOCÊ PARAR DE PRESSIONAR O BOTÃO. DEPOIS DE CARREGAR ENERGIA SUFICIENTE, VOCÊ PODE PRESSIONAR O BOTÃO DE BOMBA PARA UM ATAQUE INTELIGENTE QUE CONSOME TODO O MEDIDOR DE ENERGIA. COM MAIS ENERGIA, CRIA UMA EXPLOSÃO MAIOR. OS POWER-UPS TROCAM SUA ARMA PARA DISPARAR PROJÉTEIS DIFERENTES, COMO LASERS QUE SE ESPALHAM EM ÂNGULOS RETOS E UM LANÇA-CHAMAS QUE CHEGA MAIS LONGE COM MAIS POTÊNCIA.;IREM;;;false;42135;0;SHOOT'EM UP / VERTICAL, SHOOT'EM UP;260;BEC03DC6;false;;;9be59526bfdc10ac050532c9b45d1a3b;;0;1-2;IREM;0,40;;wor;Right;;;;;;;;;;;;;;;;;;;;;;
./Lgtnfght.zip;LIGHTNING FIGHTERS (WORLD);false;1990/01/01;;false;;;;;;false;;0;;0;;false;;;;;0;;KONAMI;;;;;;;;;;;;;;;;;;;;;;;;;;
./Liberatr.zip;LIBERATR;false;;;false;;;;;;false;;0;;0;;false;;;;;0;;;;;;;;;;;;;;;;;;;;;;;;;;;;
./Lifefrce.zip;LIFEFORCE (US);false;1986/01/01;;false;;CLONE OF : SALAMAND (LIFEFORCE (US));;;;false;;0;;0;;false;;;;;0;;KONAMI;;;;;;; Clone Of : salamand -> Lifeforce (US);;;;;;;;;;;;;;;;;;;
./Liquidku.zip;LIQUID KIDS (US);false;1990/01/01;;false;;CLONE OF : LIQUIDK (LIQUID KIDS (US));;;;false;;0;;0;;false;;;;;0;;TAITO AMERICA CORPORATION;;;;;;; Clone Of : liquidk -> Liquid Kids (US);;;;;;;;;;;;;;;;;;;
./Lkage.zip;THE LEGEND OF KAGE;false;1984/01/01;;false;;;;;;false;;0;;0;;false;;;;;0;;TAITO CORPORATION;;;;;;;;;;;;;;;;;;;;;;;;;;
./Llander.zip;LUNAR LANDER (REV 2);false;1979/01/01;;false;;;;;;false;;0;;0;;false;;;;;0;;ATARI;;;;;;;;;;;;;;;;;;;;;;;;;;
./Lnc.zip;LOCK'N'CHASE;false;1981/01/01;;false;;;;;;false;;0;;0;;false;;;;;0;;DATA EAST CORPORATION;;;;;;;;;;;;;;;;;;;;;;;;;;
./Locomotn.zip;LOCO-MOTION;false;1982/01/01;;false;;;;;;false;;0;;0;;false;;;;;0;;KONAMI (CENTURI LICENSE);;;;;;;;;;;;;;;;;;;;;;;;;;
./Loht.zip;LOHT;false;19890101T000000;irem;false;;UM PEQUENO HERÓI ENCAPUZADO ABRE CAMINHO ATÉ O CASTELO DO CHEFE ATRAVÉS DE UM LINDO MUNDO DE ROLAGEM. OS INIMIGOS PODEM SER MORTOS POR BOLAS DE FOGO OU ATORDOADOS AO SEREM ATACADOS. INIMIGOS E BAÚS MORTOS DEIXAM MOEDAS PARA AUMENTAR A PONTUAÇÃO DE UMA PESSOA E AS OPÇÕES DÃO TIROS DIRECIONADOS E BOLAS DE FOGO SALTITANTES.;IREM;;;false;42167;0;PLATAFORMA, LUTA, LUTA / 2D;257;3325E3ED;false;;;bdeaf7151661b0a66ac934fc1a6688e2;;0;1-2;IREM;0,60;;wor;;;;;;;;;;;;;;;;;;;;;;;
./Lomakai.zip;LEGEND OF MAKAI (WORLD);false;1988/01/01;;false;;;;;;false;;0;;0;;false;;;;;0;;JALECO;;;;;;;;;;;;;;;;;;;;;;;;;;
./Losttomb.zip;LOST TOMB (EASY);false;1982/01/01;;false;;;;;;false;;0;;0;;false;;;;;0;;STERN;;;;;;;;;;;;;;;;;;;;;;;;;;
./Lotlot.zip;LOTLOT;false;19850101T000000;irem;false;;EM LOT LOT, VOCÊ CONTROLA DIRETAMENTE UMA SETA E INDIRETAMENTE OUTRA QUE SEGUE SUA SETA ORIGINAL COM UM ATRASO DE (APROXIMADAMENTE) 4 SEGUNDOS. QUANDO O BOTÃO É PRESSIONADO, TODAS AS BOLAS NO COMPARTIMENTO PARA AS QUAIS UMA SETA APONTA SÃO IMEDIATAMENTE TROCADAS PELO CONTEÚDO DO COMPARTIMENTO PARA O QUAL A OUTRA SETA APONTA. O OBJETIVO DO LOTE DE LOTE É TIRAR TANTAS BOLAS PEQUENAS (QUE SE PARECEM COM BOLAS DE PACHINKO) DOS COMPARTIMENTOS DA GRADE E PARA AS CAIXAS DE PONTUAÇÃO, A FIM DE ATINGIR A PONTUAÇÃO EXIGIDA, E PASSAR PARA A PRÓXIMA RODADA.;IREM;;;false;42174;0;QUEBRA-CABEÇAS, VARIADOS;2816;AA36FCAE;false;;;58108e5ccbdd58ae76c32a035cf9428a;;0;1-2;IREM;0,60;;wor;;;;;;;;;;;;;;;;;;;;;;;
./Lottofun.zip;LOTTO FUN;false;1987/01/01;;false;;;;;;false;;0;;0;;false;;;;;0;;H.A.R. MANAGEMENT;;;;;;;;;;;;;;;;;;;;;;;;;;
./Lrescue.zip;LRESCUE;false;;;false;;;;;;false;;0;;0;;false;;;;;0;;;;;;;;;;;;;;;;;;;;;;;;;;;;
./Lrunner.zip;LRUNNER;false;;;false;;;;;;false;;0;;0;;false;;;;;0;;;;;;;;;;;;;;;;;;;;;;;;;;;;
./Luckywld.zip;LUCKY & WILD;false;1992/01/01;;false;;;;;;false;;0;;0;;false;;;;;0;;NAMCO;;;;;;;;;;;;;;;;;;;;;;;;;;
./Lupin3.zip;LUPIN3;false;;;false;;;;;;false;;0;;0;;false;;;;;0;;;;;;;;;;;;;;;;;;;;;;;;;;;;
./Lwings.zip;LEGENDARY WINGS (US SET 1);false;1986/01/01;;false;;;;;;false;;0;;0;;false;;;;;0;;CAPCOM;;;;;;;;;;;;;;;;;;;;;;;;;;
./Lwingsjp.zip;LWINGSJP;false;;;false;;;;;;false;;0;;0;;false;;;;;0;;;;;;;;;;;;;;;;;;;;;;;;;;;;
./Mach3.zip;MACH3;false;;;false;;;;;;false;;0;;0;;false;;;;;0;;;;;;;;;;;;;;;;;;;;;;;;;;;;
./Madcrash.zip;MAD CRASHER;false;1984/01/01;;false;;;;;;false;;0;;0;;false;;;;;0;;SNK;;;;;;;;;;;;;;;;;;;;;;;;;;
./Magic Sword - Heroic Fantasy.zip;MAGIC SWORD - HEROIC FANTASY;false;;;false;;;;;;false;;0;;0;;false;;;;;0;;;;;;;;;;;;;;;;;;;;;;;;;;;;
./Magical Drop Ii.zip;MAGICAL DROP II;false;;;false;;;;;;false;;0;;0;;false;;;;;0;;;;;;;;;;;;;;;;;;;;;;;;;;;;
./Magical Drop Iii.zip;MAGICAL DROP III;false;;;false;;;;;;false;;0;;0;;false;;;;;0;;;;;;;;;;;;;;;;;;;;;;;;;;;;
./Magician Lord.zip;MAGICIAN LORD;false;;;false;;;;;;false;;0;;0;;false;;;;;0;;;;;;;;;;;;;;;;;;;;;;;;;;;;
./Mainevt.zip;THE MAIN EVENT (4 PLAYERS VER. Y);false;1988/01/01;;false;;;;;;false;;0;;0;;false;;;;;0;;KONAMI;;;;;;;;;;;;;;;;;;;;;;;;;;
./Majorh.zip;MAJORH;false;;;false;;;;;;false;;0;;0;;false;;;;;0;;;;;;;;;;;;;;;;;;;;;;;;;;;;
./Majtitl2.zip;MAJOR TITLE 2 (WORLD);false;1992/01/01;;false;;;;;;false;;0;;0;;false;;;;;0;;IREM;;;;;;;;;;;;;;;;;;;;;;;;;;
./Maketrax.zip;MAKE TRAX (US SET 1);false;1981/01/01;;false;;CLONE OF : CRUSH (MAKE TRAX (US SET 1));;;;false;;0;;0;;false;;;;;0;;ALPHA DENSHI CO. / KURAL (WILLIAMS LICENSE);;;;;;; Clone Of : crush -> Make Trax (US set 1);;;;;;;;;;;;;;;;;;;
./Maniach.zip;MANIA CHALLENGE (SET 1);false;1986/01/01;;false;;;;;;false;;0;;0;;false;;;;;0;;TECHNOS JAPAN (TAITO AMERICA LICENSE);;;;;;;;;;;;;;;;;;;;;;;;;;
./Mappy.zip;MAPPY (US);false;1983/01/01;;false;;;;;;false;;0;;0;;false;;;;;0;;NAMCO;;;;;;;;;;;;;;;;;;;;;;;;;;
./Mappyjp.zip;MAPPYJP;false;;;false;;;;;;false;;0;;0;;false;;;;;0;;;;;;;;;;;;;;;;;;;;;;;;;;;;
./Marble (2).zip;MARBLE (2);false;;;false;;;;;;false;;0;;0;;false;;;;;0;;;;;;;;;;./media/image/Marble (2)-bezel.png;./media/image/Marble (2)-boxback.png;./media/image/Marble (2)-boxart.png;;;./media/fanart/Marble (2)-fanart.jpg;;;./media/manuals/Marble (2)_(us).pdf;;./media/image/Marble (2)-marquee.png;;./media/image/Marble (2)-wheelround.png;./media/screenshots/Marble (2)-screenshot.png;./media/image/Marble (2)-titleshot.png;./media/image/Marble (2)-boxart.png;./media/videos/Marble (2)-video.mp4;./media/image/Marble (2)-marquee.png;./media/image/Marble (2)-wheelround.png
./Marble.zip;MARBLE;false;;;false;;;;;;false;;0;;0;;false;;;;;0;;;;;;;;;;;;;;;;;;;;;;;;;;;;
./Marble2.zip;MARBLE2;false;;;false;;;;;;false;;0;;0;;false;;;;;0;;;;;;;;;;;;;;;;;;;;;;;;;;;;
./Marblea.zip;MARBLEA;false;;;false;;;;;;false;;0;;0;;false;;;;;0;;;;;;;;;;;;;;;;;;;;;;;;;;;;
./Mario.zip;MARIO BROS. (US, REVISION G);false;1983/01/01;;false;;;;;;false;;0;;0;;false;;;;;0;;NINTENDO OF AMERICA;;;;;;;;;;;;;;;;;;;;;;;;;;
./Mars Matrix Hyper Solid Shooting.zip;MARS MATRIX HYPER SOLID SHOOTING;false;;;false;;;;;;false;;0;;0;;false;;;;;0;;;;;;;;;;;;;;;;;;;;;;;;;;;;
./Marvel Super Heroes.zip;MARVEL SUPER HEROES;false;;;false;;;;;;false;;0;;0;;false;;;;;0;;;;;;;;;;;;;;;;;;;;;;;;;;;;
./Masterw.zip;MASTER OF WEAPON (WORLD);false;1989/01/01;;false;;;;;;false;;0;;0;;false;;;;;0;;TAITO CORPORATION JAPAN;;;;;;;;;;;;;;;;;;;;;;;;;;
./Matmania.zip;MAT MANIA;false;1985/01/01;;false;;;;;;false;;0;;0;;false;;;;;0;;TECHNOS JAPAN (TAITO AMERICA LICENSE);;;;;;;;;;;;;;;;;;;;;;;;;;
./Maxforce.zip;MAXFORCE;false;;;false;;;;;;false;;0;;0;;false;;;;;0;;;;;;;;;;;;;;;;;;;;;;;;;;;;
./Mayday.zip;MAYDAY (SET 1);false;1980/01/01;;false;;;;;;false;;0;;0;;false;;;;;0;;HOEI;;;;;;;;;;;;;;;;;;;;;;;;;;
./Mayhem.zip;MAYHEM;false;;;false;;;;;;false;;0;;0;;false;;;;;0;;;;;;;;;;;;;;;;;;;;;;;;;;;;
./Maze.zip;MAZE;false;;;false;;;;;;false;;0;;0;;false;;;;;0;;;;;;;;;;;;;;;;;;;;;;;;;;;;
./Mazinger.zip;MAZINGER Z (WORLD, VER. 94/06/27);false;1994/01/01;;false;;;;;;false;;0;;0;;false;;;;;0;;BANPRESTO / DYNAMIC PL. TOEI ANIMATION;;;;;;;;;;;;;;;;;;;;;;;;;;
./Mbombrd.zip;MUSCLE BOMBER DUO - ULTIMATE TEAM BATTLE (931206 WORLD);false;1993/01/01;;false;;;;;;false;;0;;0;;false;;;;;0;;CAPCOM;;;;;;;;;;;;;;;;;;;;;;;;;;
./Medlanes.zip;MEDLANES;false;;;false;;;;;;false;;0;;0;;false;;;;;0;;;;;;;;;;;;;;;;;;;;;;;;;;;;
./Mega Man 2 The Power Fighters.zip;MEGA MAN 2 THE POWER FIGHTERS;false;;;false;;;;;;false;;0;;0;;false;;;;;0;;;;;;;;;;;;;;;;;;;;;;;;;;;;
./Mega Twins.zip;MEGA TWINS;false;;;false;;;;;;false;;0;;0;;false;;;;;0;;;;;;;;;;;;;;;;;;;;;;;;;;;;
./Megaforc.zip;MEGA FORCE (WORLD);false;1984/01/01;;false;;CLONE OF : STARFORC (MEGA FORCE (WORLD));;;;false;;0;;0;;false;;;;;0;;TEHKAN;;;;;;; Clone Of : starforc -> Mega Force (World);;;;;;;;;;;;;;;;;;;
./Megaman - The Power Battle.zip;MEGAMAN - THE POWER BATTLE;false;;;false;;;;;;false;;0;;0;;false;;;;;0;;;;;;;;;;;;;;;;;;;;;;;;;;;;
./Megaman2.zip;MEGAMAN2;false;19960101T000000;cps2;false;;MEGA MAN 2: THE POWER FIGHTERS É UM JOGO DE LUTA / TIRO DE ARCADE 2D. O JOGADOR ESCOLHE UM PERSONAGEM ENTRE OS 4 DISPONÍVEIS: MEGA MAN, PROTO MAN, BASS E DUO. CADA PERSONAGEM TEM ATRIBUTOS E HABILIDADES DIFERENTES. A JOGABILIDADE É QUASE IDÊNTICA AO JOGO ANTERIOR, LUTANDO COM UMA ARMA EM VEZ DE UM SOCO. O JOGADOR LUTA CONTRA CHEFES DOS JOGOS "NORMAIS" DO MEGA MAN. ELE PODE USAR UM CANHÃO DE ARMA (E O BRAÇO MECÂNICO DE DUO) PARA ATACAR E CARREGÁ-LOS PARA FAZÊ-LOS ATIRAR COM MAIS FORÇA. DEPOIS DE DERROTAR O INIMIGO, O PERSONAGEM PODE PEGAR SUA HABILIDADE ESPECIAL.;CAPCOM;;;false;78893;0;LUTA / VS CO-OP, LUTA;262;70CEB89C;false;;;affe0f069dec86e9d033c261d3b4552e;Multijogador cooperativo;0;1-2;CAPCOM;0,60;;us;;;;;;;;;;;;;;;;;;;;;;;
./Megatack.zip;MEGATACK;false;;;false;;;;;;false;;0;;0;;false;;;;;0;;;;;;;;;;;;;;;;;;;;;;;;;;;;
./Mercs.zip;MERCS (900302 ETC);false;1990/01/01;;false;;;;;;false;;0;;0;;false;;;;;0;;CAPCOM;;;;;;;;;;;;;;;;;;;;;;;;;;
./Metal Slug - Super Vehicle-001.zip;METAL SLUG - SUPER VEHICLE-001;false;19960101T000000;snk;false;;METAL SLUG, ORIGINALMENTE LANÇADO NO NEO GEO, É UM SIDE-SCROLLING SHOOT'EM'UP. O JOGADOR(ES) ASSUME O PAPEL DE UM SOLDADO (OU DOIS) E LUTA CONTRA UM GIGANTESCO EXÉRCITO. CADA NÍVEL CONSISTE EM CORRER PARA FRENTE E EXPLODIR TUDO O QUE SE MOVE, ENQUANTO COLETA POWER-UPS AO LONGO DO CAMINHO (HÁ TAMBÉM UMA GRANDE VARIEDADE DE ARMAS NO JOGO). NO FINAL DE CADA NÍVEL, O JOGADOR ENFRENTA UM CHEFE GIGANTESCO.;NAZCA;;;false;37604;0;TIRO / RUN AND GUN, TIRO, PLATAFORMA, PLATAFORMA / TIRO COM ROLAGEM;257;F239AC5F;false;;;600a9060c0fa864c5d3788d1cd0c0ff2;Multijogador cooperativo;0;1-2;SNK;0,80;;;;;;;./media/image/Metal Slug - Super Vehicle-001-bezel.png;;;;./media/extras/Metal Slug - Super Vehicle-001-extra1.png;./media/fanart/Metal Slug - Super Vehicle-001-fanart.jpg;;;./media/manuals/Metal Slug - Super Vehicle-001_(wor).pdf;;;;;./media/screenshots/Metal Slug - Super Vehicle-001-screenshot.png;./media/image/Metal Slug - Super Vehicle-001-titleshot.png;;./media/videos/Metal Slug - Super Vehicle-001-video.mp4;;
./Metal Slug 2 - Super Vehicle-001 Ii.zip;METAL SLUG 2 - SUPER VEHICLE-001 II;false;;;false;;;;;;false;;0;;0;;false;;;;;0;;;;;;;;;;;;;;;;;;;;;;;;;;;;
./Metal Slug 3.zip;METAL SLUG 3;false;;;false;;;;;;false;;0;;0;;false;;;;;0;;;;;;;;;;;;;;;;;;;;;;;;;;;;
./Metal Slug 4 Plus.zip;METAL SLUG 4 PLUS;false;;;false;;;;;;false;;0;;0;;false;;;;;0;;;;;;;;;;;;;;;;;;;;;;;;;;;;
./Metal Slug 4.zip;METAL SLUG 4;false;;;false;;;;;;false;;0;;0;;false;;;;;0;;;;;;;;;;;;;;;;;;;;;;;;;;;;
./Metal Slug 5.zip;METAL SLUG 5;false;;;false;;;;;;false;;0;;0;;false;;;;;0;;;;;;;;;;;;;;;;;;;;;;;;;;;;
./Metal Slug X - Super Vehicle-001.zip;METAL SLUG X - SUPER VEHICLE-001;false;;;false;;;;;;false;;0;;0;;false;;;;;0;;;;;;;;;;;;;;;;;;;;;;;;;;;;
./Metalb.zip;METAL BLACK (WORLD);false;1991/01/01;;false;;;;;;false;;0;;0;;false;;;;;0;;TAITO CORPORATION JAPAN;;;;;;;;;;;;;;;;;;;;;;;;;;
./Metrocrs.zip;METRO-CROSS (SET 1);false;1985/01/01;;false;;;;;;false;;0;;0;;false;;;;;0;;NAMCO;;;;;;;;;;;;;;;;;;;;;;;;;;
./Mhavoc (2).zip;MHAVOC (2);false;;;false;;;;;;false;;0;;0;;false;;;;;0;;;;;;;;;;./media/image/Mhavoc (2)-bezel.png;;;;./media/extras/Mhavoc (2)-extra1.png;./media/fanart/Mhavoc (2)-fanart.jpg;;;./media/manuals/Mhavoc (2)_(wor).pdf;;;;;;;;./media/videos/Mhavoc (2)-video.mp4;;
./Mhavoc.zip;MHAVOC;false;19830101T000000;atari;false;;MAJOR HAVOC É UM JOGO DE TIRO E PLATAFORMA BASEADO EM VETORES NO QUAL O MALVADO IMPÉRIO VAXXIAN INVADIU A GALÁXIA HÁ MUITOS ANOS. A MAIOR PARTE DA HUMANIDADE FOI ESCRAVIZADA E RAPTADA PARA O MUNDO NATAL DOS VAXXIANOS, EMBORA ALGUNS CIENTISTAS HUMANOS TENHAM CONSEGUIDO ESCAPAR. O IMPÉRIO VAXXIANO ENTROU EM COLAPSO HÁ MUITO TEMPO, MAS NUMEROSAS ESTAÇÕES ESPACIAIS VAXXIANAS, TODAS CEGAMENTE CONTROLADAS E DEFENDIDAS POR ROBÔS, AINDA PERMANECEM NA GALÁXIA, SEGUINDO INCONSCIENTEMENTE AS SUAS ORDENS ORIGINAIS E PRÉ-PROGRAMADAS. O PEQUENO GRUPO DE CIENTISTAS QUE INICIALMENTE ESCAPOU CLONOU O GRANDE HERÓI HUMANO, 'MAJOR HAVOC' E O ENCARREGOU DE PILOTAR SEU 'CATASTROFIGHTER' ATRAVÉS DE UM BURACO DE MINHOCA NO ESPAÇO PARA QUE ELE PUDESSE LIDERAR UM EXÉRCITO DE CLONES CONTRA OS TEMIDOS ROBÔS VAXXIANOS E LIBERTAR OS REMANESCENTES DA HUMANIDADE DESTRUINDO OS REATORES INIMIGOS. O JOGADOR CONTROLA O MAJOR REX HAVOC, O LÍDER DESTE BANDO DE CLONES. O JOGO É DIVIDIDO EM DOIS GÊNEROS DE JOGO DISTINTOS. O PRIMEIRO É UM SHOOT-'EM-UP EM QUE O JOGADOR CONTROLA A NAVE DO MAJOR HAVOC CONTRA AS INÚMERAS NAVES ROBÓTICAS QUE DEFENDEM OS REATORES INIMIGOS. AS NAVES SÃO ENVOLTAS EM UM ESCUDO DE CAMPO DE FORÇA QUE DEVE PRIMEIRO SER DISPARADO E ESGOTADO ANTES QUE A PRÓPRIA NAVE POSSA SER DESTRUÍDA.;ATARI;;;false;46394;0;SHOOT'EM UP;260;A924B239;false;;;5527e19fc03a5be3fe0a36eeb9462ddb;Multijogador cooperativo;0;1-2;ATARI;0,80;;wor;;;;;;;;;;;;;;;;;;;;;;;
./Mhavoc2.zip;MAJOR HAVOC (REV 2);false;1983/01/01;;false;;CLONE OF : MHAVOC (MAJOR HAVOC (REV 2));;;;false;;0;;0;;false;;;;;0;;ATARI;;;;;;; Clone Of : mhavoc -> Major Havoc (rev 2);;;;;;;;;;;;;;;;;;;
./Mhavocrv.zip;MAJOR HAVOC - RETURN TO VAX;false;2006/01/01;;false;;CLONE OF : MHAVOC (MAJOR HAVOC - RETURN TO VAX);;;;false;;0;;0;;false;;;;;0;;HACK (JMA);;;;;;; Clone Of : mhavoc -> Major Havoc - Return to Vax;;;;;;;;;;;;;;;;;;;
./Mia.zip;M.I.A. - MISSING IN ACTION (VERSION T);false;1989/01/01;;false;;;;;;false;;0;;0;;false;;;;;0;;KONAMI;;;;;;;;;;;;;;;;;;;;;;;;;;
./Midres.zip;MIDNIGHT RESISTANCE (WORLD, SET 1);false;1989/01/01;;false;;;;;;false;;0;;0;;false;;;;;0;;DATA EAST CORPORATION;;;;;;;;;;;;;;;;;;;;;;;;;;
./Mighty! Pang.Cps2.7z;MIGHTY! PANG.CPS2;false;;;false;;;;;;false;;0;;0;;false;;;;;0;;;;;;;;;;./media/image/Mighty! Pang.Cps2-bezel.png;;;;./media/extras/Mighty! Pang.Cps2-extra1.png;./media/fanart/Mighty! Pang.Cps2-fanart.jpg;;;;;;;;./media/screenshots/Mighty! Pang.Cps2-screenshot.png;./media/image/Mighty! Pang.Cps2-titleshot.png;;./media/videos/Mighty! Pang.Cps2-video.mp4;;
./Mighty! Pang.zip;MIGHTY! PANG;false;;;false;;;;;;false;;0;;0;;false;;;;;0;;;;;;;;;;;;;;;;;;;;;;;;;;;;
./Mikie.zip;MIKIE;false;1984/01/01;;false;;;;;;false;;0;;0;;false;;;;;0;;KONAMI;;;;;;;;;;;;;;;;;;;;;;;;;;
./Milliped.zip;MILLIPEDE;false;1982/01/01;;false;;;;;;false;;0;;0;;false;;;;;0;;ATARI;;;;;;;;;;;;;;;;;;;;;;;;;;
./Minefld.zip;MINEFIELD;false;1983/01/01;;false;;;;;;false;;0;;0;;false;;;;;0;;STERN;;;;;;;;;;;;;;;;;;;;;;;;;;
./Minigolf.zip;MINIGOLF;false;;;false;;;;;;false;;0;;0;;false;;;;;0;;;;;;;;;;;;;;;;;;;;;;;;;;;;
./Mirninja.zip;MIRAI NINJA (JAPAN, SET 1);false;1988/01/01;;false;;;;;;false;;0;;0;;false;;;;;0;;NAMCO;;;;;;;;;;;;;;;;;;;;;;;;;;
./Missile.zip;MISSILE COMMAND (REV 3);false;1980/01/01;;false;;;;;;false;;0;;0;;false;;;;;0;;ATARI;;;;;;;;;;;;;;;;;;;;;;;;;;
./Mk.zip;MORTAL KOMBAT (REV 5.0 T-UNIT 03/19/93);false;1992/01/01;;false;;;;;;false;;0;;0;;false;;;;;0;;MIDWAY;;;;;;;;;;;;;;;;;;;;;;;;;;
./Mk2.zip;MORTAL KOMBAT II (REV L3.1);false;1993/01/01;;false;;;;;;false;;0;;0;;false;;;;;0;;MIDWAY;;;;;;;;;;;;;;;;;;;;;;;;;;
./Mk3.zip;MORTAL KOMBAT 3 (REV 2.1);false;1994/01/01;;false;;;;;;false;;0;;0;;false;;;;;0;;MIDWAY;;;;;;;;;;;;;;;;;;;;;;;;;;
./Mk4.zip;MK4;false;;;false;;;;;;false;;0;;0;;false;;;;;0;;;;;;;;;;;;;;;;;;;;;;;;;;;;
./Mmaze.zip;MARCHEN MAZE (JAPAN);false;1988/01/01;;false;;;;;;false;;0;;0;;false;;;;;0;;NAMCO;;;;;;;;;;;;;;;;;;;;;;;;;;
./Money Puzzle Exchanger.zip;MONEY PUZZLE EXCHANGER;false;;;false;;;;;;false;;0;;0;;false;;;;;0;;;;;;;;;;;;;;;;;;;;;;;;;;;;
./Monkeyd.zip;MONKEYD;false;;;false;;;;;;false;;0;;0;;false;;;;;0;;;;;;;;;;;;;;;;;;;;;;;;;;;;
./Monsterb.zip;MONSTERB;false;;;false;;;;;;false;;0;;0;;false;;;;;0;;;;;;;;;;;;;;;;;;;;;;;;;;;;
./Monymony.zip;MONYMONY;false;;;false;;;;;;false;;0;;0;;false;;;;;0;;;;;;;;;;;;;;;;;;;;;;;;;;;;
./Moo.zip;MOO;false;;;false;;;;;;false;;0;;0;;false;;;;;0;;;;;;;;;;;;;;;;;;;;;;;;;;;;
./Moomesa.zip;WILD WEST C.O.W.-BOYS OF MOO MESA (VER EAB);false;1992/01/01;;false;;;;;;false;;0;;0;;false;;;;;0;;KONAMI;;;;;;;;;;;;;;;;;;;;;;;;;;
./Moonal2.zip;MOON ALIEN PART 2;false;1980/01/01;;false;;;;;;false;;0;;0;;false;;;;;0;;NICHIBUTSU;;;;;;;;;;;;;;;;;;;;;;;;;;
./Mooncrsb.zip;MOON CRESTA (BOOTLEG SET 1);false;1980/01/01;;false;;CLONE OF : MOONCRST (MOON CRESTA (BOOTLEG SET 1));;;;false;;0;;0;;false;;;;;0;;BOOTLEG;;;;;;; Clone Of : mooncrst -> Moon Cresta (bootleg set 1);;;;;;;;;;;;;;;;;;;
./Mooncrsg.zip;MOONCRSG;false;;;false;;;;;;false;;0;;0;;false;;;;;0;;;;;;;;;;;;;;;;;;;;;;;;;;;;
./Mooncrst.zip;MOON CRESTA (NICHIBUTSU);false;1980/01/01;;false;;;;;;false;;0;;0;;false;;;;;0;;NICHIBUTSU;;;;;;;;;;;;;;;;;;;;;;;;;;
./Moonqsr.zip;MOON QUASAR;false;1980/01/01;;false;;;;;;false;;0;;0;;false;;;;;0;;NICHIBUTSU;;;;;;;;;;;;;;;;;;;;;;;;;;
./Motorace.zip;MOTORACE USA;false;1983/01/01;;false;;CLONE OF : TRAVRUSA (MOTORACE USA);;;;false;;0;;0;;false;;;;;0;;IREM (WILLIAMS LICENSE);;;;;;; Clone Of : travrusa -> MotoRace USA;;;;;;;;;;;;;;;;;;;
./Motos.zip;MOTOS;false;1985/01/01;;false;;;;;;false;;0;;0;;false;;;;;0;;NAMCO;;;;;;;;;;;;;;;;;;;;;;;;;;
./Mp_Gaxe2.zip;MP_GAXE2;false;19930101T000000;sega;false;;NÃO MUITO TEMPO DEPOIS DO FIM DO MALIGNO REINADO DO DEATH ADDER, SURGE OUTRO MAL. A PAZ DA TERRA FOI NOVAMENTE AMEAÇADA, DESTA VEZ POR 'DARK GULD', QUE DEVERIA ESTAR PRESO, MAS APARENTEMENTE NÃO ESTÁ. EM VEZ DISSO, ELE AGORA COLOCOU AS MÃOS NO MACHADO DOURADO E O ESTÁ USANDO PARA SEUS PROPÓSITOS DESAGRADÁVEIS, E COM SEUS LACAIOS ESTÁ CAUSANDO MUITO MAIS CAOS. ENTÃO, MAIS UMA VEZ, AX-BATTLER, O FEROZ BÁRBARO, TYRIS-FLARE, A AMAZONA DESTEMIDA, GILIUS THUNDERHEAD, O ANÃO FEROZ, LEVANTAM-SE PARA LIDAR COM A OPRESSÃO, COM O SEU PODER E MAGIA, E RECUPERAR O MACHADO DOURADO.;SEGA;;;false;150787;0;BRIGA DE RUA;263;C78084BE;false;;;4a985b391c465c543e69d47781cf1234;;0;1-2;SEGA;0,40;;wor;;;;;;;;;;;;;;;;;;;;;;;
./Mp_Sonic.zip;MP_SONIC;false;;;false;;;;;;false;;0;;0;;false;;;;;0;;;;;;;;;;;;;;;;;;;;;;;;;;;;
./Mp_Sor2.zip;MP_SOR2;false;19930101T000000;sega;false;;UM ANO DEPOIS DE DERROTAR O MALIGNO SINDICATO DO CRIME LIDERADO PELO SR. X, AS COISAS CORRERAM BEM PARA A CIDADE. MAS AGORA O SR. X RETORNOU E COMO SE AS COISAS NÃO PUDESSEM PIORAR, ELE ENVIOU ALGUNS DE SEUS CAPANGAS PARA SEQUESTRAR ADAM HUNTER. AGORA CABE A AXEL STONE E BLAZE FIELDING LEVAR A CIDADE DE VOLTA PARA SEUS BONS CIDADÃOS, MAS DESTA VEZ ELES NÃO ESTÃO SOZINHOS, PORQUE SE JUNTAM A ELES UM LUTADOR PROFISSIONAL QUE É AMIGO DE AXEL CHAMADO MAX THUNDER, E O IRMÃO MAIS NOVO DE ADAM: EDDIE 'SKATE' HUNTER. ESSES 4 FARÃO O POSSÍVEL PARA ACABAR COM O NOVO REINADO DE TERROR DO SINDICATO E LEVAR A PAZ ÀS RUAS DE FÚRIA.;SEGA;;;false;78987;0;LUTA, LUTA / 2.5D;262;AACD4CBF;false;;;9e6fd355c28c8ef7a6f9f1c879f3b424;;0;1-2;SEGA;0,60;;wor;;;;;;;;;;;;;;;;;;;;;;;
./Mpatrol (2).zip;MPATROL (2);false;;;false;;;;;;false;;0;;0;;false;;;;;0;;;;;;;;;;./media/image/Mpatrol (2)-bezel.png;;;;./media/extras/Mpatrol (2)-extra1.png;./media/fanart/Mpatrol (2)-fanart.jpg;;;;;./media/image/Mpatrol (2)-marquee.png;;./media/image/Mpatrol (2)-wheelround.png;./media/screenshots/Mpatrol (2)-screenshot.png;./media/image/Mpatrol (2)-titleshot.png;;./media/videos/Mpatrol (2)-video.mp4;./media/image/Mpatrol (2)-marquee.png;./media/image/Mpatrol (2)-wheelround.png
./Mpatrol.zip;MPATROL;false;19820101T000000;irem;false;;MOON PATROL É UM JOGO DE TIRO COM ROLAGEM HORIZONTAL EM QUE O JOGADOR ASSUME O PAPEL DE UM POLICIAL DE LUNA CITY DESIGNADO PARA O SETOR NOVE, LAR DOS BANDIDOS MAIS DURÕES DA GALÁXIA.  O JOGADOR CONTROLA UM BUGGY LUNAR QUE VIAJA PELA SUPERFÍCIE LUNAR, TENTANDO EVITAR OU DESTRUIR QUAISQUER OBSTÁCULOS EM SEU CAMINHO, INCLUINDO CRATERAS, ROCHAS E MINAS. OS OVNIS ATACAM O BUGGY DE CIMA, LANÇANDO BOMBAS, ALGUMAS BOMBAS OVNIS CRIARÃO UMA NOVA CRATERA QUANDO ATINGIREM O SOLO, GERANDO UM NOVO OBSTÁCULO A SER EVITADO. O BUGGY PODE PULAR PARA EVITAR CRATERAS, MINAS E ROCHAS, ALÉM DE POSSUIR CANHÕES FRONTAIS E MONTADOS VERTICALMENTE QUE DISPARAM MÍSSEIS SIMULTANEAMENTE. O CANHÃO VERTICAL SERVE PARA DESTRUIR OVNIS, ENQUANTO O CANHÃO FRONTAL PODE ELIMINAR OBSTÁCULOS QUE ESTEJAM NO CAMINHO DO BUGGY. MOON PATROL TEM CINCO ESTÁGIOS DIFERENTES ESPALHADOS POR 26 PONTOS DE VERIFICAÇÃO, CADA UM DESIGNADO POR UMA LETRA DO ALFABETO INGLÊS. OS CINCO PONTOS DE VERIFICAÇÃO QUE DENOTAM UM NOVO ESTÁGIO SÃO E, J, O, T E Z E CADA NOVO ESTÁGIO APRESENTA UMA MUDANÇA NOS GRÁFICOS DE FUNDO, BEM COMO UM AUMENTO NA DIFICULDADE. UM EXEMPLO DISTO É A INTRODUÇÃO DE MINAS TERRESTRES NA TERCEIRA FASE (FASE 'J'). UM PAINEL DE STATUS É EXIBIDO NA PARTE SUPERIOR DA TELA QUE FORNECE AO JOGADOR INFORMAÇÕES ÚTEIS. UMA BARRA DE PROGRESSO MOSTRANDO OS CINCO PRINCIPAIS PONTOS DE VERIFICAÇÃO E A POSIÇÃO ATUAL DO JOGADOR É EXIBIDA NA PARTE INFERIOR DO PAINEL. ACIMA DA BARRA DE PROGRESSO HÁ UM INDICADOR DO PONTO DE CONTROLE ATUAL, O TEMPO GASTO NO PALCO E TRÊS LUZES INDICADORAS: A LUZ SUPERIOR INDICA OS PRÓXIMOS ATAQUES AÉREOS INIMIGOS, A DO MEIO INDICA UM CAMPO MINADO PRÓXIMO E A INFERIOR INDICA OS INIMIGOS QUE SE APROXIMAM POR TRÁS. NO FINAL DE CADA ETAPA, PONTOS DE BÔNUS SÃO CONCEDIDOS COM BASE NA RAPIDEZ COM QUE A ETAPA FOI CONCLUÍDA.;IREM;;;false;78984;0;TIRO / CARRO, HORIZONTAL, TIRO;1028;A00818E4;false;;;fb5adad707c6d0e14457b67348507d68;;0;1-2;IREM;0,80;;wor;;;;;;;;;;;;;;;;;;;;;;;
./Mpatrolw.zip;MOON PATROL (WILLIAMS);false;1982/01/01;;false;;CLONE OF : MPATROL (MOON PATROL (WILLIAMS));;;;false;;0;;0;;false;;;;;0;;IREM (WILLIAMS LICENSE);;;;;;; Clone Of : mpatrol -> Moon Patrol (Williams);;;;;;;;;;;;;;;;;;;
./Mplanets.zip;MAD PLANETS;false;1983/01/01;;false;;;;;;false;;0;;0;;false;;;;;0;;GOTTLIEB;;;;;;;;;;;;;;;;;;;;;;;;;;
./Mranger.zip;MOON RANGER (BOOTLEG OF MOON PATROL);false;1982/01/01;;false;;CLONE OF : MPATROL (MOON RANGER (BOOTLEG OF MOON PATROL));;;;false;;0;;0;;false;;;;;0;;BOOTLEG;;;;;;; Clone Of : mpatrol -> Moon Ranger (bootleg of Moon Patrol);;;;;;;;;;;;;;;;;;;
./Mrdo.zip;MR. DO!;false;1982/01/01;;false;;;;;;false;;0;;0;;false;;;;;0;;UNIVERSAL;;;;;;;;;;;;;;;;;;;;;;;;;;
./Mrdot.zip;MR. DO! (TAITO LICENSE);false;1982/01/01;;false;;CLONE OF : MRDO (MR. DO! (TAITO LICENSE));;;;false;;0;;0;;false;;;;;0;;UNIVERSAL (TAITO LICENSE);;;;;;; Clone Of : mrdo -> Mr. Do! (Taito license);;;;;;;;;;;;;;;;;;;
./Mrdrillr.zip;MRDRILLR;false;;;false;;;;;;false;;0;;0;;false;;;;;0;;;;;;;;;;;;;;;;;;;;;;;;;;;;
./Mrdu.zip;MR. DU!;false;1982/01/01;;false;;CLONE OF : MRDO (MR. DU!);;;;false;;0;;0;;false;;;;;0;;BOOTLEG;;;;;;; Clone Of : mrdo -> Mr. Du!;;;;;;;;;;;;;;;;;;;
./Mrlo.zip;MR. LO!;false;1982/01/01;;false;;CLONE OF : MRDO (MR. LO!);;;;false;;0;;0;;false;;;;;0;;BOOTLEG;;;;;;; Clone Of : mrdo -> Mr. Lo!;;;;;;;;;;;;;;;;;;;
./Msh.zip;MARVEL SUPER HEROES (951024 EURO);false;1995/01/01;;false;;;;;;false;;0;;0;;false;;;;;0;;CAPCOM;;;;;;;;;;;;;;;;;;;;;;;;;;
./Mshvsf.zip;MARVEL SUPER HEROES VS STREET FIGHTER (970625 EURO);false;1997/01/01;;false;;;;;;false;;0;;0;;false;;;;;0;;CAPCOM;;;;;;;;;;;;;;;;;;;;;;;;;;
./Mslug3.zip;METAL SLUG 3 (NGM-2560);false;2000/01/01;;false;;;;;;false;;0;;0;;false;;;;;0;;SNK;;;;;;;;;;;;;;;;;;;;;;;;;;
./Mslug4h.zip;METAL SLUG 4 (NGH-2630);false;2002/01/01;;false;;CLONE OF : MSLUG4 (METAL SLUG 4 (NGH-2630));;;;false;;0;;0;;false;;;;;0;;MEGA / NOISE FACTORY / PLAYMORE;;;;;;; Clone Of : mslug4 -> Metal Slug 4 (NGH-2630);;;;;;;;;;;;;;;;;;;
./Mslug5.zip;METAL SLUG 5 (NGM-2680);false;2003/01/01;;false;;;;;;false;;0;;0;;false;;;;;0;;SNK PLAYMORE;;;;;;;;;;;;;;;;;;;;;;;;;;
./Mslug6.zip;MSLUG6;false;;;false;;;;;;false;;0;;0;;false;;;;;0;;;;;;;;;;;;;;;;;;;;;;;;;;;;
./Mslugx.zip;METAL SLUG X - SUPER VEHICLE-001 (NGM-2500)(NGH-2500);false;1999/01/01;;false;;;;;;false;;0;;0;;false;;;;;0;;SNK;;;;;;;;;;;;;;;;;;;;;;;;;;
./Mspacatk.zip;MSPACATK;false;;;false;;;;;;false;;0;;0;;false;;;;;0;;;;;;;;;;;;;;;;;;;;;;;;;;;;
./Mspacman.zip;MS PACMAN;false;1980/01/01;;false;;;;;;false;;0;;0;;false;;;;;0;;NAMCO;;;;;;;;;;;;;;;;;;;;;;;;;;
./Mtlchampa.zip;MARTIAL CHAMPION (VER AAA);false;1993/01/01;;false;;CLONE OF : MTLCHAMP (MARTIAL CHAMPION (VER AAA));;;;false;;0;;0;;false;;;;;0;;KONAMI;;;;;;; Clone Of : mtlchamp -> Martial Champion (ver AAA);;;;;;;;;;;;;;;;;;;
./Mtrap.zip;MTRAP;false;;;false;;;;;;false;;0;;0;;false;;;;;0;;;;;;;;;;;;;;;;;;;;;;;;;;;;
./Mtwins.zip;MEGA TWINS (CHIKI CHIKI BOYS 900619 ETC);false;1990/01/01;;false;;;;;;false;;0;;0;;false;;;;;0;;CAPCOM;;;;;;;;;;;;;;;;;;;;;;;;;;
./Mutation Nation.zip;MUTATION NATION;false;;;false;;;;;;false;;0;;0;;false;;;;;0;;;;;;;;;;;;;;;;;;;;;;;;;;;;
./Mvsc2.zip;MVSC2;false;;;false;;;;;;false;;0;;0;;false;;;;;0;;;;;;;;;;;;;;;;;;;;;;;;;;;;
./Mvscu.zip;MARVEL VS CAPCOM - CLASH OF SUPER HEROES (980123 USA);false;1998/01/01;;false;;CLONE OF : MVSC (MARVEL VS CAPCOM - CLASH OF SUPER HEROES (980123 USA));;;;false;;0;;0;;false;;;;;0;;CAPCOM;;;;;;; Clone Of : mvsc -> Marvel vs Capcom - clash of super heroes (980123 USA);;;;;;;;;;;;;;;;;;;
./Mwalk.zip;MICHAEL JACKSON'S MOONWALKER (SET 3, WORLD, FD1094/8751 317-0159);false;1990/01/01;;false;;;;;;false;;0;;0;;false;;;;;0;;SEGA;;;;;;;;;;;;;;;;;;;;;;;;;;
./Myhero.zip;MY HERO (US, NOT ENCRYPTED);false;1985/01/01;;false;;;;;;false;;0;;0;;false;;;;;0;;SEGA;;;;;;;;;;;;;;;;;;;;;;;;;;
./Mysticri.zip;MYSTICRI;false;19920101T000000;irem;false;;MYSTIC RIDERS É UM JOGO DE TIRO DE ROLAGEM LATERAL 2D AMBIENTADO EM UM MUNDO DE FANTASIA, SEMELHANTE EM ESTILO AO COTTON. O JOGADOR CONTROLA UMA CRIANÇA BRUXA MONTADA EM UMA VASSOURA. A JOGABILIDADE É MUITO TÍPICA - O JOGADOR VOA PARA A DIREITA, ATIRA EM INIMIGOS COMO FANTASMAS, CEIFADORES, MORCEGOS, DRAGÕES, GÁRGULAS ETC., E COLETA BÔNUS E POWER-UPS. A BRUXA PODE ATACAR PARA CAUSAR MAIS DANO. O JOGO TEM SEIS NÍVEIS E UM MODO MULTIPLAYER PARA 2 JOGADORES.;IREM;;;false;79052;0;SHOOT'EM UP / HORIZONTAL, SHOOT'EM UP;260;488156AF;false;;;4a22bacdf38fa9ab333ef06f9e6b3fcb;;0;1-2;IREM;0,60;;wor;;;;;;;;;;;;;;;;;;;;;;;
./Mystston.zip;MYSTERIOUS STONES - DR. JOHN'S ADVENTURE;false;1984/01/01;;false;;;;;;false;;0;;0;;false;;;;;0;;TECHNOS;;;;;;;;;;;;;;;;;;;;;;;;;;
./Mystwarr.zip;MYSTIC WARRIORS (VER EAA);false;1993/01/01;;false;;;;;;false;;0;;0;;false;;;;;0;;KONAMI;;;;;;;;;;;;;;;;;;;;;;;;;;
./Nam-1975.zip;NAM-1975;false;;;false;;;;;;false;;0;;0;;false;;;;;0;;;;;;;;;;;;;;;;;;;;;;;;;;;;
./Namcopac.zip;NAMCOPAC;false;;;false;;;;;;false;;0;;0;;false;;;;;0;;;;;;;;;;;;;;;;;;;;;;;;;;;;
./Narc.zip;NARC (REV 7.00);false;1988/01/01;;false;;;;;;false;;0;;0;;false;;;;;0;;WILLIAMS;;;;;;;;;;;;;;;;;;;;;;;;;;
./Nastar.zip;NASTAR (WORLD);false;1988/01/01;;false;;;;;;false;;0;;0;;false;;;;;0;;TAITO CORPORATION JAPAN;;;;;;;;;;;;;;;;;;;;;;;;;;
./Naughtyb.zip;NAUGHTY BOY;false;1982/01/01;;false;;;;;;false;;0;;0;;false;;;;;0;;JALECO;;;;;;;;;;;;;;;;;;;;;;;;;;
./Nbahangt.zip;NBA HANGTIME (VER L1.3 10/10/96);false;1996/01/01;;false;;;;;;false;;0;;0;;false;;;;;0;;MIDWAY;;;;;;;;;;;;;;;;;;;;;;;;;;
./Nbajam.zip;NBA JAM (REV 3.01 4/07/93);false;1993/01/01;;false;;;;;;false;;0;;0;;false;;;;;0;;MIDWAY;;;;;;;;;./media/image/Nbajam-boxback.png;;;;;;;;;;;;;;;;;
./Nbbatman.zip;NINJA BASEBALL BATMAN (WORLD);false;1993/01/01;;false;;;;;;false;;0;;0;;false;;;;;0;;IREM;;;;;;;;;;;;;;;;;;;;;;;;;;
./Nemesis.zip;NEMESIS (ROM VERSION);false;1985/01/01;;false;;;;;;false;;0;;0;;false;;;;;0;;KONAMI;;;;;;;;;;;;;;;;;;;;;;;;;;
./Nemo.zip;NEMO (90 11 30 ETC);false;1990/01/01;;false;;;;;;false;;0;;0;;false;;;;;0;;CAPCOM;;;;;;;;;;;;;;;;;;;;;;;;;;
./Neo Bomberman.zip;NEO BOMBERMAN;false;;;false;;;;;;false;;0;;0;;false;;;;;0;;;;;;;;;;;;;;;;;;;;;;;;;;;;
./Neo Drift Out - New Technology.zip;NEO DRIFT OUT - NEW TECHNOLOGY;false;;;false;;;;;;false;;0;;0;;false;;;;;0;;;;;;;;;;;;;;;;;;;;;;;;;;;;
./Neo Mr.zip;NEO MR;false;;;false;;;;;;false;;0;;0;2AEAAAA2;false;;;bc23494694f96483cdcbd5cd0bc786c6;;0;;;;;;;;;;;;;;;;;;;;;;;;;;;;
./Neo Turf Masters.zip;NEO TURF MASTERS;false;;;false;;;;;;false;;0;;0;;false;;;;;0;;;;;;;;;;;;;;;;;;;;;;;;;;;;
./Neocup98.zip;NEO-GEO CUP '98 - THE ROAD TO THE VICTORY;false;1998/01/01;;false;;;;;;false;;0;;0;;false;;;;;0;;SNK;;;;;;;;;./media/image/Neocup98-boxback.png;;./media/image/Neocup98-cartridge.png;;;;;;;./media/image/Neocup98-marquee.png;;./media/image/Neocup98-wheelround.png;;;;;./media/image/Neocup98-marquee.png;./media/image/Neocup98-wheelround.png
./Nibbler.zip;NIBBLER (REV 9);false;1982/01/01;;false;;;;;;false;;0;;0;;false;;;;;0;;ROCK-OLA;;;;;;;;;;;;;;;;;;;;;;;;;;
./Nibblera.zip;NIBBLER (REV 9, ALTERNATE SET);false;1982/01/01;;false;;CLONE OF : NIBBLER (NIBBLER (REV 9, ALTERNATE SET));;;;false;;0;;0;;false;;;;;0;;ROCK-OLA;;;;;;; Clone Of : nibbler -> Nibbler (rev 9, alternate set);;;;;;;;;;;;;;;;;;;
./Night Warriors - Darkstalker'.zip;NIGHT WARRIORS - DARKSTALKER';false;;;false;;;;;;false;;0;;0;;false;;;;;0;;;;;;;;;;;;;;;;;;;;;;;;;;;;
./Night Warriors - Darkstalker's.7z;NIGHT WARRIORS - DARKSTALKER'S;false;;;false;;;;;;false;;0;;0;4CCD9088;false;;;b1b193ba2d9d21f93dd5a8d1509f34ed;;0;;;;;;;;;;;;;;;;;;;;;;;;;;;;
./Nightmare In The Dark.zip;NIGHTMARE IN THE DARK;false;;;false;;;;;;false;;0;;0;;false;;;;;0;;;;;;;;;;;;;;;;;;;;;;;;;;;;
./Ninja Combat.zip;NINJA COMBAT;false;;;false;;;;;;false;;0;;0;;false;;;;;0;;;;;;;;;;;;;;;;;;;;;;;;;;;;
./Ninja Commando.zip;NINJA COMMANDO;false;;;false;;;;;;false;;0;;0;;false;;;;;0;;;;;;;;;;;;;;;;;;;;;;;;;;;;
./Ninja Master’S - Haō Ninpō Jō.zip;NINJA MASTER’S - HAŌ NINPŌ JŌ;false;;;false;;;;;;false;;0;;0;;false;;;;;0;;;;;;;;;;;;;;;;;;;;;;;;;;;;
./Ninjak.zip;THE NINJA KIDS (WORLD);false;1990/01/01;;false;;;;;;false;;0;;0;;false;;;;;0;;TAITO CORPORATION JAPAN;;;;;;;;;;;;;;;;;;;;;;;;;;
./Ninjamas.zip;NINJA MASTER'S - HAOH-NINPO-CHO;false;1996/01/01;;false;;;;;;false;;0;;0;;false;;;;;0;;ADK / SNK;;;;;;;;;./media/image/Ninjamas-boxback.png;;./media/image/Ninjamas-cartridge.png;;;;;;;./media/image/Ninjamas-marquee.png;;./media/image/Ninjamas-wheelround.png;;;;;./media/image/Ninjamas-marquee.png;./media/image/Ninjamas-wheelround.png
./Nitedrvr.zip;NIGHT DRIVER;false;1976/01/01;;false;;;;;;false;;0;;0;;false;;;;;0;;ATARI;;;;;;;;;;;;;;;;;;;;;;;;;;
./Nmaster.zip;ONI - THE NINJA MASTER (JAPAN);false;1995/01/01;;false;;CLONE OF : METMQSTR (ONI - THE NINJA MASTER (JAPAN));;;;false;;0;;0;;false;;;;;0;;BANPRESTO / PANDORABOX;;;;;;; Clone Of : metmqstr -> Oni - The Ninja Master (Japan);;;;;;;;;;;;;;;;;;;
./Nova2001.zip;NOVA 2001 (JAPAN);false;1983/01/01;;false;;;;;;false;;0;;0;;false;;;;;0;;UPL;;;;;;;;;;;;;;;;;;;;;;;;;;
./Nrallyx.zip;NEW RALLY X;false;1981/01/01;;false;;;;;;false;;0;;0;;false;;;;;0;;NAMCO;;;;;;;;;;;;;;;;;;;;;;;;;;
./Nslasherj.zip;NIGHT SLASHERS (JAPAN REV 1.2, DE-0397-0 PCB);false;1994/01/01;;false;;CLONE OF : NSLASHER (NIGHT SLASHERS (JAPAN REV 1.2, DE-0397-0 PCB));;;;false;;0;;0;;false;;;;;0;;DATA EAST CORPORATION;;;;;;; Clone Of : nslasher -> Night Slashers (Japan Rev 1.2, DE-0397-0 PCB);;;;;;;;;;;;;;;;;;;
./Nspirit.zip;NINJA SPIRIT (WORLD);false;1988/01/01;;false;;;;;;false;;0;;0;;false;;;;;0;;IREM;;;;;;;;;;;;;;;;;;;;;;;;;;
./Nss_Con3.zip;NSS_CON3;false;19920101T000000;konami;false;;O ANO É 2636. OS ALIENÍGENAS QUE PERDERAM NA BATALHA PARA OS CONTRAS RECUPERARAM MAIS UMA VEZ TODA A SUA FORÇA E INICIARAM UMA INVASÃO EM GRANDE ESCALA. OS HUMANOS NADA MAIS SÃO DO QUE MERAS BONECAS DE PANO DIANTE DE SEUS;;;;false;57824;0;PLATAFORMA / TIRO COM ROLAGEM, PLATAFORMA;257;3C3B8AF8;false;;;f78d071a6366d294de587bf59ea20d22;;0;1-2;KONAMI;;;wor;;;;;;;;;;;;;;;;;;;;;;;
./Nss_Rob3.zip;NSS_ROB3;false;;;false;;;;;;false;;0;;0;;false;;;;;0;;;;;;;;;;;;;;;;;;;;;;;;;;;;
./Nstocker.zip;NSTOCKER;false;;;false;;;;;;false;;0;;0;;false;;;;;0;;;;;;;;;;;;;;;;;;;;;;;;;;;;
./Numanath.zip;NUMAN ATHLETICS (WORLD);false;1993/01/01;;false;;;;;;false;;0;;0;;false;;;;;0;;NAMCO;;;;;;;;;;;;;;;;;;;;;;;;;;
./Offroad.zip;OFFROAD;false;;;false;;;;;;false;;0;;0;;false;;;;;0;;;;;;;;;;;;;;;;;;;;;;;;;;;;
./Offroadt.zip;OFFROADT;false;;;false;;;;;;false;;0;;0;;false;;;;;0;;;;;;;;;;;;;;;;;;;;;;;;;;;;
./Offtwall.zip;OFFTWALL;false;;;false;;;;;;false;;0;;0;;false;;;;;0;;;;;;;;;;;;;;;;;;;;;;;;;;;;
./Omegrace.zip;OMEGA RACE (SET 1);false;1981/01/01;;false;;;;;;false;;0;;0;;false;;;;;0;;MIDWAY;;;;;;;;;;;;;;;;;;;;;;;;;;
./Openice.zip;2 ON 2 OPEN ICE CHALLENGE (REV 1.21);false;1995/01/01;;false;;;;;;false;;0;;0;;false;;;;;0;;MIDWAY;;;;;;;;;;;;;;;;;;;;;;;;;;
./Opwolf.zip;OPERATION WOLF (WORLD, SET 1);false;1987/01/01;;false;;;;;;false;;0;;0;;false;;;;;0;;TAITO CORPORATION JAPAN;;;;;;;;;;;;;;;;;;;;;;;;;;
./Opwolf3.zip;OPERATION WOLF 3 (WORLD);false;1994/01/01;;false;;;;;;false;;0;;0;;false;;;;;0;;TAITO CORPORATION JAPAN;;;;;;;;;;;;;;;;;;;;;;;;;;
./Ordyne.zip;ORDYNE (WORLD);false;1988/01/01;;false;;;;;;false;;0;;0;;false;;;;;0;;NAMCO;;;;;;;;;;;;;;;;;;;;;;;;;;
./Oscar.zip;PSYCHO-NICS OSCAR (WORLD REVISION 0);false;1988/01/01;;false;;;;;;false;;0;;0;;false;;;;;0;;DATA EAST CORPORATION;;;;;;;;;;;;;;;;;;;;;;;;;;
./Osman.zip;OSMAN (WORLD);false;1996/01/01;;false;;;;;;false;;0;;0;;false;;;;;0;;MITCHELL;;;;;;;;;;;;;;;;;;./media/image/Osman-marquee.png;;./media/image/Osman-wheelround.png;;;;;./media/image/Osman-marquee.png;./media/image/Osman-wheelround.png
./Outfxies.zip;THE OUTFOXIES (WORLD, OU2);false;1994/01/01;;false;;;;;;false;;0;;0;;false;;;;;0;;NAMCO;;;;;;;;;;;;;;;;;;;;;;;;;;
./Outrun.zip;OUT RUN (SITDOWN/UPRIGHT, REV B);false;1986/01/01;;false;;;;;;false;;0;;0;;false;;;;;0;;SEGA;;;;;;;;;;;;;;;;;;;;;;;;;;
./Over Top.zip;OVER TOP;false;;;false;;;;;;false;;0;;0;;false;;;;;0;;;;;;;;;;;;;;;;;;;;;;;;;;;;
./P47.zip;P-47 - THE PHANTOM FIGHTER (WORLD);false;1988/01/01;;false;;;;;;false;;0;;0;;false;;;;;0;;JALECO;;;;;;;;;;;;;;;;;;;;;;;;;;
./Pacland.zip;PAC-LAND (WORLD);false;1984/01/01;;false;;;;;;false;;0;;0;;false;;;;;0;;NAMCO;;;;;;;;;;;;;;;;;;;;;;;;;;
./Paclandn.zip;PACLANDN;false;;;false;;;;;;false;;0;;0;;false;;;;;0;;;;;;;;;;;;;;;;;;;;;;;;;;;;
./Pacman.zip;PAC-MAN (MIDWAY);false;1980/01/01;;false;;CLONE OF : PUCKMAN (PAC-MAN (MIDWAY));;;;false;;0;;0;;false;;;;;0;;NAMCO (MIDWAY LICENSE);;;;;;; Clone Of : puckman -> Pac-Man (Midway);;;;;;;;;;;;;;;;;;;
./Pacmanbl.zip;PAC-MAN (BOOTLEG ON GALAXIAN HARDWARE, SET 1);false;1981/01/01;;false;;CLONE OF : PUCKMAN (PAC-MAN (BOOTLEG ON GALAXIAN HARDWARE, SET 1));;;;false;;0;;0;;false;;;;;0;;BOOTLEG;;;;;;; Clone Of : puckman -> Pac-Man (bootleg on Galaxian hardware, set 1);;;;;;;;;;;;;;;;;;;
./Pacmanjp.zip;PACMANJP;false;;;false;;;;;;false;;0;;0;;false;;;;;0;;;;;;;;;;;;;;;;;;;;;;;;;;;;
./Pacmod.zip;PAC-MAN (MIDWAY, HARDER);false;1981/01/01;;false;;CLONE OF : PUCKMAN (PAC-MAN (MIDWAY, HARDER));;;;false;;0;;0;;false;;;;;0;;[NAMCO] (MIDWAY LICENSE);;;;;;; Clone Of : puckman -> Pac-Man (Midway, harder);;;;;;;;;;;;;;;;;;;
./Pacnpal.zip;PAC & PAL;false;1983/01/01;;false;;;;;;false;;0;;0;;false;;;;;0;;NAMCO;;;;;;;;;;;;;;;;;;;;;;;;;;
./Pacplus.zip;PAC-MAN PLUS;false;1982/01/01;;false;;;;;;false;;0;;0;;false;;;;;0;;[NAMCO] (MIDWAY LICENSE);;;;;;;;;;;;;;;;;;;;;;;;;;
./Palamed.zip;PALAMEDES (US);false;1990/01/01;;false;;;;;;false;;0;;0;;false;;;;;0;;HOT-B CO., LTD.;;;;;;;;;;;;;;;;;;;;;;;;;;
./Pang! 3.zip;PANG! 3;false;;;false;;;;;;false;;0;;0;;false;;;;;0;;;;;;;;;;;;;;;;;;;;;;;;;;;;
./Pang.zip;PANG (WORLD);false;1989/01/01;;false;;;;;;false;;0;;0;;false;;;;;0;;MITCHELL;;;;;;;;;;;;;;;;;;;;;;;;;;
./Panic Bomber.zip;PANIC BOMBER;false;;;false;;;;;;false;;0;;0;;false;;;;;0;;;;;;;;;;;;;;;;;;;;;;;;;;;;
./Panic.zip;PANIC;false;;;false;;;;;;false;;0;;0;;false;;;;;0;;;;;;;;;;;;;;;;;;;;;;;;;;;;
./Panica.zip;PANICA;false;;;false;;;;;;false;;0;;0;;false;;;;;0;;;;;;;;;;;;;;;;;;;;;;;;;;;;
./Paperboy.zip;PAPERBOY;false;;;false;;;;;;false;;0;;0;;false;;;;;0;;;;;;;;;;;;;;;;;;;;;;;;;;;;
./Pbaction.zip;PINBALL ACTION (SET 1);false;1985/01/01;;false;;;;;;false;;0;;0;;false;;;;;0;;TEHKAN;;;;;;;;;;;;;;;;;;;;;;;;;;
./Pbchmp95.zip;PBCHMP95;false;;;false;;;;;;false;;0;;0;;false;;;;;0;;;;;;;;;;;;;;;;;;;;;;;;;;;;
./Pbobble.zip;PUZZLE BOBBLE (JAPAN, B-SYSTEM);false;1994/01/01;;false;;CLONE OF : BUBLBUST (PUZZLE BOBBLE (JAPAN, B-SYSTEM));;;;false;;0;;0;;false;;;;;0;;TAITO CORPORATION;;;;;;; Clone Of : bublbust -> Puzzle Bobble (Japan, B-System);;;;;;;;;;;;;;;;;;;
./Pengo.zip;PENGO (SET 1 REV C, ENCRYPTED);false;1982/01/01;;false;;;;;;false;;0;;0;;false;;;;;0;;SEGA;;;;;;;;;;;;;;;;;;;;;;;;;;
./Pengoa.zip;PENGOA;false;;;false;;;;;;false;;0;;0;;false;;;;;0;;;;;;;;;;;;;;;;;;;;;;;;;;;;
./Penta.zip;PENTA;false;1982/01/01;;false;;CLONE OF : PENGO (PENTA);;;;false;;0;;0;;false;;;;;0;;BOOTLEG;;;;;;; Clone Of : pengo -> Penta;;;;;;;;;;;;;;;;;;;
./Pepper2 (2).zip;PEPPER2 (2);false;;;false;;;;;;false;;0;;0;;false;;;;;0;;;;;;;;;;./media/image/Pepper2 (2)-bezel.png;./media/image/Pepper2 (2)-boxback.png;./media/image/Pepper2 (2)-boxart.png;;;./media/fanart/Pepper2 (2)-fanart.jpg;;;;;./media/image/Pepper2 (2)-marquee.png;;./media/image/Pepper2 (2)-wheelround.png;./media/screenshots/Pepper2 (2)-screenshot.png;./media/image/Pepper2 (2)-titleshot.png;./media/image/Pepper2 (2)-boxart.png;./media/videos/Pepper2 (2)-video.mp4;./media/image/Pepper2 (2)-marquee.png;./media/image/Pepper2 (2)-wheelround.png
./Pepper2.zip;PEPPER2;false;;;false;;;;;;false;;0;;0;;false;;;;;0;;;;;;;;;;;;;;;;;;;;;;;;;;;;
./Peterpak (2).zip;PETERPAK (2);false;;;false;;;;;;false;;0;;0;;false;;;;;0;;;;;;;;;;./media/image/Peterpak (2)-bezel.png;;./media/image/Peterpak (2)-boxart.png;;;./media/fanart/Peterpak (2)-fanart.jpg;;;;;./media/image/Peterpak (2)-marquee.png;;./media/image/Peterpak (2)-wheelround.png;./media/screenshots/Peterpak (2)-screenshot.png;./media/image/Peterpak (2)-titleshot.png;./media/image/Peterpak (2)-boxart.png;./media/videos/Peterpak (2)-video.mp4;./media/image/Peterpak (2)-marquee.png;./media/image/Peterpak (2)-wheelround.png
./Peterpak.zip;PETERPAK;false;;;false;;;;;;false;;0;;0;;false;;;;;0;;;;;;;;;;;;;;;;;;;;;;;;;;;;
./Phantom2.zip;PHANTOM2;false;;;false;;;;;;false;;0;;0;;false;;;;;0;;;;;;;;;;;;;;;;;;;;;;;;;;;;
./Phoenix.zip;PHOENIX (AMSTAR);false;1980/01/01;;false;;;;;;false;;0;;0;;false;;;;;0;;AMSTAR;;;;;;;;;;;;;;;;;;;;;;;;;;
./Phoenix3.zip;PHOENIX (T.P.N. BOOTLEG);false;1980/01/01;;false;;CLONE OF : PHOENIX (PHOENIX (T.P.N. BOOTLEG));;;;false;;0;;0;;false;;;;;0;;BOOTLEG (T.P.N.);;;;;;; Clone Of : phoenix -> Phoenix (T.P.N. bootleg);;;;;;;;;;;;;;;;;;;
./Phoenixt.zip;PHOENIX (TAITO);false;1980/01/01;;false;;CLONE OF : PHOENIX (PHOENIX (TAITO));;;;false;;0;;0;;false;;;;;0;;AMSTAR (TAITO LICENSE);;;;;;; Clone Of : phoenix -> Phoenix (Taito);;;;;;;;;;;;;;;;;;;
./Pigout.zip;PIGOUT;false;;;false;;;;;;false;;0;;0;;false;;;;;0;;;;;;;;;;;;;;;;;;;;;;;;;;;;
./Pingpong.zip;KONAMI'S PING-PONG;false;1985/01/01;;false;;;;;;false;;0;;0;;false;;;;;0;;KONAMI;;;;;;;;;;;;;;;;;;;;;;;;;;
./Pioneer Laseractive Bios V1.zip;PIONEER LASERACTIVE BIOS V1;false;;;false;;;;;;false;;0;;0;106AB875;false;;;f2d5ae5d52679d0bc0d25757a49aa066;;0;;;;;;;;;;;;;;;;;;;;;;;;;;;;
./Piranha.zip;PIRANHA;false;1981/01/01;;false;;CLONE OF : PUCKMAN (PIRANHA);;;;false;;0;;0;;false;;;;;0;;GL (US BILLIARDS LICENSE);;;;;;; Clone Of : puckman -> Piranha;;;;;;;;;;;;;;;;;;;
./Pisces.zip;PISCES;false;1982/01/01;;false;;;;;;false;;0;;0;;false;;;;;0;;SUBELECTRO;;;;;;;;;;;;;;;;;;;;;;;;;;
./Pistoldm.zip;PISTOL DAIMYO NO BOUKEN (JAPAN);false;1990/01/01;;false;;;;;;false;;0;;0;;false;;;;;0;;NAMCO;;;;;;;;;;;;;;;;;;;;;;;;;;
./Pitfall2.zip;PITFALL II (315-5093);false;1985/01/01;;false;;;;;;false;;0;;0;;false;;;;;0;;SEGA;;;;;;;;;;;;;;;;;;;;;;;;;;
./Pitfight.zip;PIT FIGHTER (REV 9);false;1990/01/01;;false;;;;;;false;;0;;0;;false;;;;;0;;ATARI GAMES;;;;;;;;;;;;;;;;;;;;;;;;;;
./Pleasure Goal - 5On5 Mini Soccer.zip;PLEASURE GOAL - 5ON5 MINI SOCCER;false;;;false;;;;;;false;;0;;0;;false;;;;;0;;;;;;;;;;;;;;;;;;;;;;;;;;;;
./Pleiads.zip;PLEIADS (TEHKAN);false;1981/01/01;;false;;;;;;false;;0;;0;;false;;;;;0;;TEHKAN;;;;;;;;;;;;;;;;;;;;;;;;;;
./Pleitek.zip;PLEITEK;false;;;false;;;;;;false;;0;;0;;false;;;;;0;;;;;;;;;;;;;;;;;;;;;;;;;;;;
./Plotting.zip;PLOTTING (WORLD SET 1);false;1989/01/01;;false;;;;;;false;;0;;0;;false;;;;;0;;TAITO CORPORATION JAPAN;;;;;;;;;;;;;;;;;;;;;;;;;;
./Pnickies.zip;PNICKIES;false;;;false;;;;;;false;;0;;0;;false;;;;;0;;;;;;;;;;;;;;;;;;;;;;;;;;;;
./Pochi & Nyaa.zip;POCHI & NYAA;false;;;false;;;;;;false;;0;;0;;false;;;;;0;;;;;;;;;;;;;;;;;;;;;;;;;;;;
./Ponpoko.zip;PONPOKO;false;1982/01/01;;false;;;;;;false;;0;;0;;false;;;;;0;;SIGMA ENTERPRISES INC.;;;;;;;;;;;;;;;;;;;;;;;;;;
./Pool.zip;POOL;false;;;false;;;;;;false;;0;;0;;false;;;;;0;;;;;;;;;;;;;;;;;;;;;;;;;;;;
./Pootan.zip;POOTAN;false;1982/01/01;;false;;CLONE OF : POOYAN (POOTAN);;;;false;;0;;0;;false;;;;;0;;BOOTLEG;;;;;;; Clone Of : pooyan -> Pootan;;;;;;;;;;;;;;;;;;;
./Pooyan.zip;POOYAN;false;1982/01/01;;false;;;;;;false;;0;;0;;false;;;;;0;;KONAMI;;;;;;;;;;;;;;;;;;;;;;;;;;
./Pop 'N Bounce.zip;POP 'N BOUNCE;false;;;false;;;;;;false;;0;;0;;false;;;;;0;;;;;;;;;;;;;;;;;;;;;;;;;;;;
./Popeye.zip;POPEYE (REVISION D);false;1982/01/01;;false;;;;;;false;;0;;0;;false;;;;;0;;NINTENDO;;;;;;;;;;;;;;;;;;;;;;;;;;
./Popeyebl.zip;POPEYE (BOOTLEG);false;1982/01/01;;false;;CLONE OF : POPEYE (POPEYE (BOOTLEG));;;;false;;0;;0;;false;;;;;0;;BOOTLEG;;;;;;; Clone Of : popeye -> Popeye (bootleg);;;;;;;;;;;;;;;;;;;
./Popflame.zip;POP FLAMER (PROTECTED);false;1982/01/01;;false;;;;;;false;;0;;0;;false;;;;;0;;JALECO;;;;;;;;;;;;;;;;;;;;;;;;;;
./Pow.zip;P.O.W. - PRISONERS OF WAR (US VERSION 1);false;1988/01/01;;false;;;;;;false;;0;;0;;false;;;;;0;;SNK;;;;;;;;;;;;;;;;;;;;;;;;;;
./Power Instinct 4 - Matrimelee.zip;POWER INSTINCT 4 - MATRIMELEE;false;;;false;;;;;;false;;0;;0;;false;;;;;0;;;;;;;;;;;;;;;;;;;;;;;;;;;;
./Power Spikes Ii.zip;POWER SPIKES II;false;;;false;;;;;;false;;0;;0;;false;;;;;0;;;;;;;;;;;;;;;;;;;;;;;;;;;;
./Powered Gear - Strategic Variant Armor Equipment.zip;POWERED GEAR - STRATEGIC VARIANT ARMOR EQUIPMENT;false;;;false;;;;;;false;;0;;0;;false;;;;;0;;;;;;;;;;;;;;;;;;;;;;;;;;;;
./Powerins.zip;POWER INSTINCT (USA);false;1993/01/01;;false;;;;;;false;;0;;0;;false;;;;;0;;ATLUS;;;;;;;;;;;;;;;;;;;;;;;;;;
./Prehisle.zip;PREHISTORIC ISLE IN 1930 (WORLD, SET 1);false;1989/01/01;;false;;;;;;false;;0;;0;;false;;;;;0;;SNK;;;;;;;;;;;;;;;;;;;;;;;;;;
./Prehistoric Isle 2.zip;PREHISTORIC ISLE 2;false;;;false;;;;;;false;;0;;0;;false;;;;;0;;;;;;;;;;;;;;;;;;;;;;;;;;;;
./Primrage20.zip;PRIMRAGE20;false;;;false;;;;;;false;;0;;0;;false;;;;;0;;;;;;;;;;;;;;;;;;;;;;;;;;;;
./Progear.zip;PROGEAR (010117 USA);false;2001/01/01;;false;;;;;;false;;0;;0;;false;;;;;0;;CAPCOM / CAVE;;;;;;;;;;;;;;;;;;;;;;;;;;
./Psychos.zip;PSYCHO SOLDIER (US);false;1987/01/01;;false;;;;;;false;;0;;0;;false;;;;;0;;SNK;;;;;;;;;;;;;;;;;;;;;;;;;;
./Puckman.zip;PUCK MAN (JAPAN SET 1);false;1980/01/01;;false;;;;;;false;;0;;0;;false;;;;;0;;NAMCO;;;;;;;;;;;;;;;;;;;;;;;;;;
./Pulsar.zip;PULSAR;false;;;false;;;;;;false;;0;;0;;false;;;;;0;;;;;;;;;;;;;;;;;;;;;;;;;;;;
./Pulstar.zip;PULSTAR;false;1995/01/01;;false;;;;;;false;;0;;0;;false;;;;;0;;AICOM;;;;;;;;;;;;;;;;;;;;;;;;;;
./Punchout.zip;PUNCH-OUT!! (REV B);false;1984/01/01;;false;;;;;;false;;0;;0;;false;;;;;0;;NINTENDO;;;;;;;;;;;;;;;;;;;;;;;;;;
./Punisher, The.zip;PUNISHER, THE;false;;;false;;;;;;false;;0;;0;;false;;;;;0;;;;;;;;;;;;;;;;;;;;;;;;;;;;
./Punisher.zip;PUNISHER;false;19930101T000000;cps1;false;;THE PUNISHER É UM JOGO ARCADE, BEAT 'EM UP,DESENVOLVIDO E LANÇADO PELA CAPCOM EM 1993. ELE ESTRELA O ANTI-HERÓI DA MARVEL COMICS O PUNISHER E CO-ESTRELA DA S.H.I.E.L.D., O AGENTE NICK FURY, COMO O PERSONAGEM DO SEGUNDO JOGADOR JUNTOS EMBARCAM EM UMA MISSÃO PARA MATAR O SENHOR DO CRIME O KINGPIN E DERRUBAR SUA ORGANIZAÇÃO. APESAR DE SEGUIR A MESMA FÓRMULA GERAL QUE O ANTERIOR BEAT 'EM UPS DA CAPCOM, O JOGO TEM UMA GAMA DE ARMAS UTILIZÁVEIS ??E UMA APRESENTAÇÃO EM ESTILO DE QUADRINHOS;CAPCOM;;;false;37375;0;BRIGA DE RUA;263;9C648A50;false;;;a5f042c430acd8b8905a1887c426b877;Multijogador em tela dividida;0;1-2;CAPCOM;0,80;;wor;;;;;./media/image/Punisher-bezel.png;;;;./media/image/Punisher-bezel.png;;;;;;;;;;;;;;
./Punkshot.zip;PUNK SHOT (US 4 PLAYERS);false;1990/01/01;;false;;;;;;false;;0;;0;;false;;;;;0;;KONAMI;;;;;;;;;;;;;;;;;;;;;;;;;;
./Puyopuy2.zip;PUYO PUYO 2 (JAPAN);false;1994/01/01;;false;;;;;;false;;0;;0;;false;;;;;0;;COMPILE (SEGA LICENSE);;;;;;;;;;;;;;;;;;;;;;;;;;
./Puzz Loop 2.Cps2.7z;PUZZ LOOP 2.CPS2;false;20010101T000000;cps2;false;;ITÁLIA A SEQUÊNCIA DA OBRA DE MESMO NOME COM ALGUMAS MELHORIAS. SEMPRE PODEMOS SELECIONAR LEVEL, PANIC, VS, MAS NOTAMOS O APARECIMENTO DE UM MODO POWER NO QUAL GRANDES ESFERAS VÍTREAS PODEM ESTOURAR AS MENORES ATRAINDO UMAS ÀS OUTRAS. HÁ TAMBÉM A POSSIBILIDADE DE ATIRAR EM BAÚS PARA BÔNUS DO TIPO "BOMBA". MUITO TÁTICO, REQUER RACIOCÍNIO RÁPIDO PARA CRIAR REAÇÕES EM CADEIA, ESTE JOGO RAPIDAMENTE FAZ VOCÊ ESQUECER SUA POBREZA GRÁFICA E SEU LADO "DESENHO ANIMADO POUCO ATRAENTE". DEPOIS DE ENTENDER O MODO DE RACIOCÍNIO A SER USADO, VOCÊ SE ENVOLVE RAPIDAMENTE NA AÇÃO. A ATMOSFERA SONORA, SEM SER EXCELENTE, ACOMPANHA BASTANTE O JOGO E SABE AUMENTAR A PRESSÃO. BOM PARA ESQUECER SUAS PREOCUPAÇÕES APÓS UM LONGO DIA DE TRABALHO!;MITCHELL;;;false;37405;0;QUEBRA-CABEÇAS, QUEBRA-CABEÇAS / LANÇAR;2816;A6E838C2;false;;;6eaac43fcb9ff7b29f04ff230b1ce0d5;;0;1-2;MITCHELL;0,60;;;;;;;./media/image/Puzz Loop 2.Cps2-bezel.png;;;;./media/image/Puzz Loop 2.Cps2-bezel.png;./media/fanart/Puzz Loop 2.Cps2-fanart.jpg;;;;;;;;./media/screenshots/Puzz Loop 2.Cps2-screenshot.png;./media/image/Puzz Loop 2.Cps2-titleshot.png;;./media/videos/Puzz Loop 2.Cps2-video.mp4;;
./Puzz Loop 2.zip;PUZZ LOOP 2;false;;;false;;;;;;false;;0;;0;;false;;;;;0;;;;;;;;;;;;;;;;;;;;;;;;;;;;
./Puzzle Bobble 2.zip;PUZZLE BOBBLE 2;false;;;false;;;;;;false;;0;;0;;false;;;;;0;;;;;;;;;;;;;;;;;;;;;;;;;;;;
./Puzzle Bobble.zip;PUZZLE BOBBLE;false;;;false;;;;;;false;;0;;0;;false;;;;;0;;;;;;;;;;;;;;;;;;;;;;;;;;;;
./Puzzle De Conie.zip;PUZZLE DE CONIE;false;;;false;;;;;;false;;0;;0;;false;;;;;0;;;;;;;;;;;;;;;;;;;;;;;;;;;;
./Puzzle De Pon! R.zip;PUZZLE DE PON! R;false;;;false;;;;;;false;;0;;0;;false;;;;;0;;;;;;;;;;;;;;;;;;;;;;;;;;;;
./Puzzle De Pon!.zip;PUZZLE DE PON!;false;;;false;;;;;;false;;0;;0;;false;;;;;0;;;;;;;;;;;;;;;;;;;;;;;;;;;;
./Puzzled.zip;PUZZLED;false;;;false;;;;;;false;;0;;0;;false;;;;;0;;;;;;;;;;;;;;;;;;;;;;;;;;;;
./Puzznic.zip;PUZZNIC (WORLD);false;1989/01/01;;false;;;;;;false;;0;;0;;false;;;;;0;;TAITO CORPORATION JAPAN;;;;;;;;;;;;;;;;;;;;;;;;;;
./Pwrinst2.zip;POWER INSTINCT 2 (USA, VER. 94/04/08);false;1994/01/01;;false;;;;;;false;;0;;0;;false;;;;;0;;ATLUS;;;;;;;;;;;;;;;;;;;;;;;;;;
./Pyros.zip;PYROS (US);false;1987/01/01;;false;;CLONE OF : WARDNER (PYROS (US));;;;false;;0;;0;;false;;;;;0;;TOAPLAN / TAITO AMERICA CORPORATION;;;;;;; Clone Of : wardner -> Pyros (US);;;;;;;;;;;;;;;;;;;
./Qbert.zip;QBERT (US SET 1);false;1982/01/01;;false;;;;;;false;;0;;0;;false;;;;;0;;GOTTLIEB;;;;;;;;;;;;;;;;;;;;;;;;;;
./Qbertjp.zip;QBERTJP;false;;;false;;;;;;false;;0;;0;;false;;;;;0;;;;;;;;;;;;;;;;;;;;;;;;;;;;
./Qbertqub.zip;QBERT'S QUBES;false;1983/01/01;;false;;;;;;false;;0;;0;;false;;;;;0;;MYLSTAR;;;;;;;;;;;;;;;;;;;;;;;;;;
./Qix.zip;QIX (REV 2);false;1981/01/01;;false;;;;;;false;;0;;0;;false;;;;;0;;TAITO AMERICA CORPORATION;;;;;;;;;;;;;;;;;;;;;;;;;;
./Qix2.zip;QIX II (TOURNAMENT);false;1981/01/01;;false;;CLONE OF : QIX (QIX II (TOURNAMENT));;;;false;;0;;0;;false;;;;;0;;TAITO AMERICA CORPORATION;;;;;;; Clone Of : qix -> Qix II (Tournament);;;;;;;;;;;;;;;;;;;
./Quantum.zip;QUANTUM (REV 2);false;1982/01/01;;false;;;;;;false;;0;;0;;false;;;;;0;;GENERAL COMPUTER CORPORATION (ATARI LICENSE);;;;;;;;;;;;;;;;;;;;;;;;;;
./Quantum2.zip;QUANTUM2;false;;;false;;;;;;false;;0;;0;;false;;;;;0;;;;;;;;;;;;;;;;;;;;;;;;;;;;
./Quartet.zip;QUARTET (REV A, 8751 317-UNKNOWN);false;1986/01/01;;false;;;;;;false;;0;;0;;false;;;;;0;;SEGA;;;;;;;;;;;;;;;;;;;;;;;;;;
./Quiz & Dragons - Capcom Quiz Game.zip;QUIZ & DRAGONS - CAPCOM QUIZ GAME;false;;;false;;;;;;false;;0;;0;;false;;;;;0;;;;;;;;;;;;;;;;;;;;;;;;;;;;
./Quiz Nanairo Dreams - Nijiirochou No Kiseki.Cps2.7z;QUIZ NANAIRO DREAMS - NIJIIROCHOU NO KISEKI.CPS2;false;;;false;;;;;;false;;0;;0;;false;;;;;0;;;;;;;;;;;;;;./media/extras/Quiz Nanairo Dreams - Nijiirochou No Kiseki.Cps2-extra1.png;./media/fanart/Quiz Nanairo Dreams - Nijiirochou No Kiseki.Cps2-fanart.jpg;;;;;;;;./media/screenshots/Quiz Nanairo Dreams - Nijiirochou No Kiseki.Cps2-screenshot.png;./media/image/Quiz Nanairo Dreams - Nijiirochou No Kiseki.Cps2-titleshot.png;;./media/videos/Quiz Nanairo Dreams - Nijiirochou No Kiseki.Cps2-video.mp4;;
./Quiz Nanairo Dreams - Nijiirochou No Kiseki.zip;QUIZ NANAIRO DREAMS - NIJIIROCHOU NO KISEKI;false;;;false;;;;;;false;;0;;0;;false;;;;;0;;;;;;;;;;;;;;;;;;;;;;;;;;;;
./Quiz Tonosama No Yabou 2 - Zenkoku-Ban.zip;QUIZ TONOSAMA NO YABOU 2 - ZENKOKU-BAN;false;;;false;;;;;;false;;0;;0;;false;;;;;0;;;;;;;;;;;;;;;;;;;;;;;;;;;;
./Radarscp.zip;RADAR SCOPE (TRS02, REV. D);false;1980/01/01;;false;;;;;;false;;0;;0;;false;;;;;0;;NINTENDO;;;;;;;;;;;;;;;;;;;;;;;;;;
./Radrad.zip;RADICAL RADIAL (US);false;1982/01/01;;false;;;;;;false;;0;;0;;false;;;;;0;;NICHIBUTSU USA;;;;;;;;;;;;;;;;;;;;;;;;;;
./Rage Of The Dragons.zip;RAGE OF THE DRAGONS;false;;;false;;;;;;false;;0;;0;;false;;;;;0;;;;;;;;;;;;;;;;;;;;;;;;;;;;
./Ragnagard.zip;RAGNAGARD;false;;;false;;;;;;false;;0;;0;;false;;;;;0;;;;;;;;;;;;;;;;;;;;;;;;;;;;
./Raiden.zip;RAIDEN (SET 1);false;1990/01/01;;false;;;;;;false;;0;;0;;false;;;;;0;;SEIBU KAIHATSU;;;;;;;;./media/image/Raiden-bezel.png;;./media/image/Raiden-boxart.png;;;;;;./media/manuals/Raiden_(wor).pdf;;./media/image/Raiden-marquee.png;;./media/image/Raiden-wheelround.png;./media/screenshots/Raiden-screenshot.png;./media/image/Raiden-titleshot.png;./media/image/Raiden-boxart.png;./media/videos/Raiden-video.mp4;./media/image/Raiden-marquee.png;./media/image/Raiden-wheelround.png
./Raiden2.zip;RAIDEN II (US, SET 1);false;1993/01/01;;false;;;;;;false;;0;;0;;false;;;;;0;;SEIBU KAIHATSU (FABTEK LICENSE);;;;;;;;;;;;;;;;;;;;;;;;;;
./Raidndx.zip;RAIDNDX;false;;;false;;;;;;false;;0;;0;;false;;;;;0;;;;;;;;;;;;;;;;;;;;;;;;;;;;
./Rainbow.zip;RAINBOW;false;;;false;;;;;;false;;0;;0;;false;;;;;0;;;;;;;;;;;;;;;;;;;;;;;;;;;;
./Rainbowe.zip;RAINBOWE;false;;;false;;;;;;false;;0;;0;;false;;;;;0;;;;;;;;;;;;;;;;;;;;;;;;;;;;
./Rallyx.zip;RALLY X (32K VER.);false;1980/01/01;;false;;;;;;false;;0;;0;;false;;;;;0;;NAMCO;;;;;;;;;./media/image/Rallyx-boxback.png;;;;;;;;;;;;;;;;;
./Rambo3.zip;RAMBO III (EUROPE);false;1989/01/01;;false;;;;;;false;;0;;0;;false;;;;;0;;TAITO EUROPE CORPORATION;;;;;;;;;;;;;;;;;;;;;;;;;;
./Rampage.zip;RAMPAGE (REV 3, 8/27/86);false;1986/01/01;;false;;;;;;false;;0;;0;;false;;;;;0;;BALLY MIDWAY;;;;;;;;;;;;;;;;;;;;;;;;;;
./Rampart.zip;RAMPART;false;;;false;;;;;;false;;0;;0;;false;;;;;0;;;;;;;;;;;;;;;;;;;;;;;;;;;;
./Rastan.zip;RASTAN;false;19870101T000000;taito;false;;A SAGA RASTAN, CONHECIDA NA AMÉRICA DO NORTE SIMPLESMENTE COMO RASTAN, É UM JOGO DE ARCADE DE PLATAFORMA HACK AND SLASH DE 1987 DESENVOLVIDO E PUBLICADO PELA TAITO.;TAITO;;;false;42699;0;PLATAFORMA, PLATAFORMA / COMBATE COM ROLAGEM;257;3CB5D7BC;false;;;04bc6d0686d480cd03a3809c2ee40a16;;0;1-2;TAITO;0,80;;wor;;;;;./media/image/Rastan-bezel.png;;;;./media/image/Rastan-bezel.png;;;;;;;;;;;;;;
./Rastsaga.zip;RASTAN SAGA (JAPAN REV 1);false;1987/01/01;;false;;CLONE OF : RASTAN (RASTAN SAGA (JAPAN REV 1));;;;false;;0;;0;;false;;;;;0;;TAITO CORPORATION;;;;;;; Clone Of : rastan -> Rastan Saga (Japan Rev 1);;;;;;;;;;;;;;;;;;;
./Rbibb.zip;RBIBB;false;;;false;;;;;;false;;0;;0;;false;;;;;0;;;;;;;;;;;;;;;;;;;;;;;;;;;;
./Rbtapper.zip;TAPPER (ROOT BEER);false;1984/01/01;;false;;CLONE OF : TAPPER (TAPPER (ROOT BEER));;;;false;;0;;0;;false;;;;;0;;BALLY MIDWAY;;;;;;; Clone Of : tapper -> Tapper (Root Beer);;;;;;;;;;;;;;;;;;;
./Rdft.zip;RAIDEN FIGHTERS (GERMANY);false;1996/01/01;;false;;;;;;false;;0;;0;;false;;;;;0;;SEIBU KAIHATSU (TUNING LICENSE);;;;;;;;;;;;;;;;;;;;;;;;;;
./Rdft2.zip;RAIDEN FIGHTERS 2 - OPERATION HELL DIVE (GERMANY);false;1997/01/01;;false;;;;;;false;;0;;0;;false;;;;;0;;SEIBU KAIHATSU (TUNING LICENSE);;;;;;;;;;;;;;;;;;;;;;;;;;
./Reactor.zip;REACTOR;false;19820101T000000;;false;;;GOTTLIEB;;;false;172111;0;AÇÃO / LABIRINTO, AÇÃO;258;166C991A;false;;;ad794bde16a694058939f54242cbf819;;0;1;GOTTLIEB;0,80;;wor;;;;;;;;;;;;;;;;;;;;;;;
./Real Bout Fatal Fury 2 - The Newcomers.zip;REAL BOUT FATAL FURY 2 - THE NEWCOMERS;false;;;false;;;;;;false;;0;;0;;false;;;;;0;;;;;;;;;;;;;;;;;;;;;;;;;;;;
./Real Bout Fatal Fury Special.zip;REAL BOUT FATAL FURY SPECIAL;false;;;false;;;;;;false;;0;;0;;false;;;;;0;;;;;;;;;;;;;;;;;;;;;;;;;;;;
./Real Bout Fatal Fury.zip;REAL BOUT FATAL FURY;false;;;false;;;;;;false;;0;;0;;false;;;;;0;;;;;;;;;;;;;;;;;;;;;;;;;;;;
./Realbrk.zip;REALBRK;false;;;false;;;;;;false;;0;;0;;false;;;;;0;;;;;;;;;;;;;;;;;;;;;;;;;;;;
./Redalert.zip;REDALERT;false;;;false;;;;;;false;;0;;0;;false;;;;;0;;;;;;;;;;;;;;;;;;;;;;;;;;;;
./Redbaron.zip;RED BARON (REVISED HARDWARE);false;1980/01/01;;false;;;;;;false;;0;;0;;false;;;;;0;;ATARI;;;;;;;;;;;;;;;;;;;;;;;;;;
./Redearth.zip;RED EARTH / WAR-ZARD (EURO 961121);false;1996/01/01;;false;;;;;;false;;0;;0;;false;;;;;0;;CAPCOM;;;;;;;;;;;;;;;;;;;;;;;;;;
./Redufo.zip;DEFEND THE TERRA ATTACK ON THE RED UFO;false;1981/01/01;;false;;;;;;false;;0;;0;;false;;;;;0;;ARTIC;;;;;;;;;;;;;;;;;;;;;;;;;;
./Relief.zip;RELIEF PITCHER (SET 1, 07 JUN 1992 / 28 MAY 1992);false;1992/01/01;;false;;;;;;false;;0;;0;;false;;;;;0;;ATARI GAMES;;;;;;;;;;;;;;;;;;;;;;;;;;
./Renegade.zip;RENEGADE (US);false;1986/01/01;;false;;;;;;false;;0;;0;;false;;;;;0;;TECHNOS (TAITO AMERICA LICENSE);;;;;;;;;;;;;;;;;;;;;;;;;;
./Rescraid.zip;RESCRAID;false;;;false;;;;;;false;;0;;0;;false;;;;;0;;;;;;;;;;;;;;;;;;;;;;;;;;;;
./Rescue.zip;RESCUE;false;1982/01/01;;false;;;;;;false;;0;;0;;false;;;;;0;;STERN;;;;;;;;;;;;;;;;;;;;;;;;;;
./Rfjet.zip;RFJET;false;19980101T000000;seibukaihatsu;false;;O TERCEIRO DA SÉRIE RAIDEN FIGHTERS. ESTA OBRA MANTÉM A MESMA INTENSIDADE E JOGABILIDADE MANÍACA DE SEUS ANTECESSORES, AO MESMO TEMPO QUE INTRODUZ VÁRIAS NOVAS MECÂNICAS. O JOGO CONTÉM MODOS DE JOGO NORMAL, ESPECIAL E ESPECIALISTA. A TRILHA SONORA CONSISTE EM MÚSICA RAVE E TECHNO EM RITMO ACELERADO, AFASTANDO-SE DO ESTILO POP MAIS MELÓDICO DA SÉRIE ORIGINAL DE JOGOS RAIDEN.;SEIBU KAIHATSU;;;false;42757;0;SHOOT'EM UP / VERTICAL, SHOOT'EM UP;260;F433BF;false;;;19a8539fa5ce8a83a0c6c874ac76bd6b;;0;1-2;SEIBU KAIHATSU;0,80;;de;Right;;;;./media/image/Rfjet-bezel.png;;;;./media/image/Rfjet-bezel.png;;;;;;;;;;;;;;
./Ridhero.zip;RIDING HERO (NGM-006)(NGH-006);false;1990/01/01;;false;;;;;;false;;0;;0;;false;;;;;0;;SNK;;;;;;;;;./media/image/Ridhero-boxback.png;;./media/image/Ridhero-cartridge.png;;;;;;;./media/image/Ridhero-marquee.png;;./media/image/Ridhero-wheelround.png;;;;;./media/image/Ridhero-marquee.png;./media/image/Ridhero-wheelround.png
./Ridingf.zip;RIDING FIGHT (VER 1.0O);false;1992/01/01;;false;;;;;;false;;0;;0;;false;;;;;0;;TAITO CORPORATION JAPAN;;;;;;;;;;;;;;;;;;;;;;;;;;
./Ring Of Destruction - Slammasters Ii.zip;RING OF DESTRUCTION - SLAMMASTERS II;false;;;false;;;;;;false;;0;;0;;false;;;;;0;;;;;;;;;;;;;;;;;;;;;;;;;;;;
./Riot.zip;RIOT;false;19920101T000000;nmk;false;;VOCÊ ENFRENTARÁ OS TIGRES MÁGICOS E SEU PLANO PARA CONQUISTAR O MUNDO. ESTA PODEROSA ORGANIZAÇÃO NÃO SÓ POSSUI ARMAS DE FOGO E VÁRIAS EQUIPES DE GUERRILHA, MAS TAMBÉM POSSUI UMA ESTRANHA MAGIA EM SUAS MÃOS. O JOGO CONSISTE EM 6 NÍVEIS E TENHA CUIDADO, SEUS INIMIGOS NÃO SÓ IRÃO ATACAR VOCÊ PELA FRENTE, MAS TAMBÉM POR TRÁS. USE SUAS ARMAS E ESCUDOS CORRETAMENTE SE QUISER SOBREVIVER E VENCER.;TECMO;;;false;42769;0;TIRO, TIRO / TIRO EM 3ª PESSOA;256;5F055F50;false;;;a6aeffd15f0669f0ebeb83f1f28afb81;;0;1-2;NMK;0,40;;wor;;;;;;;;;;;;;;;./media/image/Riot-marquee.png;;./media/image/Riot-wheelround.png;;;;;./media/image/Riot-marquee.png;./media/image/Riot-wheelround.png
./Riotcity.zip;RIOT CITY (JAPAN);false;1991/01/01;;false;;;;;;false;;0;;0;;false;;;;;0;;SEGA / WESTONE;;;;;;;;;;;;;;;;;;;;;;;;;;
./Rmpgwt.zip;RAMPAGE WORLD TOUR (REV 1.3);false;1997/01/01;;false;;;;;;false;;0;;0;;false;;;;;0;;MIDWAY;;;;;;;;;;;;;;;;;;;;;;;;;;
./Roadblst.zip;ROADBLST;false;19870101T000000;atari;false;;ROAD BLASTERS © 1987 ATARI GAMES. ROAD BLASTERS É UM JOGO DE DIREÇÃO FUTURISTA NO QUAL O JOGADOR DEVE ATIRAR EM PILOTOS RIVAIS E COLETAR GLOBOS DE COMBUSTÍVEL PARA REABASTECER SEU SUPRIMENTO CADA VEZ MENOR DE COMBUSTÍVEL. AS ARMAS POWER-UP SÃO LARGADAS DE CIMA E DEVEM SER 'CAPTURADAS' PELO JOGADOR. A COLISÃO COM VEÍCULOS INIMIGOS RESULTARÁ NA DESTRUIÇÃO DO PRÓPRIO VEÍCULO DO JOGADOR. FALA DIGITALIZADA, EFEITOS E MÚSICA SÃO REPRODUZIDOS DURANTE TODO O JOGO.;ATARI;;;false;42781;0;TIRO, TIRO / CARRO 3ª PESSOA;1028;853ACABF;false;;;769dc25e3018b8048ebec553144f3bb2;;0;1;ATARI;0,60;;wor;;;;;./media/image/Roadblst-bezel.png;;;;./media/image/Roadblst-bezel.png;;;;;;;;;;;;;;
./Roadf.zip;ROAD FIGHTER (SET 1);false;1984/01/01;;false;;;;;;false;;0;;0;;false;;;;;0;;KONAMI;;;;;;;;;;;;;;;;;;;;;;;;;;
./Roadrunn (2).zip;ROADRUNN (2);false;;;false;;;;;;false;;0;;0;;false;;;;;0;;;;;;;;;;./media/image/Roadrunn (2)-bezel.png;./media/image/Roadrunn (2)-boxback.png;./media/image/Roadrunn (2)-boxart.png;;;./media/fanart/Roadrunn (2)-fanart.jpg;;;;;./media/image/Roadrunn (2)-marquee.png;;./media/image/Roadrunn (2)-wheelround.png;./media/screenshots/Roadrunn (2)-screenshot.png;./media/image/Roadrunn (2)-titleshot.png;./media/image/Roadrunn (2)-boxart.png;./media/videos/Roadrunn (2)-video.mp4;./media/image/Roadrunn (2)-marquee.png;./media/image/Roadrunn (2)-wheelround.png
./Roadrunn.zip;ROADRUNN;false;;;false;;;;;;false;;0;;0;;false;;;;;0;;;;;;;;;;;;;;;;;;;;;;;;;;;;
./Robby.zip;ROBBY;false;;;false;;;;;;false;;0;;0;;false;;;;;0;;;;;;;;;;;;;;;;;;;;;;;;;;;;
./Robo Army.zip;ROBO ARMY;false;;;false;;;;;;false;;0;;0;;false;;;;;0;;;;;;;;;;;;;;;;;;;;;;;;;;;;
./Robocop.zip;ROBOCOP;false;19880101T000000;dataeast;false;;ROBOCOP - THE FUTURE OF LAW ENFORCEMENT É UM JOGO DE TIRO EM PLATAFORMA DE ROLAGEM LATERAL PARA UM ÚNICO JOGADOR BASEADO NO FILME DE 1987 DE MESMO NOME. A HISTÓRIA DO JOGO REFLETE A DO FILME, COM O EX-POLICIAL MURPHY, AGORA UM CIBORGUE MEIO HUMANO CHAMADO 'ROBOCOP', EM UMA MISSÃO PARA DERRUBAR A MALVADA CORPORAÇÃO OCP. ROBOCOP APRESENTA NOVE NÍVEIS DE AÇÃO, COM DOIS DOS NOVE ESTÁGIOS DO JOGO SENDO ALVOS NA TELA, NOS QUAIS OS JOGADORES PODEM TENTAR ACUMULAR PONTOS DE BÔNUS E GANHAR SAÚDE EXTRA. OCASIONALMENTE, CAIXAS DE MADEIRA IMPEDEM O PROGRESSO DO ROBOCOP, MAS PODEM SER PERFURADAS PARA REMOVÊ-LAS. AS CAIXAS MARCADAS PODEM SER QUEBRADAS PARA REVELAR UM DOS TRÊS POWER-UPS DE ARMAS, ARMA DE TRÊS VIAS, LASER DUPLO E A INCRIVELMENTE PODEROSA ARMA COBRA. A MÚSICA INCIDENTAL DO FILME TOCA DURANTE TODO O JOGO E A FALA DO ROBOCOP É AMOSTRADA DIRETAMENTE DO FILME ORIGINAL.;DATA EAST;;;false;42791;0;TIRO / RUN AND GUN, PLATAFORMA, PLATAFORMA / TIRO COM ROLAGEM, TIRO;257;1613F1C4;false;;;3ed9453d9f402f27902b83fd234698e8;Jogador individual;0;1;DATA EAST;0,60;;wor;;;;;./media/image/Robocop-bezel.png;;;;./media/image/Robocop-bezel.png;;;;./media/manuals/Robocop-manual.pdf;;;;;;;;;;
./Robocop2.zip;ROBOCOP 2 (EURO/ASIA V0.10);false;1991/01/01;;false;;;;;;false;;0;;0;;false;;;;;0;;DATA EAST CORPORATION;;;;;;;;;;;;;;;;;;;;;;;;;;
./Robocopp.zip;ROBOCOPP;false;;;false;;;;;;false;;0;;0;;false;;;;;0;;;;;;;;;;;;;;;;;;;;;;;;;;;;
./Robotbwl.zip;ROBOTBWL;false;;;false;;;;;;false;;0;;0;;false;;;;;0;;;;;;;;;;;;;;;;;;;;;;;;;;;;
./Robotron.zip;ROBOTRON 2084 (SOLID BLUE LABEL);false;1982/01/01;;false;;;;;;false;;0;;0;;false;;;;;0;;WILLIAMS / VID KIDZ;;;;;;;;;;;;;;;;;;;;;;;;;;
./Robotryo.zip;ROBOTRYO;false;;;false;;;;;;false;;0;;0;;false;;;;;0;;;;;;;;;;;;;;;;;;;;;;;;;;;;
./Rocnrope.zip;ROC'N ROPE;false;1983/01/01;;false;;;;;;false;;0;;0;;false;;;;;0;;KONAMI;;;;;;;;;;;;;;;;;;;;;;;;;;
./Rodland.zip;RODLAND;false;19900101T000000;jaleco;false;;ROD-LAND É UM JOGO DE PLATAFORMA FOFO E COLORIDO PARA UM OU DOIS JOGADORES NO QUAL DUAS IRMÃS FADAS - 'TAM' E 'RIT' - DEVEM RESGATAR SUA MÃE SEQUESTRADA DA FORTALEZA 'MABOOTS TOWER'. AS FADAS ESTÃO ARMADAS COM OS 'RODS OF SHEESANOMO' - DUAS VARAS MÁGICAS QUE PERMITEM QUE AS FADAS CAPTUREM INIMIGOS EM UM CAMPO DE FORÇA E OS JOGUEM NAS PLATAFORMAS PARA MATÁ-LOS - E DEVEM ELIMINAR CADA NÍVEL DE INIMIGOS PARA PASSAR PARA O PRÓXIMO E, EVENTUALMENTE, ALCANÇAR E SE INFILTRAR NA TORRE. ALÉM DAS VARAS MÁGICAS USADAS PARA ATACAR INIMIGOS, AS FADAS TAMBÉM PODEM CRIAR UMA ESCADA MÁGICA – DE MANEIRA MUITO SEMELHANTE À USADA NAS “ILHAS ARCO-ÍRIS” DE TAITO – QUE PODE SER USADA EM QUALQUER LUGAR DO NÍVEL E PERMITE QUE OS JOGADORES ALCANCEM OUTRAS PLATAFORMAS OU ESCAPEM DE INIMIGOS PERSEGUIDORES. CADA JOGADOR PODE USAR APENAS UMA ESCADA CRIADA MAGICAMENTE POR VEZ E A CRIAÇÃO DE UMA NOVA ESCADA REMOVE A CRIADA ANTERIORMENTE. UM NÍVEL SÓ É CONCLUÍDO QUANDO TODOS OS INIMIGOS FORAM MORTOS. ALGUNS INIMIGOS DERROTADOS DEIXAM CAIR ITENS BÔNUS, COMO FRUTAS, MÍSSEIS E BOMBAS. CADA UM DOS NÍVEIS DO JOGO APRESENTA FLORES COLORIDAS. SE OS JOGADORES CONSEGUIREM COLETAR TUDO ISSO, O MODO ‘JOGO EXTRA’ COMEÇA. DURANTE ESTE MODO LIMITADO POR TEMPO, TODOS OS INIMIGOS DO NÍVEL FICAM VERMELHOS E SE MOVEM MUITO MAIS RÁPIDO. SE OS INIMIGOS FOREM MORTOS A TEMPO, ELES DEIXAM CAIR UMA LETRA ALFABÉTICA QUE PODE SER COLETADA PARA SOLETRAR A PALAVRA ‘EXTRA’ E GANHAR UMA VIDA EXTRA AOS JOGADORES.;JALECO;;;false;42808;0;PLATAFORMA, PLATAFORMA / CORRE E PULA;257;866A3024;false;;;044bc51663b55685d8d6e1f2b5f96f35;;0;1-2;JALECO;0,60;;wor;;;;;;;;;;;;;;;;;;;;;;;
./Roishtar.zip;THE RETURN OF ISHTAR;false;1986/01/01;;false;;;;;;false;;0;;0;;false;;;;;0;;NAMCO;;;;;;;;;;;;;;;;;;;;;;;;;;
./Rollerg.zip;ROLLERGAMES (US);false;1991/01/01;;false;;;;;;false;;0;;0;;false;;;;;0;;KONAMI;;;;;;;;;;;;;;;;;;;;;;;;;;
./Rollingc.zip;ROLLINGC;false;;;false;;;;;;false;;0;;0;;false;;;;;0;;;;;;;;;;;;;;;;;;;;;;;;;;;;
./Ropeman.zip;ROPEMAN (BOOTLEG OF ROC'N ROPE);false;1983/01/01;;false;;CLONE OF : ROCNROPE (ROPEMAN (BOOTLEG OF ROC'N ROPE));;;;false;;0;;0;;false;;;;;0;;BOOTLEG;;;;;;; Clone Of : rocnrope -> Ropeman (bootleg of Roc'n Rope);;;;;;;;;;;;;;;;;;;
./Rotd.zip;RAGE OF THE DRAGONS (NGM-264);false;2002/01/01;;false;;;;;;false;;0;;0;;false;;;;;0;;EVOGA / PLAYMORE;;;;;;;;;;;;;;;;;;;;;;;;;;
./Route16.zip;ROUTE 16 (SUN ELECTRONICS, SET 1);false;1981/01/01;;false;;;;;;false;;0;;0;;false;;;;;0;;SUN ELECTRONICS;;;;;;;;;;;;;;;;;;;;;;;;;;
./Rranger.zip;RRANGER;false;;;false;;;;;;false;;0;;0;;false;;;;;0;;;;;;;;;;;;;;;;;;;;;;;;;;;;
./Rthun2.zip;ROLLING THUNDER 2;false;1990/01/01;;false;;;;;;false;;0;;0;;false;;;;;0;;NAMCO;;;;;;;;;;;;;;;;;;;;;;;;;;
./Rthunder.zip;ROLLING THUNDER (REV 3);false;1986/01/01;;false;;;;;;false;;0;;0;;false;;;;;0;;NAMCO;;;;;;;;;;;;;;;;;;;;;;;;;;
./Rtype.zip;RTYPE;false;19870101T000000;irem;false;;RTYPE É UM JOGO DE TIRO DE ROLAGEM LATERAL EM QUE O MALVADO IMPÉRIO BYDO GOVERNA A GALÁXIA ATRAVÉS DO MEDO E DA INTIMIDAÇÃO E CABE AO JOGADOR - PILOTANDO SUA NAVE ESPACIAL R-9 FORTEMENTE ARMADA - LUTAR ATRAVÉS DE OITO NÍVEIS DIFÍCEIS ATÉ O CORAÇÃO DA FORTALEZA BYDO E DERROTÁ-LOS. O REVOLUCIONÁRIO SISTEMA DE ARMAS DO JOGO É O SEU VERDADEIRO GOLPE DE GÉNIO. A PRIMEIRA DAS INÚMERAS INOVAÇÕES QUE R?TYPE COMPROU PARA O GÊNERO É A ARMA DE FEIXE: QUANDO O BOTÃO DE DISPARO É PRESSIONADO, UM 'MEDIDOR DE POTÊNCIA' COMEÇA A CARREGAR, QUANDO O MEDIDOR ESTIVER CHEIO, SOLTAR O BOTÃO DE DISPARO LIBERA UMA EXPLOSÃO DE PLASMA MUITO PODEROSA, CAPAZ DE INFLIGIR DANOS MUITO MAIORES ÀS NAVES INIMIGAS OU ATÉ MESMO DESTRUIR VÁRIOS INIMIGOS SIMULTANEAMENTE. A DESVANTAGEM É QUE CARREGAR A ARMA LEVA SEGUNDOS VALIOSOS, DANDO ÀS NAVES BYDO TEMPO PARA ATACAR. A ADIÇÃO MAIS SIGNIFICATIVA AO ARSENAL DO TIPO R É O AGORA LENDÁRIO ‘FORCE POD’. ISSO ASSUME A FORMA DE UM POD DE DISPARO A LASER REMOVÍVEL E INVENCÍVEL QUE PODE SER CONECTADO À FRENTE OU ATRÁS DA NAVE DO JOGADOR, OU PODE SER COMPLETAMENTE DESCONECTADO, APÓS O QUAL O POD FICA A ALGUMA DISTÂNCIA À FRENTE OU ATRÁS DA NAVE DO JOGADOR, RASTREANDO SEUS MOVIMENTOS E FORNECENDO PODER DE FOGO ADICIONAL. QUANDO ANEXADO À NAVE R9, O POD ATUA COMO UM ESCUDO. ISTO CONSTITUI UMA PARTE CRUCIAL DA JOGABILIDADE DE R?TYPE E DEVE SER TOTALMENTE UTILIZADO PARA NAVEGAR EM CERTAS SEÇÕES DO JOGO, COMO A ENORME NAVE-MÃE QUE COMPREENDE O TERCEIRO ESTÁGIO DO JOGO. OS NÍVEIS DE R?TYPE SÃO PROJETADOS PARA FAZER USO TOTAL DE SEU SISTEMA DE ARMAS EXCLUSIVO, PROPORCIONANDO UMA JOGABILIDADE MUITO LINEAR E EXIGENTE, NA QUAL PERDER OU PEGAR A ARMA ERRADA NA HORA ERRADA GERALMENTE LEVA À MORTE INSTANTÂNEA. O SEU DESIGN DE NÍVEIS INTELIGENTE, PRECISO E EXIGENTE DEU AO MUNDO O SEU PRIMEIRO SHOOT-EM-UP VERDADEIRAMENTE 'ESTRATÉGICO'.;IREM;;;false;42841;0;SHOOT'EM UP / HORIZONTAL, SHOOT'EM UP;260;302D358F;false;;;566dd56e068922c155a0f8cce0002c0c;;0;1-2;IREM;0,80;;wor;;;;;./media/image/Rtype-bezel.png;;;;./media/image/Rtype-bezel.png;;;;;;;;;;;;;;
./Rtype2.zip;R-TYPE II (WORLD);false;1989/01/01;;false;;;;;;false;;0;;0;;false;;;;;0;;IREM;;;;;;;;;;;;;;;;;;;;;;;;;;
./Rtypeleo.zip;R-TYPE LEO (WORLD);false;1992/01/01;;false;;;;;;false;;0;;0;;false;;;;;0;;IREM;;;;;;;;;;;;;;;;;;;;;;;;;;
./Rtypeu.zip;R-TYPE (US);false;1987/01/01;;false;;CLONE OF : RTYPE (R-TYPE (US));;;;false;;0;;0;;false;;;;;0;;IREM (NINTENDO OF AMERICA LICENSE);;;;;;; Clone Of : rtype -> R-Type (US);;;;;;;;;;;;;;;;;;;
./Rungun2.zip;RUNGUN2;false;;;false;;;;;;false;;0;;0;;false;;;;;0;;;;;;;;;;;;;;;;;;;;;;;;;;;;
./Rushatck.zip;RUSH'N ATTACK (US);false;1985/01/01;;false;;CLONE OF : GBERET (RUSH'N ATTACK (US));;;;false;;0;;0;;false;;;;;0;;KONAMI;;;;;;; Clone Of : gberet -> Rush'n Attack (US);;;;;;;;;;;;;;;;;;;
./Rvschool.zip;RVSCHOOL;false;;;false;;;;;;false;;0;;0;;false;;;;;0;;;;;;;;;;;;;;;;;;;;;;;;;;;;
./Rygar.zip;RYGAR (US SET 1);false;1986/01/01;;false;;;;;;false;;0;;0;;false;;;;;0;;TECMO;;;;;;;;;;;;;;;;;;;;;;;;;;
./Rygarj.zip;ARGUS NO SENSHI (JAPAN);false;1986/01/01;;false;;CLONE OF : RYGAR (ARGUS NO SENSHI (JAPAN));;;;false;;0;;0;;false;;;;;0;;TECMO;;;;;;; Clone Of : rygar -> Argus no Senshi (Japan);;;;;;;;;;;;;;;;;;;
./Ryujin.zip;RYU JIN (JAPAN, ET910000B PCB);false;1993/01/01;;false;;;;;;false;;0;;0;;false;;;;;0;;TAITO CORPORATION;;;;;;;;;;;;;;;;;;;;;;;;;;
./S1945.zip;STRIKERS 1945 (WORLD);false;1995/01/01;;false;;;;;;false;;0;;0;;false;;;;;0;;PSIKYO;;;;;;;;;;;;;;;;;;;;;;;;;;
./S1945iii.zip;STRIKERS 1945 III (WORLD) / STRIKERS 1999 (JAPAN);false;1999/01/01;;false;;;;;;false;;0;;0;;false;;;;;0;;PSIKYO;;;;;;;;;;;;;;;;;;;;;;;;;;
./S1945p.zip;STRIKERS 1945 PLUS;false;1999/01/01;;false;;;;;;false;;0;;0;;false;;;;;0;;PSIKYO;;;;;;;;;;;;;;;;;;;;;;;;;;
./Sailormn.zip;SAILORMN;false;19950322T000000;banpresto;false;;O JOGO É UM JOGO "BEAT-'EM-UP" DE ROLAGEM LATERAL, UM OU DOIS JOGADORES ESCOLHEM O SENSHI DESEJADO E VIAJAM POR VÁRIOS ESTÁGIOS DERROTANDO INIMIGOS. OS ITENS ÀS VEZES SÃO DERRUBADOS POR INIMIGOS QUE PODEM VARIAR DE ITENS QUE RESTAURAM A SAÚDE, DÃO PONTOS EXTRAS OU CRISTAIS QUE PERMITEM QUE O SENSHI REALIZE ATAQUES ESPECIAIS. ATÉ CINCO CRISTAIS PODEM SER COLETADOS POR JOGADOR PARA FORTALECER OS ATAQUES ESPECIAIS DO SENSHI. DURANTE OS MOMENTOS MAIS DIFÍCEIS DA BATALHA, TUXEDO MASK APARECERÁ E JOGARÁ UMA ROSA, QUE É UM BÔNUS PARA PEGAR E PARTIR.;GAZELLE;;;false;37352;0;LUTA, LUTA / 2.5D, BRIGA DE RUA;263;696AF45B;false;;;1ede05d17b19d0531561bbe216c735ee;Multijogador cooperativo;0;1-2;BANPRESTO;0,80;;eu;;;;;./media/image/Sailormn-bezel.png;;;;./media/image/Sailormn-bezel.png;;;;;;;;;;;;;;
./Sailormnoj.zip;PRETTY SOLDIER SAILOR MOON (VER. 95/03/21, JAPAN);false;1995/01/01;;false;;CLONE OF : SAILORMN (PRETTY SOLDIER SAILOR MOON (VER. 95/03/21, JAPAN));;;;false;;0;;0;;false;;;;;0;;BANPRESTO / GAZELLE;;;;;;; Clone Of : sailormn -> Pretty Soldier Sailor Moon (ver. 95/03/21, Japan);;;;;;;;;;;;;;;;;;;
./Salmndr2.zip;SALMNDR2;false;;;false;;;;;;false;;0;;0;;false;;;;;0;;;;;;;;;;;;;;;;;;;;;;;;;;;;
./Samsh5sp.zip;SAMURAI SHODOWN V SPECIAL / SAMURAI SPIRITS ZERO SPECIAL (NGM-2720);false;2004/01/01;;false;;;;;;false;;0;;0;;false;;;;;0;;YUKI ENTERPRISE / SNK PLAYMORE;;;;;;;;;./media/image/Samsh5sp-boxback.png;;./media/image/Samsh5sp-cartridge.png;;;;;;;./media/image/Samsh5sp-marquee.png;;./media/image/Samsh5sp-wheelround.png;;;;;./media/image/Samsh5sp-marquee.png;./media/image/Samsh5sp-wheelround.png
./Samsho.zip;SAMSHO;false;19930811T000000;snk;false;;NO INÍCIO DO JAPÃO, UM HOMEM CHAMADO SHIRO TOKISADA AMAKUSA PREGA UMA RELIGIÃO HERÉTICA. POUCO SABE ALGUÉM QUE AMAKUSA É REALMENTE UM SERVO DO MAL AMBROSIA, QUE ASSUMIU O CORPO DE AMAKUSA. AMBROSIA DESEJA ENCOBRIR O MUNDO NA ESCURIDÃO. AGORA, ESCOLHA ENTRE 12 GUERREIROS (E 3 PERSONAGENS BÔNUS) PARA LUTAR PELA HONRA DE DESTRUIR AMAKUSA E CUMPRIR UMA MISSÃO.;SNK;;;false;37629;0;LUTA / VERSUS, LUTA;262;D9652D0D;false;;;5c8a337dab922dc47e7a65fa39d81073;Jogador individual;0;1-2;SNK;0,60;;wor;;;;;./media/image/Samsho-bezel.png;;;;./media/image/Samsho-bezel.png;;;;;;;;;;;;;;
./Samsho3.zip;SAMURAI SHODOWN III / SAMURAI SPIRITS - ZANKUROU MUSOUKEN (NGM-087);false;1995/01/01;;false;;;;;;false;;0;;0;;false;;;;;0;;SNK;;;;;;;;;;;;;;;;;;;;;;;;;;
./Samsho4.zip;SAMURAI SHODOWN IV - AMAKUSA'S REVENGE / SAMURAI SPIRITS - AMAKUSA KOURIN (NGM-222)(NGH-222);false;1996/01/01;;false;;;;;;false;;0;;0;;false;;;;;0;;SNK;;;;;;;;;;;;;;;;;;;;;;;;;;
./Samurai Shodown Ii.zip;SAMURAI SHODOWN II;false;;;false;;;;;;false;;0;;0;;false;;;;;0;;;;;;;;;;;;;;;;;;;;;;;;;;;;
./Samurai Shodown Iii.zip;SAMURAI SHODOWN III;false;;;false;;;;;;false;;0;;0;;false;;;;;0;;;;;;;;;;;;;;;;;;;;;;;;;;;;
./Samurai Shodown IV - Amakusa's.zip;SAMURAI SHODOWN IV - AMAKUSA'S;false;;;false;;;;;;false;;0;;0;A2FBA7C5;false;;;b9efb01f1555400d7526472c5d552d42;;0;;;;;;;;;;;;;;;;;;;;;;;;;;;;
./Samurai Shodown.zip;SAMURAI SHODOWN;false;;;false;;;;;;false;;0;;0;;false;;;;;0;;;;;;;;;;;;;;;;;;;;;;;;;;;;
./Samurai Showdown V Special.zip;SAMURAI SHOWDOWN V SPECIAL;false;;;false;;;;;;false;;0;;0;;false;;;;;0;;;;;;;;;;;;;;;;;;;;;;;;;;;;
./Samurai Showdown V.zip;SAMURAI SHOWDOWN V;false;;;false;;;;;;false;;0;;0;;false;;;;;0;;;;;;;;;;;;;;;;;;;;;;;;;;;;
./Sarge.zip;SARGE;false;1985/01/01;;false;;;;;;false;;0;;0;;false;;;;;0;;BALLY MIDWAY;;;;;;;;;;;;;;;;;;;;;;;;;;
./Satansat.zip;SATAN OF SATURN (SET 1);false;1981/01/01;;false;;;;;;false;;0;;0;;false;;;;;0;;SNK;;;;;;;;;;;;;;;;;;;;;;;;;;
./Saturday Night Slammasters.zip;SATURDAY NIGHT SLAMMASTERS;false;;;false;;;;;;false;;0;;0;;false;;;;;0;;;;;;;;;;;;;;;;;;;;;;;;;;;;
./Savage Reign.zip;SAVAGE REIGN;false;;;false;;;;;;false;;0;;0;;false;;;;;0;;;;;;;;;;;;;;;;;;;;;;;;;;;;
./Savagere.zip;SAVAGE REIGN / FU'UN MOKUSHIROKU - KAKUTOU SOUSEI;false;1995/01/01;;false;;;;;;false;;0;;0;;false;;;;;0;;SNK;;;;;;;;;./media/image/Savagere-boxback.png;;./media/image/Savagere-cartridge.png;;;;;;;./media/image/Savagere-marquee.png;;./media/image/Savagere-wheelround.png;;;;;./media/image/Savagere-marquee.png;./media/image/Savagere-wheelround.png
./Savgbees.zip;SAVAGE BEES;false;1985/01/01;;false;;CLONE OF : EXEDEXES (SAVAGE BEES);;;;false;;0;;0;;false;;;;;0;;CAPCOM (MEMETRON LICENSE);;;;;;; Clone Of : exedexes -> Savage Bees;;;;;;;;;;;;;;;;;;;
./Sbagman.zip;SUPER BAGMAN (VERSION 5);false;1984/01/01;;false;;;;;;false;;0;;0;;false;;;;;0;;VALADON AUTOMATION;;;;;;;;;;;;;;;;;;;;;;;;;;
./Sbasebal.zip;SUPER CHAMPION BASEBALL (US);false;1989/01/01;;false;;;;;;false;;0;;0;;false;;;;;0;;ALPHA DENSHI CO. (SNK OF AMERICA LICENSE);;;;;;;;;;;;;;;;;;;;;;;;;;
./Sbasketb.zip;SUPER BASKETBALL (VERSION I, ENCRYPTED);false;1984/01/01;;false;;;;;;false;;0;;0;;false;;;;;0;;KONAMI;;;;;;;;;;;;;;;;;;;;;;;;;;
./Sboblbob.zip;SBOBLBOB;false;;;false;;;;;;false;;0;;0;;false;;;;;0;;;;;;;;;;;;;;;;;;;;;;;;;;;;
./Sbrkout.zip;SBRKOUT;false;;;false;;;;;;false;;0;;0;;false;;;;;0;;;;;;;;;;;;;;;;;;;;;;;;;;;;
./Schaser.zip;SCHASER;false;;;false;;;;;;false;;0;;0;;false;;;;;0;;;;;;;;;;;;;;;;;;;;;;;;;;;;
./Scion.zip;SCION;false;1984/01/01;;false;;;;;;false;;0;;0;;false;;;;;0;;SEIBU DENSHI;;;;;;;;;;;;;;;;;;;;;;;;;;
./Scobra.zip;SUPER COBRA;false;1981/01/01;;false;;;;;;false;;0;;0;;false;;;;;0;;KONAMI;;;;;;;;;;;;;;;;;;;;;;;;;;
./Scobrab.zip;SUPER COBRA (BOOTLEG, SET 1);false;1981/01/01;;false;;CLONE OF : SCOBRA (SUPER COBRA (BOOTLEG, SET 1));;;;false;;0;;0;;false;;;;;0;;BOOTLEG (KARATECO);;;;;;; Clone Of : scobra -> Super Cobra (bootleg, set 1);;;;;;;;;;;;;;;;;;;
./Scobrak.zip;SCOBRAK;false;;;false;;;;;;false;;0;;0;;false;;;;;0;;;;;;;;;;;;;;;;;;;;;;;;;;;;
./Scontra.zip;SUPER CONTRA;false;1988/01/01;;false;;;;;;false;;0;;0;;false;;;;;0;;KONAMI;;;;;;;;;;;;;;;;;;;;;;;;;;
./Scramble.zip;SCRAMBLE;false;1981/01/01;;false;;;;;;false;;0;;0;;false;;;;;0;;KONAMI;;;;;;;;;;;;;;;;;;;;;;;;;;
./Skullxbo.zip;SKULLXBO;false;19890101T000000;;false;;LUTE COMO RED BEARD OU ONE EYE ATRAVÉS DE VÁRIOS NÍVEIS TEMÁTICOS DE PIRATAS, COMO NAVIOS E FORTES, E ATÉ MESMO ALGUNS NÍVEIS NÃO TEMÁTICOS DE PIRATAS, LUTANDO CONTRA NINJAS, ESQUELETOS E OUTROS EM UMA MISSÃO PARA RECUPERAR SEU DINHEIRO ARDUAMENTE GANHO DE UM MAGO MALVADO. VOCÊ TAMBÉM PODE LUTAR LADO A LADO COM UM AMIGO (QUE CONTROLA O PIRATA QUE VOCÊ NÃO ESCOLHEU). A LUTA FUNCIONA COMO UMA ESGRIMA, COM ALGUNS MOVIMENTOS DIFERENTES PARA USAR, INCLUINDO APARAR. OS NÍVEIS PASSAM COM UM CHEFE NO FINAL DE CADA UM. VOCÊ GANHA DINHEIRO DERROTANDO INIMIGOS E CAVANDO EM BUSCA DE TESOUROS ONDE X MARCA O LOCAL.;ATARI GAMES;;;false;;0;BEAT 'EM UP;0;57636C15;false;;;30818067797b42be78477974c94b4ae8;;0;2;ATARI GAMES;0,62;;;;;;;;;./media/image/Skullxbo-boxart.png;;./media/extras/Skullxbo-extra1.jpg;./media/fanart/Skullxbo-fanart.jpg;;;./media/manuals/Skullxbo-manual.pdf;;./media/image/Skullxbo-marquee.png;;;./media/screenshots/Skullxbo-screenshot.png;./media/image/Skullxbo-titleshot.png;./media/image/Skullxbo-boxart.png;;./media/image/Skullxbo-marquee.png;
./Skyadvnt.zip;SKYADVNT;false;19890101T000000;;false;;SKY ADVENTURE FOI PRODUZIDO PELA SNK EM 1989. ESCOLHA ENTRE QUATRO PLANOS PARA REPELIR O ATAQUE DO CORONEL CLAUD. VOANDO SOBRE VÁRIOS TERRENOS, VOCÊ É ATACADO DO AR E DO SOLO POR UMA VARIEDADE DE MÁQUINAS VOADORAS, ANIMAIS, PLANTAS E PEDRAS ENORMES. A PONTUAÇÃO É MANTIDA COM BASE NO "ATO", E UMA PONTUAÇÃO MAIS ALTA NO FINAL DE CADA ATO LHE RENDERÁ UM BÔNUS MAIOR, COMO UMA NAVE EXTRA OU MAIS PODER DE FOGO. EMBORA VOCÊ SEJA OBRIGADO A ESCOLHER SEU AVIÃO NO INÍCIO DE CADA ACT, VOCÊ PODE TROCÁ-LO NA HORA!;ALPHA DENSHI KŌGYŌ;;;false;;0;SHOOTER;0;DCFEAC95;false;;;e1afc7fd0ff1bdaa782f7a075c081feb;;0;2;SNK OF AMERICA;0,74;;;;;;;;;./media/image/Skyadvnt-boxart.png;;./media/extras/Skyadvnt-extra1.jpg;./media/fanart/Skyadvnt-fanart.jpg;;;;;;;;./media/screenshots/Skyadvnt-screenshot.png;./media/image/Skyadvnt-titleshot.png;./media/image/Skyadvnt-boxart.png;;;
./Slyspy.zip;SLY SPY (US REVISION 4);false;1989/01/01;;false;;CLONE OF : SECRETAG (SLY SPY (US REVISION 4));;;;false;;0;;0;;false;;;;;0;;DATA EAST USA;;;;;;; Clone Of : secretag -> Sly Spy (US revision 4);;;;;;;;;;;;;;;;;;;
./Smashtv.zip;SMASHTV;false;19900101T000000;;false;;SMASH TV FOI PRODUZIDO PELA WILLIAMS ELECTRONIC GAMES, INC. (WMS, 1985-2000) EM 1990. O ANO É 1999. O PROGRAMA DE TELEVISÃO MAIS POPULAR DO MUNDO É SMASH TV, UMA COMPETIÇÃO ULTRAVIOLENTA ENTRE DOIS COMBATENTES ARMADOS ATÉ OS DENTES, DESENCADEADA EM UMA SÉRIE DE ARENAS MORTAIS QUE ESTÃO REPLETAS DE HORDAS DE FERAS ESTÚPIDAS E ROBÔS ASSASSINOS. O OBJETIVO DO JOGO É EXPLODIR TUDO QUE ESTIVER À VISTA E TENTAR GANHAR MAIS DINHEIRO E PRÊMIOS DO QUE O OUTRO CARA. TORRADEIRAS, VIDEOCASSETES, CARROS SOFISTICADOS E FÉRIAS LUXUOSAS ESTÃO À SUA DISPOSIÇÃO... PARA QUALQUER UM QUE CONSIGA SOBREVIVER O TEMPO SUFICIENTE PARA APROVEITÁ-LOS. SMASH TV É UM JOGO DE TIRO INSANO DO CÉREBRO DE EUGENE JARVIS, CRIADOR DE ROBOTRON: 2084. ELE MANTÉM O ESTILO DE JOGO FRENÉTICO E O MÉTODO DE CONTROLE DE DOIS JOYSTICKS, MAS ADICIONA MUITO SANGUE, VIOLÊNCIA, UMA PITADA DE SÁTIRA E AQUELE IMPORTANTE MODO PARA DOIS JOGADORES.;WILLIAMS ELECTRONICS GAMES;;;false;;0;SHOOTER;0;DEE3E80E;false;;;c13c31b1f64c475a497d1486207b6c2c;;0;2;WILLIAMS ELECTRONICS GAMES;0,88;;;;;;;;;./media/image/Smashtv-boxart.png;;./media/extras/Smashtv-extra1.jpg;./media/fanart/Smashtv-fanart.jpg;;;;;./media/image/Smashtv-marquee.png;;;./media/screenshots/Smashtv-screenshot.png;./media/image/Smashtv-titleshot.png;./media/image/Smashtv-boxart.png;;./media/image/Smashtv-marquee.png;
./Snakepit.zip;SNAKEPIT;false;;;false;;;;;;false;;0;;0;;false;;;;;0;;;;;;;;;;;;;;;;;;;;;;;;;;;;
./Snakjack.zip;SNAKJACK;false;;;false;;;;;;false;;0;;0;;false;;;;;0;;;;;;;;;;;;;;;;;;;;;;;;;;;;
./Snapjack.zip;SNAPJACK;false;19820101T000000;;false;;SNAP JACK FOI PRODUZIDO PELA UNIVERSAL EM 1982. GUIE UM PERSONAGEM DE PERNAS ESTICADAS E MASTIGANDO PONTOS ATRAVÉS DE CENAS DE PAISAGENS E TÚNEIS QUE ROLAM DA DIREITA PARA A ESQUERDA. EVITE, ENTRE OUTRAS COISAS, ÁGUAS-VIVAS E, CLARO, AS CHALEIRAS E BOTAS NA ESTEIRA TRANSPORTADORA. ESTE JOGO É UM CRUZAMENTO ENTRE PAC-MAN E SCRAMBLE.;UNIVERSAL;;;false;;0;PLATFORM;0;51134286;false;;;9c000c2d4460f1e2bbca89a7c2c7ef2c;;0;2;UNIVERSAL;0,49;;;;;;;;;./media/image/Snapjack-boxart.png;;./media/extras/Snapjack-extra1.jpg;;;;;;./media/image/Snapjack-marquee.png;;;./media/screenshots/Snapjack-screenshot.png;./media/image/Snapjack-titleshot.png;./media/image/Snapjack-boxart.png;;./media/image/Snapjack-marquee.png;
./Sncwgltd.zip;SNCWGLTD;false;;;false;;;;;;false;;0;;0;;false;;;;;0;;;;;;;;;;;;;;;;;;;;;;;;;;;;
./Snowbros.zip;SNOWBROS;false;19900101T000000;;false;;DOIS BONECOS DE NEVE, NICK E TOM, LUTAM CONTRA LINDAS CRIATURAS JAPONESAS EM 50 TELAS BASEADAS EM PLATAFORMA. TRANSFORME AS CRIATURAS INIMIGAS EM BOLAS DE NEVE E DEPOIS CHUTE-AS PELAS PLATAFORMAS, DERRUBANDO TUDO EM SEU CAMINHO. COMPRE SUSHI PARA GANHAR PONTOS EXTRAS. QUANDO UMA TELA FICA SEM MONSTROS, VOCÊ PASSA PARA O PRÓXIMO NÍVEL. ATIRE NEVE NOS MONSTROS PARA TRANSFORMÁ-LOS EM BOLAS DE NEVE. PRESSIONE O BOTÃO DE DISPARO PRÓXIMO A UMA BOLA DE NEVE PARA CHUTÁ-LA PELA TELA. QUAISQUER MONSTROS ATINGIDOS POR UMA BOLA DE NEVE SÃO MORTOS. SE OUTRA BOLA DE NEVE FOR ATINGIDA, ELA TAMBÉM SALTARÁ PELA TELA. COLETE POÇÕES PARA POWER-UPS. AMARELO = TIRO LONGO VERMELHO = ACELERAR AZUL = NEVE "GRANDE" ENVOLVE MONSTROS MAIS RÁPIDO VERDE = INFLA VOCÊ COMO UM BALÃO E PERMITE QUE VOCÊ VOE PELA TELA MATANDO QUALQUER MONSTRO QUE TOCAR. PODE APARECER APENAS EM DETERMINADOS MOMENTOS. MATAR TODOS OS MONSTROS DE UM NÍVEL COM UMA ÚNICA BOLA DE NEVE FAZ COM QUE BÔNUS EM DINHEIRO, NO VALOR DE 10.000 PONTOS, CAIAM, MAS ÀS VEZES UM BÔNUS DE BOLO BRILHANTE APARECERÁ EM SEU LUGAR. QUANDO O BOLO É COLETADO, O JOGO PARA E QUATRO CRIATURAS AZUIS DO TIPO BOLA DE NEVE APARECEM POR UM CURTO PERÍODO DE TEMPO. SE ESSES INIMIGOS FOREM MORTOS, CADA UM DELES FORNECERÁ UMA LETRA: "S","N","O" OU "W". COLETE TODAS ESSAS QUATRO CARTAS PARA GANHAR UMA VIDA EXTRA. O BOLO BRILHANTE TAMBÉM PODE APARECER EM OUTROS MOMENTOS DO JOGO. PERSONAGENS E ANIMAÇÕES MUITO FOFOS, SEMELHANTES A DESENHOS ANIMADOS, E UMA BELA TRILHA SONORA. EMBORA SEJA UM JOGO DE 1990, ELE REALMENTE TEM UMA SENSAÇÃO DOS JOGOS ABSTRATOS ANTERIORES, COMO MR. DO!, ETC.. MUITO SEMELHANTE EM ESTILO AO BUBBLE BOBBLE.;TOAPLAN;;;false;;0;PLATFORM;0;5759C253;false;;;5ff267fc765d22ac1123e075c6e99ee2;;0;2;ROMSTAR;0,81;;;;;;;;;;;;./media/fanart/Snowbros-fanart.jpg;;;./media/manuals/Snowbros-manual.pdf;;;;;./media/screenshots/Snowbros-screenshot.png;./media/image/Snowbros-titleshot.png;;;;
./Soccer Brawl.zip;SOCCER BRAWL;false;;;false;;;;;;false;;0;;0;;false;;;;;0;;;;;;;;;;;;;;;;;;;;;;;;;;;;
./Soccer.zip;SOCCER;false;;;false;;;;;;false;;0;;0;;false;;;;;0;;;;;;;;;;;;;;;;;;;;;;;;;;;;
./Scregg.zip;SCRAMBLED EGG;false;1983/01/01;;false;;;;;;false;;0;;0;;false;;;;;0;;TECHNOS;;;;;;;;;;;;;;;;;;;;;;;;;;
./Sdungeon.zip;SPACE DUNGEON;false;1981/01/01;;false;;;;;;false;;0;;0;;false;;;;;0;;TAITO AMERICA CORPORATION;;;;;;;;;;;;;;;;;;;;;;;;;;
./Seawolf.zip;SEAWOLF;false;;;false;;;;;;false;;0;;0;;false;;;;;0;;;;;;;;;;;;;;;;;;;;;;;;;;;;
./Seawolf2.zip;SEAWOLF2;false;;;false;;;;;;false;;0;;0;;false;;;;;0;;;;;;;;;;;;;;;;;;;;;;;;;;;;
./Sectionz.zip;SECTION Z (SET 1);false;1985/01/01;;false;;;;;;false;;0;;0;;false;;;;;0;;CAPCOM;;;;;;;;;;;;;;;;;;;;;;;;;;
./Seganinj.zip;SEGA NINJA (315-5102);false;1985/01/01;;false;;;;;;false;;0;;0;;false;;;;;0;;SEGA;;;;;;;;;;;;;;;;;;;;;;;;;;
./Seicross.zip;SEICROSS (SET 1);false;1984/01/01;;false;;;;;;false;;0;;0;;false;;;;;0;;NICHIBUTSU / ALICE;;;;;;;;;;;;;;;;;;;;;;;;;;
./Sengoku 3.zip;SENGOKU 3;false;;;false;;;;;;false;;0;;0;;false;;;;;0;;;;;;;;;;;;;;;;;;;;;;;;;;;;
./Sengoku.zip;SENGOKU / SENGOKU DENSHOU (NGM-017)(NGH-017);false;1991/01/01;;false;;;;;;false;;0;;0;;false;;;;;0;;SNK;;;;;;;;;;;;;;;;;;;;;;;;;;
./Sengoku3.zip;SENGOKU 3 / SENGOKU DENSHO 2001 (SET 1);false;2001/01/01;;false;;;;;;false;;0;;0;;false;;;;;0;;SNK / NOISE FACTORY;;;;;;;;;./media/image/Sengoku3-boxback.png;;./media/image/Sengoku3-cartridge.png;;;;;;;./media/image/Sengoku3-marquee.png;;./media/image/Sengoku3-wheelround.png;;;;;./media/image/Sengoku3-marquee.png;./media/image/Sengoku3-wheelround.png
./Sf.zip;STREET FIGHTER (US, SET 1);false;1987/01/01;;false;;;;;;false;;0;;0;;false;;;;;0;;CAPCOM;;;;;;;;;;;;;;;;;;;;;;;;;;
./Sf2.zip;STREET FIGHTER II - THE WORLD WARRIOR (910522 WORLD);false;1991/01/01;;false;;;;;;false;;0;;0;;false;;;;;0;;CAPCOM;;;;;;;;;;;;;;;;;;;;;;;;;;
./Sf2accp2.zip;STREET FIGHTER II' - CHAMPION EDITION (ACCELERATOR PT.II BOOTLEG, 920313 TESTRON);false;1992/01/01;;false;;CLONE OF : SF2CE (STREET FIGHTER II' - CHAMPION EDITION (ACCELERATOR PT.II BOOTLEG, 920313 TESTRON));;;;false;;0;;0;;false;;;;;0;;BOOTLEG;;;;;;; Clone Of : sf2ce -> Street Fighter II' - Champion Edition (Accelerator Pt.II bootleg, 920313 Testron);;;;;;;;;;;;;;;;;;;
./Sf2red.zip;STREET FIGHTER II' - CHAMPION EDITION (RED WAVE BOOTLEG SET 1, 920313 ETC);false;1992/01/01;;false;;CLONE OF : SF2CE (STREET FIGHTER II' - CHAMPION EDITION (RED WAVE BOOTLEG SET 1, 920313 ETC));;;;false;;0;;0;;false;;;;;0;;BOOTLEG;;;;;;; Clone Of : sf2ce -> Street Fighter II' - Champion Edition (Red Wave bootleg set 1, 920313 etc);;;;;;;;;;;;;;;;;;;
./Sfa2.zip;STREET FIGHTER ALPHA 2 (960229 EURO);false;1996/01/01;;false;;;;;;false;;0;;0;;false;;;;;0;;CAPCOM;;;;;;;;;;;;;;;;;;;;;;;;;;
./Sfau.zip;STREET FIGHTER ALPHA - WARRIORS' DREAMS (950627 USA);false;1995/01/01;;false;;CLONE OF : SFA (STREET FIGHTER ALPHA - WARRIORS' DREAMS (950627 USA));;;;false;;0;;0;;false;;;;;0;;CAPCOM;;;;;;; Clone Of : sfa -> Street Fighter Alpha - warriors' dreams (950627 USA);;;;;;;;;;;;;;;;;;;
./Sfex2p.zip;SFEX2P;false;;;false;;;;;;false;;0;;0;;false;;;;;0;;;;;;;;;;;;;;;;;;;;;;;;;;;;
./Sfiii3n.zip;STREET FIGHTER III 3RD STRIKE FIGHT FOR THE FUTURE (JAPAN 990608, NO CD);false;1999/01/01;;false;;CLONE OF : SFIII3 (STREET FIGHTER III 3RD STRIKE FIGHT FOR THE FUTURE (JAPAN 990608, NO CD));;;;false;;0;;0;;false;;;;;0;;CAPCOM;;;;;;; Clone Of : sfiii3 -> Street Fighter III 3rd Strike Fight for the Future (Japan 990608, NO CD);;;;;;;;;;;;;;;;;;;
./Sfiiin.zip;STREET FIGHTER III NEW GENERATION (ASIA 970204, NO CD, BIOS SET 1);false;1997/01/01;;false;;CLONE OF : SFIII (STREET FIGHTER III NEW GENERATION (ASIA 970204, NO CD, BIOS SET 1));;;;false;;0;;0;;false;;;;;0;;CAPCOM;;;;;;; Clone Of : sfiii -> Street Fighter III New Generation (Asia 970204, NO CD, bios set 1);;;;;;;;;;;;;;;;;;;
./Sfootbal.zip;SFOOTBAL;false;;;false;;;;;;false;;0;;0;;false;;;;;0;;;;;;;;;;;;;;;;;;;;;;;;;;;;
./Sftm.zip;STREET FIGHTER THE MOVIE (V1.12);false;1995/01/01;;false;;;;;;false;;0;;0;;false;;;;;0;;CAPCOM / INCREDIBLE TECHNOLOGIES;;;;;;;;;;;;;;;;;;;;;;;;;;
./Sfz3j.zip;STREET FIGHTER ZERO 3 (980904 JAPAN);false;1998/01/01;;false;;CLONE OF : SFA3 (STREET FIGHTER ZERO 3 (980904 JAPAN));;;;false;;0;;0;;false;;;;;0;;CAPCOM;;;;;;; Clone Of : sfa3 -> Street Fighter Zero 3 (980904 Japan);;;;;;;;;;;;;;;;;;;
./Shackled.zip;SHACKLED (US);false;1986/01/01;;false;;;;;;false;;0;;0;;false;;;;;0;;DATA EAST USA;;;;;;;;;;;;;;;;;;;;;;;;;;
./Shadfrce.zip;SHADOW FORCE (WORLD, VERSION 3);false;1993/01/01;;false;;;;;;false;;0;;0;;false;;;;;0;;TECHNOS JAPAN;;;;;;;;./media/image/Shadfrce-bezel.png;;;;;;;;;;;;;;;;;;
./Shadowld.zip;SHADOWLAND (YD3);false;1987/01/01;;false;;;;;;false;;0;;0;;false;;;;;0;;NAMCO;;;;;;;;;;;;;;;;;;;;;;;;;;
./Shadoww.zip;SHADOW WARRIORS (WORLD, SET 1);false;1988/01/01;;false;;;;;;false;;0;;0;;false;;;;;0;;TECMO;;;;;;;;;;;;;;;;;;;;;;;;;;
./Shaolins.zip;SHAO-LIN'S ROAD (SET 1);false;1985/01/01;;false;;CLONE OF : KICKER (SHAO-LIN'S ROAD (SET 1));;;;false;;0;;0;;false;;;;;0;;KONAMI;;;;;;; Clone Of : kicker -> Shao-lin's Road (set 1);;;;;;;;;;;;;;;;;;;
./Sharkatt.zip;SHARK ATTACK;false;1980/01/01;;false;;;;;;false;;0;;0;;false;;;;;0;;PACIFIC NOVELTY;;;;;;;;;;;;;;;;;;;;;;;;;;
./Sharrier.zip;SPACE HARRIER (REV A, 8751 315-5163A);false;1985/01/01;;false;;;;;;false;;0;;0;;false;;;;;0;;SEGA;;;;;;;;;;;;;;;;;;;;;;;;;;
./Shdancer.zip;SHADOW DANCER (SET 3, US);false;1989/01/01;;false;;;;;;false;;0;;0;;false;;;;;0;;SEGA;;;;;;;;;;;;;;;;;;;;;;;;;;
./Shinobi.zip;SHINOBI (SET 6, SYSTEM 16A, UNPROTECTED);false;1987/01/01;;false;;;;;;false;;0;;0;;false;;;;;0;;SEGA;;;;;;;;;;;;;;;;;;;;;;;;;;
./Shiryu2.zip;SHIRYU2;false;;;false;;;;;;false;;0;;0;;false;;;;;0;;;;;;;;;;;;;;;;;;;;;;;;;;;;
./Shock Troopers 2Nd Squad.zip;SHOCK TROOPERS 2ND SQUAD;false;;;false;;;;;;false;;0;;0;;false;;;;;0;;;;;;;;;;;;;;;;;;;;;;;;;;;;
./Shock Troopers.zip;SHOCK TROOPERS;false;;;false;;;;;;false;;0;;0;;false;;;;;0;;;;;;;;;;;;;;;;;;;;;;;;;;;;
./Shollow.zip;SATAN'S HOLLOW (SET 1);false;1981/01/01;;false;;;;;;false;;0;;0;;false;;;;;0;;BALLY MIDWAY;;;;;;;;;;;;;;;;;;;;;;;;;;
./Shootout.zip;SHOOT OUT (US);false;1985/01/01;;false;;;;;;false;;0;;0;;false;;;;;0;;DATA EAST USA;;;;;;;;;;;;;;;;;;;;;;;;;;
./Showdown.zip;SHOWDOWN;false;;;false;;;;;;false;;0;;0;;false;;;;;0;;;;;;;;;;;;;;;;;;;;;;;;;;;;
./Shuuz.zip;SHUUZ (VERSION 8.0);false;1990/01/01;;false;;;;;;false;;0;;0;;false;;;;;0;;ATARI GAMES;;;;;;;;;;;;;;;;;;;;;;;;;;
./Sidearjp.zip;SIDEARJP;false;;;false;;;;;;false;;0;;0;;false;;;;;0;;;;;;;;;;;;;;;;;;;;;;;;;;;;
./Sidearms (2).zip;SIDEARMS (2);false;;;false;;;;;;false;;0;;0;;false;;;;;0;;;;;;;;;;;;;;;;;;;;;;;;;;;;
./Sidearms.zip;SIDEARMS;false;19860101T000000;;false;;O JOGO É PRINCIPALMENTE UM SHOOT-EM-UP DE ROLAGEM HORIZONTAL, EMBORA ALGUMAS CENAS TAMBÉM ROLEM VERTICALMENTE. ATIRAR NOS INIMIGOS REVELARÁ POWER-UPS E ATIRAR NELES CONTINUAMENTE MUDARÁ SEU TIPO OU REVELARÁ UMA ARMA ESPECIAL. DIFERENTES ARMAS SÃO MAIS EFICAZES QUE OUTRAS AO LUTAR CONTRA OS CHEFES FINAIS. ORIGINÁRIO DOS FLIPERAMAS, SIDE ARMS É UM JOGO DE TIRO COM ROLAGEM HORIZONTAL NO QUAL VOCÊ CONTROLA O TENENTE HENRY (UM SEGUNDO JOGADOR PODE CONTROLAR O SARGENTO SANDERS EM ALGUMAS VERSÕES), ARMADO COM ARMAMENTO RUDIMENTAR E MACACÕES DE PROTEÇÃO. ELES DEVEM SALVAR A TERRA DOS INVASORES MERCENÁRIOS DE BOZON. VOCÊ DEVE PRIMEIRO CHEGAR AOS TERRITÓRIOS DE BOZON, DEPOIS EXTERMINAR SUAS FORÇAS ESCONDIDAS EM CAVERNAS E À ESPREITA EM MARES SUBTERRÂNEOS, ANTES DE DESTRUIR O PRINCIPAL NAVIO DE INVASÃO. MUITAS ARMAS EXTRAS PODEM SER ADQUIRIDAS, MUITAS VEZES COM TOKENS SEMELHANTES AOS DE 1943 E ALGUNS OUTROS TÍTULOS DA CAPCOM. A MAIORIA DAS ARMAS PODE SER DISPARADA PARA A ESQUERDA OU PARA A DIREITA, PROPORCIONANDO MAIS ALCANCE PARA LANÇAR ATAQUES.;CAPCOM;;;false;;0;SHOOTER;0;1F75627F;false;;;4e3cc56df1def36b0be6e0409c56abea;;0;2;CAPCOM;0,69;;;;;;;;;./media/image/Sidearms-boxart.png;;./media/extras/Sidearms-extra1.jpg;./media/fanart/Sidearms-fanart.jpg;;;;;./media/image/Sidearms-marquee.png;;;./media/screenshots/Sidearms-screenshot.png;./media/image/Sidearms-titleshot.jpg;./media/image/Sidearms-boxart.png;;./media/image/Sidearms-marquee.png;
./Sidepckt.zip;SIDEPCKT;false;19860101T000000;;false;;O MODO DE JOGO PRINCIPAL, DENOMINADO "POCKET GAME", É UM JOGO DE SINUCA DIRETO COM UM NÚMERO LIMITADO DE VIDAS, O JOGADOR DEVE ATINGIR UMA PONTUAÇÃO PRÉ-DETERMINADA PARA AVANÇAR ATRAVÉS DE QUATRO OU CINCO NÍVEIS, CADA UM COM UM NÚMERO CRESCENTE DE BOLAS. O JOGADOR GANHA PONTOS ENCAÇAPANDO BOLAS, ENCAÇAPANDO BOLAS EM TACADAS CONSECUTIVAS E ENCAÇAPANDO BOLAS EM ORDEM NUMÉRICA. OCASIONALMENTE, UMA ESTRELA PISCANTE APARECE EM UMA CAÇAPA, E SE O JOGADOR ENCAÇAPAR UMA BOLA NESSA CAÇAPA NA MESMA TACADA, UM BÔNUS SERÁ CONCEDIDO NA FORMA DE PONTOS, VIDAS EXTRAS OU UMA RODADA DE BÔNUS. UMA VIDA É PERDIDA SE O JOGADOR ARRANHAR OU NÃO CONSEGUIR ENCAÇAPAR A BOLA EM DUAS TACADAS CONSECUTIVAS. NO MODO PARA DOIS JOGADORES, O JOGADOR PODE ESCOLHER ENTRE POCKET GAME OU 9-BALL GAME. NO POCKET GAME PARA DOIS JOGADORES, O JOGO É SEMELHANTE, EXCETO QUE OS DOIS JOGADORES SE REVEZAM E NÃO HÁ VIDAS, SE UM JOGADOR ERRA OU ARRANHA, O CONTROLE DA BOLA SIMPLESMENTE PASSA PARA O OUTRO JOGADOR. NO JOGO 9-BALL, CADA JOGADOR TEM TRÊS VIDAS E UMA VIDA É PERDIDA SE UMA FALTA FOR COMETIDA. NO ENTANTO, AS VIDAS SERÃO RESTAURADAS SE O JOGADOR ENCAÇAPAR UMA BOLA NO PRÓXIMO TURNO.;NIHON BUSSAN;;;false;;0;SPORTS;0;47BBE9C9;false;;;09278bc759ca25885ffda622c2616442;;0;2;DATA EAST;0,61;;;;;;;;;./media/image/Sidepckt-boxart.png;;./media/extras/Sidepckt-extra1.jpg;;;;;;;;;./media/screenshots/Sidepckt-screenshot.png;;./media/image/Sidepckt-boxart.png;;;
./Sidetrac.zip;SIDETRAC;false;;;false;;;;;;false;;0;;0;;false;;;;;0;;;;;;;;;;;;;;;;;;;;;;;;;;;;
./Silentd.zip;SILENTD;false;1992/01/01;;false;;NA DÉCADA DE 1990, UMA FORÇA OBSCURA APARECE EM NOSSO PLANETA. É O MALVADO DR. BIO, O GÊNIO DISTORCIDO POR TRÁS DE "BIO-ROID". AO USAR BIOTECNOLOGIA AVANÇADA, ELE CRIA FORMAS DE VIDA MUTANTES COM FORÇA SOBRE-HUMANA, ATERRORIZANDO A POPULAÇÃO HUMANA. PARA DETER O MALVADO MÉDICO, QUATRO HOMENS, CADA UM COM CORAGEM E FIRMEZA, SÃO ESCOLHIDOS PARA TRAVAR UMA GUERRA JUSTA CONTRA ESTAS CRIATURAS. E AGORA, ESSA BATALHA COMEÇOU!;TAITO;;;false;;0;BEAT 'EM UP;0;B79106F8;false;;;90fdce3069511de90caae6fbc9af28be;;0;2;TAITO;0,66;;;;;;;;;./media/image/Silentd-boxart.png;;./media/extras/Silentd-extra1.jpg;./media/fanart/Silentd-fanart.jpg;;;./media/manuals/Silentd-manual.pdf;;;;;./media/screenshots/Silentd-screenshot.png;./media/image/Silentd-titleshot.png;./media/image/Silentd-boxart.png;;;
./Silkworm.zip;SILK WORM (WORLD);false;1988/01/01;;false;;;;;;false;;0;;0;;false;;;;;0;;TECMO;;;;;;;;;;;;;;;;;;;;;;;;;;
./Simpsons.zip;SIMPSONS;false;1991/01/01;;false;;UM ROUBO DE JOIAS QUE DEU ERRADO MOSTRA O COMPANHEIRO DO SR. BURNS, SMITHERS, SEQUESTRANDO MAGGIE E ESCAPANDO. ENTRE UM E QUATRO JOGADORES ASSUMEM O PAPEL DE HOMER, MARGE, LISA OU BART NESTE COLORIDO BEAT-EM-UP DE ROLAGEM HORIZONTAL DA KONAMI. CADA PERSONAGEM DOS SIMPSONS POSSUI UM MOVIMENTO DE ATAQUE ESPECÍFICO PARA ELES, MARGE ESTÁ ARMADA COM UM ASPIRADOR DE PÓ, LISA TEM UMA CORDA DE PULAR, BART ESTÁ COM SEU SKATE E HOMER LUTA COM OS PUNHOS. OS JOGADORES DEVEM ABRIR CAMINHO ATRAVÉS DE UMA VARIEDADE DE NÍVEIS TEMÁTICOS DOS SIMPSONS - COMO SPRINGFIELD E KRUSTYLAND - LUTANDO CONTRA CAPANGAS, BANDIDOS, ZUMBIS, BÊBADOS, BOMBEIROS E VÁRIOS FREQUENTADORES REGULARES DOS SIMPSONS. MUITOS PERSONAGENS DOS SIMPSONS QUE NÃO APARECEM COMO INIMIGOS TÊM CENAS DE 'PARTICIPAÇÃO ESPECIAL' NO JOGO (OTTO TRABALHANDO EM UMA LANCHONETE EM KRUSTYLAND, POR EXEMPLO). O ARQUÉTIPO DO PERSONAGEM 'CHEFE' AGUARDA OS JOGADORES NO FINAL DE CADA FASE. O JOGO TERMINA COM UM CONFRONTO FINAL COM O MALVADO SR. BURNS EM SUA LUXUOSA MANSÃO.;KONAMI;;;false;;0;BEAT 'EM UP;0;628E133C;false;;;82d09ba22b5807672ef60061920c723d;;0;4;KONAMI;0,89;;;;;;;;;;;./media/extras/Simpsons-extra1.jpg;./media/fanart/Simpsons-fanart.png;;;./media/manuals/Simpsons-manual.pdf;;./media/image/Simpsons-marquee.png;;;./media/screenshots/Simpsons-screenshot.png;./media/image/Simpsons-titleshot.png;;;./media/image/Simpsons-marquee.png;
./Sinistar.zip;SINISTAR (REVISION 3);false;1982/01/01;;false;;;;;;false;;0;;0;;false;;;;;0;;WILLIAMS;;;;;;;;;;;;;;;;;;;;;;;;;;
./Skullfng.zip;SKULLFNG;false;1996/01/01;;false;;SKULL FANG FOI PRODUZIDO PELA DATA EAST JAPAN EM 1996. UM JOGO DE TIRO DE COMBATE AÉREO COM TEMA DE PERSEGUIÇÃO. DESPERDICE A COMPETIÇÃO! O SKULL FANG DA DATA EAST SURPREENDE OUTROS ATIRADORES COM UM ARSENAL DE ÓTIMOS RECURSOS: *4 AVIÕES DIFERENTES - CADA UM COM DIFERENTES NÍVEIS DE ATAQUE, DEFESA, VELOCIDADE E MANOBRABILIDADE! *2 MODOS DE JOGO EXCLUSIVOS - ESCOLHA ENTRE O MODO DE ROLAGEM AUTOMÁTICA OU O MODO DE PERSEGUIÇÃO AVANÇADO E COM ACELERAÇÃO VARIÁVEL! 8 POWER-UPS - AUMENTE SUAS ARMAS, POTÊNCIA E MANOBRABILIDADE DE CAÇA OU BOMBARDEIRO! *TÉCNICAS DE VÔO OCULTAS - ATAQUE DE CIMA, USE FREIOS A AR, IMPULSO LATERAL E ESCUDOS DE ÍONS ELEVADOS!;DATA EAST;;;false;;0;SHOOTER;0;4273C184;false;;;7f570a885c7af15897ecaf68203e1e93;;0;2;DATA EAST;0,78;;;;;;;;;./media/image/Skullfng-boxart.png;;./media/extras/Skullfng-extra1.jpg;./media/fanart/Skullfng-fanart.jpg;;;;;;;;./media/screenshots/Skullfng-screenshot.png;./media/image/Skullfng-titleshot.png;./media/image/Skullfng-boxart.png;;;
./Solarfox.zip;SOLAR FOX (UPRIGHT);false;1981/01/01;;false;;;;;;false;;0;;0;;false;;;;;0;;BALLY MIDWAY;;;;;;;;;;;;;;;;;;;;;;;;;;
./Solarwar.zip;SOLARWAR;false;;;false;;;;;;false;;0;;0;;false;;;;;0;;;;;;;;;;;;;;;;;;;;;;;;;;;;
./Soldamj.zip;SOLDAM (JAPAN);false;1992/01/01;;false;;CLONE OF : SOLDAM (SOLDAM (JAPAN));;;;false;;0;;0;;false;;;;;0;;JALECO;;;;;;; Clone Of : soldam -> Soldam (Japan);;;;;;;;;;;;;;;;;;;
./Solomon.zip;SOLOMON;false;19860101T000000;;false;;A CHAVE DE SALOMÃO FOI PRODUZIDA PELA TECMO EM 1986. USANDO A VARINHA MÁGICA PARA CRIAR E DESTRUIR BLOCOS, PEGUE A CHAVE E SAIA DA SALA. FICA CADA VEZ MAIS DIFÍCIL DESCOBRIR COMO CONSEGUIR A CHAVE E SAIR. SOLOMON'S KEY É UM JOGO DE PLATAFORMA COM ELEMENTOS DE AÇÃO E ESTRATÉGIA. EM CADA NÍVEL, SEU OBJETIVO É RECUPERAR UMA CHAVE QUE PODE SER USADA PARA DESBLOQUEAR A SAÍDA. PARA AJUDAR, VOCÊ TEM UMA VARINHA MÁGICA QUE PODE SER USADA PARA CRIAR E DESTRUIR BLOCOS (EMBORA ALGUNS BLOCOS NÃO POSSAM SER DESTRUÍDOS). PARA CHEGAR À CHAVE, VOCÊ PRECISARÁ ORGANIZAR CUIDADOSAMENTE OS BLOCOS NA TELA PARA PODER PULAR COM SEGURANÇA. VAGANDO POR CADA NÍVEL HÁ UMA VARIEDADE DE INIMIGOS QUE FARÃO COM QUE VOCÊ PERCA UMA VIDA SE FOR PEGO. ALGUMAS CRIATURAS PODEM SER MORTAS DESTRUINDO O BLOCO EM QUE ESTÃO, OUTRAS DEVEM SER EVITADAS. BÔNUS E MAGIA OCULTOS PODEM SER ENCONTRADOS EM MUITOS NÍVEIS, ÀS VEZES ATÉ ESCONDIDOS EM BLOCOS. ALGUNS TESOUROS DÃO PONTOS DE BÔNUS, OUTROS PODEM FORMAR FEITIÇOS PARA AJUDAR A LIDAR COM OS INIMIGOS. PARA TORNAR O JOGO MAIS DIFÍCIL, CADA NÍVEL TEM UM LIMITE DE TEMPO PARA SER CONCLUÍDO.;TECMO;;;false;;0;ACTION, PLATFORM, PUZZLE;0;D50C8206;false;;;1e99a9f8df897bac187a734c85685e53;;0;2;TECMO;0,74;;;;;;;;;;;;./media/fanart/Solomon-fanart.jpg;;;;;./media/image/Solomon-marquee.png;;;./media/screenshots/Solomon-screenshot.png;./media/image/Solomon-titleshot.png;;;./media/image/Solomon-marquee.png;
./Sonic .zip;SONIC;false;1992/01/01;;false;;AQUELE MALVADO E ROTUNDO DR. ROBOTNIK ESTÁ DE VOLTA! DESTA VEZ, ELE CONSTRUIU UMA NOVA BASE INSULAR CHAMADA ILHA EGGMAN E PRETENDE USÁ-LA PARA CONQUISTAR O MUNDO. INEVITAVELMENTE, SONIC THE HEDGEHOG, A MAIOR PENA AO SEU LADO DESDE A FACULDADE, ESTÁ NO ENCALÇO DE EGGMAN, MAS NOSSO HERÓI MAL SABE QUE ROBOTNIK ESTÁ PREPARADO PARA SUA CHEGADA. AGORA, SONIC E DOIS DE SEUS AMIGOS, RAY, O ESQUILO VOADOR, E MIGHTY, O TATU, ESTÃO PRESOS NA ILHA EGGMAN! NOSSOS HERÓIS CONSEGUIRÃO ESCAPAR E FRUSTRAR MAIS UMA VEZ OS PLANOS DE EGGMAN? SEGASONIC THE HEDGEHOG É UM JOGO DE PLATAFORMA ISOMÉTRICO NO QUAL ATÉ TRÊS JOGADORES (CONTROLANDO SONIC, RAY OU MIGHTY) DEVEM ABRIR CAMINHO PELA ILHA EGGMAN E ESCAPAR COM VIDA. MAS ROBOTNIK NÃO FACILITARÁ AS COISAS – EM CADA SALA, HÁ UMA SÉRIE DE ARMADILHAS MORTAIS QUE PODEM SIGNIFICAR A MORTE SE SONIC E COMPANHIA NÃO FOREM RÁPIDOS, BEM COMO INIMIGOS CUJO ÚNICO PROPÓSITO É VER SONIC MORTO. MUITOS DESLIZES E SONIC É UM OURIÇO MORTO. ESPALHADOS PELOS CURSOS, NO ENTANTO, ESTÃO ANÉIS QUE AUMENTAM A SAÚDE E TAMBÉM AUMENTAM A PONTUAÇÃO DOS JOGADORES.;SONIC TEAM;;;false;;0;PLATFORM;0;35F622CB;false;;;a7442522750987fad05cfe192260c6b0;;0;3;SEGA;0,80;;;;;;;;;;;;./media/fanart/Sonic -fanart.jpg;;;;;;;;./media/screenshots/Sonic -screenshot.png;;;;;
./Sonic Wings 3.zip;SONIC WINGS 3;false;;;false;;;;;;false;;0;;0;;false;;;;;0;;;;;;;;;;;;;;;;;;;;;;;;;;;;
./Sonicwi2.zip;SONICWI2;false;1994/01/01;;false;;O JOGO É JOGADO COM DOIS BOTÕES, COM O BOTÃO A DISPARANDO BALAS DO AVIÃO E O BOTÃO B LANÇANDO UM ATAQUE DE BOMBA ESPECIAL QUE USA UMA BOMBA DE UM ESTOQUE LIMITADO DE BOMBAS. BALAS PODEROSAS PODEM SER OBTIDAS DESTRUINDO EDIFÍCIOS E AVIÕES INIMIGOS BLINDADOS. EXISTEM 2 TIPOS DE BALAS POWER: BALAS POWER "P", QUE AUMENTAM O PODER DE FOGO DO AVIÃO EM UM NÍVEL, E BALAS POWER "F", QUE AUMENTAM O PODER DE FOGO DO AVIÃO AO NÍVEL MÁXIMO INSTANTANEAMENTE. O NÍVEL MÁXIMO DURA APENAS UMA QUANTIDADE LIMITADA DE TIROS. QUANDO CERTOS INIMIGOS TERRESTRES E EDIFÍCIOS SÃO DESTRUÍDOS, APARECEM BÔNUS EM DINHEIRO QUE DÃO UMA QUANTIDADE ALEATÓRIA DE PONTOS CADA. QUANDO O JOGADOR CHEGA AO FINAL DA FASE, O JOGADOR TEM QUE ENFRENTAR UM NAVIO CHEFE.;VIDEO SYSTEM;;;false;;0;SHOOTER;0;7594C2F0;false;;;f5342eacdab0372277b0c0a53bcbe111;;0;2;SNK;0,80;;;;;;;;;;;./media/extras/Sonicwi2-extra1.jpg;./media/fanart/Sonicwi2-fanart.jpg;;;;;;;;./media/screenshots/Sonicwi2-screenshot.png;./media/image/Sonicwi2-titleshot.png;;;;
./Sonicwi3.zip;AERO FIGHTERS 3 / SONIC WINGS 3;false;1995/01/01;;false;;;;;;false;;0;;0;;false;;;;;0;;VIDEO SYSTEM CO.;;;;;;;;;;;;;;;;;;;;;;;;;;
./Sonson.zip;SON SON;false;1984/01/01;;false;;;;;;false;;0;;0;;false;;;;;0;;CAPCOM;;;;;;;;;;;;;;;;;;;;;;;;;;
./Soulclbr.zip;SOULCLBR;false;;;false;;;;;;false;;0;;0;;false;;;;;0;;;;;;;;;;;;;;;;;;;;;;;;;;;;
./Spacduel.zip;SPACE DUEL (VERSION 2);false;1980/01/01;;false;;;;;;false;;0;;0;;false;;;;;0;;ATARI;;;;;;;;;;;;;;;;;;;;;;;;;;
./Spaceatt.zip;SPACEATT;false;;;false;;;;;;false;;0;;0;;false;;;;;0;;;;;;;;;;;;;;;;;;;;;;;;;;;;
./Spacefb.zip;SPACE FIREBIRD (REV. 04-U);false;1980/01/01;;false;;;;;;false;;0;;0;;false;;;;;0;;NINTENDO;;;;;;;;;;;;;;;;;;;;;;;;;;
./Spaceod.zip;SPACEOD;false;;;false;;;;;;false;;0;;0;;false;;;;;0;;;;;;;;;;;;;;;;;;;;;;;;;;;;
./Spaceph.zip;SPACEPH;false;;;false;;;;;;false;;0;;0;;false;;;;;0;;;;;;;;;;;;;;;;;;;;;;;;;;;;
./Spaceplt.zip;SPACE PILOT (SET 1);false;1982/01/01;;false;;CLONE OF : TIMEPLT (SPACE PILOT (SET 1));;;;false;;0;;0;;false;;;;;0;;BOOTLEG;;;;;;; Clone Of : timeplt -> Space Pilot (set 1);;;;;;;;;;;;;;;;;;;
./Spaceskr.zip;SPACE SEEKER;false;1981/01/01;;false;;;;;;false;;0;;0;;false;;;;;0;;TAITO CORPORATION;;;;;;;;;;;;;;;;;;;;;;;;;;
./Spacetrk.zip;SPACETRK;false;;;false;;;;;;false;;0;;0;;false;;;;;0;;;;;;;;;;;;;;;;;;;;;;;;;;;;
./Spacezap.zip;SPACEZAP;false;;;false;;;;;;false;;0;;0;;false;;;;;0;;;;;;;;;;;;;;;;;;;;;;;;;;;;
./Spacfurc.zip;SPACFURC;false;;;false;;;;;;false;;0;;0;;false;;;;;0;;;;;;;;;;;;;;;;;;;;;;;;;;;;
./Spacfury.zip;SPACE FURY (REVISION C);false;1981/01/01;;false;;;;;;false;;0;;0;;false;;;;;0;;SEGA;;;;;;;;;;;;;;;;;;;;;;;;;;
./Spang.zip;SPANG;false;1990/01/01;;false;;O MUNDO ESTÁ SOB ATAQUE E CABE A VOCÊ, COMO SUPER BUSTER BROTHER, GARANTIR QUE O MUNDO ESTEJA LIVRE DE TODAS AS BOLHAS SALTITANTES. CADA VEZ QUE VOCÊ ATIRA UMA BOLHA, ELA SE DIVIDE EM DUAS MENORES. MAS TENHA CUIDADO! SE UMA BOLHA TE TOCAR, VOCÊ É HISTÓRIA! QUER VOCÊ JOGUE NO MODO PÂNICO OU NO MODO TOUR, OS DESAFIOS O MANTERÃO ALERTA! NO MODO PÂNICO, BOLHAS GRANDES E PEQUENAS CAEM PARA 99 NÍVEIS DE ALEGRIA. NO MODO TOUR, VOCÊ VIAJARÁ PELO MUNDO EM BUSCA DE NOVAS E EXPLOSIVAS GARRAFAS DE BOLHAS. APROVEITE A AÇÃO, MAS ESTEJA ALERTA! À MEDIDA QUE VOCÊ AVANÇA NOS NÍVEIS, O JOGO SE TORNA MAIS EMOCIONANTE À MEDIDA QUE AS BOLHAS SALTAM CADA VEZ MAIS RÁPIDO.;MITCHELL;;;false;;0;PUZZLE, SHOOTER;0;8E610478;false;;;8e79358ddfb82e0b0d5053f4ce073d09;;0;2;MITCHELL;0,88;;;;;;;;;;;;./media/fanart/Spang-fanart.jpg;;;;;;;;./media/screenshots/Spang-screenshot.png;;;;;
./Spcenctr.zip;SPCENCTR;false;;;false;;;;;;false;;0;;0;;false;;;;;0;;;;;;;;;;;;;;;;;;;;;;;;;;;;
./Spectar.zip;SPECTAR;false;;;false;;SPECTAR, LANÇADO PELA EXIDY EM 1980, É A CONTINUAÇÃO DE TARG. A JOGABILIDADE APARENTEMENTE NÃO MUDOU, VOCÊ CONTROLA UM VEÍCULO CHAMADO WHUMMEL EM UM LABIRINTO DE GRADE 9X9, PERSEGUINDO E SENDO PERSEGUIDO PELOS INVASORES ALIENÍGENAS. TARGS EVOLUÍRAM PARA RAMMERS MAIS PERIGOSOS, E SPECTARS APARECEM COM MAIS FREQUÊNCIA, ATIRANDO NA NAVE DO JOGADOR. VOCÊ USA UM JOYSTICK DE 4 DIREÇÕES PARA GUIAR SEU VEÍCULO NO LABIRINTO E UM BOTÃO PARA ATIRAR NOS INIMIGOS. ATÉ DOIS JOGADORES PODEM ALTERNAR NO JOGO. A DIFERENÇA MAIS NOTÁVEL EM RELAÇÃO AO SEU ANTECESSOR É QUE PARA COMPLETAR UM NÍVEL VOCÊ DEVE AGORA COLETAR TODAS AS JOIAS DO LABIRINTO, EM UM JOGO TIPO PACMAN. RAMMERS E SPECTARS CONTINUAM A APARECER EM CÁPSULAS PISCANTES, ENTÃO VOCÊ NÃO PODE DESCANSAR E PLANEJAR SEU CURSO FACILMENTE, OU SERÁ DOMINADO PELA FORÇA ALIENÍGENA. O GRÁFICO ESTÁ BASTANTE MELHORADO EM RELAÇÃO AO SEU ANTECESSOR: O LABIRINTO AGORA POSSUI BARRICADAS QUE DEVEM SER EVITADAS OU PODEM SER USADAS COMO ESCUDO CONTRA OS INIMIGOS, E POSSUI DEZ CONFIGURAÇÕES DE AMBIENTE, MUDANDO DA "CIDADE DE QUARTEIRÕES" DE TARG PARA UMA CIDADE, UMA FLORESTA, UMA PAISAGEM LUNAR E MUITO MAIS. OS INIMIGOS TAMBÉM SÃO MAIS ESPERTOS E RÁPIDOS, E O FATO DE CONTINUAREM SURGINDO DOS CASULOS TORNA O JOGO UM DESAFIO AINDA MAIS FRENÉTICO.;EXIDY;;;false;;0;SHOOTER;0;56C9C4A9;false;;;cf90162e73f7bfe82f056cfe7df94ed2;;0;2;EXIDY;0,47;;;;;;;;;./media/image/Spectar-boxart.png;;./media/extras/Spectar-extra1.jpg;;;;./media/manuals/Spectar-manual.pdf;;./media/image/Spectar-marquee.png;;;./media/screenshots/Spectar-screenshot.png;./media/image/Spectar-titleshot.png;./media/image/Spectar-boxart.png;;./media/image/Spectar-marquee.png;
./Spelunk2.zip;SPELUNK2;false;19860101T000000;;false;;A SEQUÊNCIA ARCADE DE SPELUNKER QUE MANTÉM FIELMENTE A MECÂNICA DE JOGO E O ESTILO DO PRIMEIRO JOGO ARCADE: UMA DESCIDA A UM SUBMUNDO PERIGOSO, DESTA VEZ ESVERDEADO EM VEZ DE MARROM TERRESTRE, POVOADO POR HABITANTES ESTRANHOS E ARMADILHAS E PERIGOS AINDA MAIS ESTRANHOS. À MEDIDA QUE VOCÊ AVANÇA EM DIREÇÃO ÀS PROFUNDEZAS DESCONHECIDAS DO POÇO DA MINA, HAVERÁ MUITOS SALTOS DE PLATAFORMA, ESCALADA EM CORDA, EXPLOSÃO DE DINAMITE, CAÇA DE CHAVES, CAÇA A FANTASMAS E OUTRAS ATIVIDADES ESPELEOLÓGICAS ROTINEIRAS. NATURALMENTE, NÃO FALTAM TESOUROS E ITENS BÔNUS, E O CAMINHO PARA A SAÍDA NEM SEMPRE É ÓBVIO, O QUE FARÁ COM QUE VOCÊ PROCURE PASSAGENS SECRETAS E BUSQUE MANEIRAS CRIATIVAS DE MODIFICAR O AMBIENTE.;MICRO GRAPHIC IMAGE;;;false;;0;PLATFORM;0;91E7D7ED;false;;;0fca59d1bf276d5453d07543530f0963;;0;2;IREM;0,69;;;;;;;;;./media/image/Spelunk2-boxart.png;;;;;;;;;;;./media/screenshots/Spelunk2-screenshot.png;./media/image/Spelunk2-titleshot.png;./media/image/Spelunk2-boxart.png;;;
./Spelunkr.zip;SPELUNKR;false;19850101T000000;;false;;PASSEIE POR QUILÔMETROS DE CAVERNAS DESCONHECIDAS EM BUSCA DA LENDÁRIA PIRÂMIDE SUBTERRÂNEA E DE SEUS VASTOS TESOUROS. PARA COMPLETAR SUA AVENTURA, VOCÊ BALANÇARÁ EM CORDAS, SUBIRÁ ESCADAS, CORRERÁ POR TERRENOS INSTÁVEIS ​​E DESCERÁ RAVINAS, BEM COMO OPERARÁ ELEVADORES, CARRINHOS DE MINERAÇÃO E JANGADAS. VOCÊ COLETARÁ CHAVES, BOMBAS, SINALIZADORES, JOIAS, SACOS DE MOEDAS DE OURO E OUTROS ITENS VALIOSOS ENQUANTO NAVEGA PELO TERRENO PERIGOSO. MAS TOME CUIDADO COM AS SAÍDAS DE VAPOR ESCALDANTE, OS MORCEGOS VENENOSOS E OS ESPÍRITOS VINGATIVOS DOS ESPELEÓLOGOS MORTOS QUE ESPREITAM EM CADA CANTO DESTE ENORME LABIRINTO SUBTERRÂNEO.;MICRO GRAPHIC IMAGE;;;false;;0;PLATFORM;0;D575C9D8;false;;;1d776795a7256c7859abc5b2491e4247;;0;1;IREM;0,62;;;;;;;;;./media/image/Spelunkr-boxart.png;;./media/extras/Spelunkr-extra1.jpg;./media/fanart/Spelunkr-fanart.jpg;;;;;./media/image/Spelunkr-marquee.png;;;./media/screenshots/Spelunkr-screenshot.png;./media/image/Spelunkr-titleshot.png;./media/image/Spelunkr-boxart.png;;./media/image/Spelunkr-marquee.png;
./Spiders.zip;SPIDERS;false;;;false;;;;;;false;;0;;0;;false;;;;;0;;;;;;;;;;;;;;;;;;;;;;;;;;;;
./Spidmanu.zip;SPIDER-MAN THE VIDEOGAME (US, REV A);false;1991/01/01;;false;;CLONE OF : SPIDMAN (SPIDER-MAN THE VIDEOGAME (US, REV A));;;;false;;0;;0;;false;;;;;0;;SEGA;;;;;;; Clone Of : spidman -> Spider-Man The Videogame (US, Rev A);;;;;;;;;;;;;;;;;;;
./Spiero.zip;SUPER PIERROT (JAPAN);false;1987/01/01;;false;;CLONE OF : DORUNRUN (SUPER PIERROT (JAPAN));;;;false;;0;;0;;false;;;;;0;;UNIVERSAL;;;;;;; Clone Of : dorunrun -> Super Pierrot (Japan);;;;;;;;;;;;;;;;;;;
./Spiker.zip;SPIKER;false;19860101T000000;;false;;SPIKER FOI PRODUZIDO POR BALLY SENTE EM 1986. UM JOGO DE VÔLEI INDIVIDUAL PARA UM OU DOIS JOGADORES COM ANIMAÇÃO DE ALTA QUALIDADE.;BALLY SENTE;;;false;;0;SPORTS;0;7D2BA6D0;false;;;0ce31176107065ff4d92b48d68fc93f0;;0;2;BALLY SENTE;0,52;;;;;;;;;./media/image/Spiker-boxart.png;;./media/extras/Spiker-extra1.jpg;;;;;;./media/image/Spiker-marquee.png;;;./media/screenshots/Spiker-screenshot.png;./media/image/Spiker-titleshot.png;./media/image/Spiker-boxart.png;;./media/image/Spiker-marquee.png;
./Spin Master.zip;SPIN MASTER;false;;;false;;;;;;false;;0;;0;;false;;;;;0;;;;;;;;;;;;;;;;;;;;;;;;;;;;
./Spinlbrk.zip;SPINLBRK;false;19900101T000000;;false;;SPINAL BREAKERS É UM JOGO DE TIRO ARCADE PARA 1 OU 2 JOGADORES. A HISTÓRIA DO JOGO É QUE NUM FUTURO PRÓXIMO OS HUMANOS CRIARAM ESCRAVOS ZUMBIS ARTIFICIAIS, CHAMADOS HILDROIDES. APÓS UMA EXPLOSÃO NUCLEAR, O HILDROID EVOLUI, GANHA CONSCIÊNCIA E COMEÇA A SE REVOLTAR. DE ALGUMA FORMA, OS HILDROIDS CONSEGUEM VIAJAR NO TEMPO E INFECTAR CIVILIZAÇÕES PASSADAS. O JOGADOR VIAJA NO TEMPO E LUTA CONTRA OS HILDROIDES NA FORMA DE NAZISTAS, ROMANOS ANTIGOS, DINOSSAUROS, SAMURAIS. SÃO SETE FASES, O JOGO COMEÇA NA EUROPA NA ALEMANHA NAZISTA, DEPOIS NA CHINA, RÚSSIA, GRÉCIA, EGITO, JAPÃO E FINALMENTE NA AMÉRICA. OS JOGADORES SE MOVEM PARA A ESQUERDA E PARA A DIREITA EM PRIMEIRO PLANO, ENQUANTO MOVEM O CURSOR PELA TELA PARA ATIRAR NOS INIMIGOS. O JOGADOR POSSUI UMA METRALHADORA COM MUNIÇÃO ILIMITADA, GRANADAS LIMITADAS PARA LIMPAR A TELA INTEIRA E É POSSÍVEL ROLAR PARA A ESQUERDA OU PARA A DIREITA PARA EVITAR AS BALAS.;VIDEO SYSTEM;;;false;;0;SHOOTER;0;C8D55989;false;;;b13b16a4266a97aadf21f6cb8eff3288;;0;2;VIDEO SYSTEM;0,66;;;;;;;;;./media/image/Spinlbrk-boxart.png;;;./media/fanart/Spinlbrk-fanart.jpg;;;;;;;;./media/screenshots/Spinlbrk-screenshot.png;./media/image/Spinlbrk-titleshot.png;./media/image/Spinlbrk-boxart.png;;;
./Spinmast.zip;SPINMAST;false;1993/01/01;;false;;UM MÉDICO MALVADO SEQUESTROU MARY, AMIGA DE JOHN E TOM, E ROUBOU SEU MAPA DO TESOURO. RESGATAR MARY E RECUPERAR TODAS AS PEÇAS DO MAPA LEVA-OS ATRAVÉS DE 5 NÍVEIS DE AÇÃO JUMP'N SHOOT NO ESTILO ARCADE. EXISTEM DIVERSAS ARMAS PARA ADQUIRIR, DESDE UM IOIÔ (A ARMA PADRÃO) ATÉ BOMBAS, PINGENTES DE GELO, MÍSSEIS E MUITO MAIS. AS ARMAS DIFEREM EM ALCANCE, FREQUÊNCIA DE DISPARO E POTÊNCIA E PODEM SER DISPARADAS EM TODAS AS DIREÇÕES. CADA ARMA TAMBÉM POSSUI UM ATAQUE CARREGÁVEL EXCLUSIVO, BEM COMO UM SUPER ATAQUE (QUE UTILIZA UM SÍMBOLO DE BOMBA). TAMBÉM É POSSÍVEL SALTAR SOBRE OS INIMIGOS OU REALIZAR UM ATAQUE DESLIZANTE.;DATA EAST;;;false;;0;BEAT 'EM UP, PLATFORM;0;D61BA369;false;;;a164cc4756db8908f03f3cc710958c2e;;0;2;SNK;0,83;;;;;;;;;./media/image/Spinmast-boxart.png;;./media/extras/Spinmast-extra1.jpg;./media/fanart/Spinmast-fanart.jpg;;;;;;;;./media/screenshots/Spinmast-screenshot.png;./media/image/Spinmast-titleshot.png;./media/image/Spinmast-boxart.png;;;
./Splat.zip;SPLAT!;false;1982/01/01;;false;;;;;;false;;0;;0;;false;;;;;0;;WILLIAMS;;;;;;;;;;;;;;;;;;;;;;;;;;
./Splatter.zip;SPLATTER;false;1988/01/01;;false;;SOZINHO EM UMA NOITE DE TEMPESTADE... ENTRE, SE TIVER CORAGEM, NO HORROR INDESCRITÍVEL DE SPLATTERHOUSE! GHOULS HEDIONDOS E DEMÔNIOS DEMENTES SALTAM DE TODOS OS CANTOS EM UM PESADELO IMPLACÁVEL DE TERROR. QUEM É AQUELE COM UMA SERRA? CUIDADO COM ESSE MACHADO! SÓ NÃO PERCA A CABEÇA, POIS CHOQUE APÓS CHOQUE HORRÍVEL ATACA SEUS SENTIDOS. SUA ÚNICA ESPERANÇA... LIBERTAR O MONSTRO DENTRO DE VOCÊ E REVIDAR NO TERRÍVEL CAOS DE SPLATTERHOUSE!;NAMCO;;;false;;0;BEAT 'EM UP;0;13D69515;false;;;fe76909ecb53e555583d25f7b559c38a;;0;1;NAMCO;0,79;;;;;;;;;./media/image/Splatter-boxart.png;;;./media/fanart/Splatter-fanart.jpg;;;;;./media/image/Splatter-marquee.png;;;./media/screenshots/Splatter-screenshot.png;./media/image/Splatter-titleshot.png;./media/image/Splatter-boxart.png;;./media/image/Splatter-marquee.png;
./Spnchout.zip;SUPER PUNCH-OUT!! (REV B);false;1984/01/01;;false;;;;;;false;;0;;0;;false;;;;;0;;NINTENDO;;;;;;;;;;;;;;;;;;;;;;;;;;
./Sprint1.zip;SPRINT1;false;;;false;;;;;;false;;0;;0;;false;;;;;0;;;;;;;;;;;;;;;;;;;;;;;;;;;;
./Sprint2.zip;SPRINT2;false;;;false;;;;;;false;;0;;0;;false;;;;;0;;;;;;;;;;;;;;;;;;;;;;;;;;;;
./Spyhunt.zip;SPY HUNTER;false;1983/01/01;;false;;;;;;false;;0;;0;;false;;;;;0;;BALLY MIDWAY;;;;;;;;;;;;;;;;;;;;;;;;;;
./Sqbert.zip;FASTER, HARDER, MORE CHALLENGING QBERT (PROTOTYPE);false;1983/01/01;;false;;;;;;false;;0;;0;;false;;;;;0;;MYLSTAR;;;;;;;;;;;;;;;;;;;;;;;;;;
./Sqixbl.zip;SQIXBL;false;;;false;;;;;;false;;0;;0;;false;;;;;0;;;;;;;;;;;;;;;;;;;;;;;;;;;;
./Srallyc.zip;SRALLYC;false;;;false;;;;;;false;;0;;0;;false;;;;;0;;;;;;;;;;;;;;;;;;;;;;;;;;;;
./Srumbler.zip;THE SPEED RUMBLER (SET 1);false;1986/01/01;;false;;;;;;false;;0;;0;;false;;;;;0;;CAPCOM;;;;;;;;;;;;;;;;;;;;;;;;;;
./Srumblr2.zip;SRUMBLR2;false;;;false;;;;;;false;;0;;0;;false;;;;;0;;;;;;;;;;;;;;;;;;;;;;;;;;;;
./Ssf2u.zip;SUPER STREET FIGHTER II - THE NEW CHALLENGERS (SUPER STREET FIGHTER 2 930911 USA);false;1993/01/01;;false;;CLONE OF : SSF2 (SUPER STREET FIGHTER II - THE NEW CHALLENGERS (SUPER STREET FIGHTER 2 930911 USA));;;;false;;0;;0;;false;;;;;0;;CAPCOM;;;;;;; Clone Of : ssf2 -> Super Street Fighter II - the new challengers (super street fighter 2 930911 USA);;;;;;;;;;;;;;;;;;;
./Ssf2xj.zip;SUPER STREET FIGHTER II X - GRAND MASTER CHALLENGE (SUPER STREET FIGHTER 2 X 940311 JAPAN);false;1994/01/01;;false;;CLONE OF : SSF2T (SUPER STREET FIGHTER II X - GRAND MASTER CHALLENGE (SUPER STREET FIGHTER 2 X 940311 JAPAN));;;;false;;0;;0;;false;;;;;0;;CAPCOM;;;;;;; Clone Of : ssf2t -> Super Street Fighter II X - grand master challenge (super street fighter 2 X 940311 Japan);;;;;;;;;;;;;;;;;;;
./Ssideki2.zip;SSIDEKI2;false;1994/01/01;;false;;PUBLICADO EM 1994 (TÍTULO JAPONÊS: TOKUTEN OU 2 - REAL FIGHT FOOTBALL), A SEQUÊNCIA CORRIGIU A MAIORIA DAS FALHAS NO DESIGN DO ORIGINAL, INCLUINDO A CAPACIDADE DE MUDAR O CONTROLE DOS JOGADORES DURANTE O JOGO, UM GOL MENOR E NENHUM CHUTE DE LONGA DISTÂNCIA (EM SUPER SIDEKICKS 1 O SIMPLES CHUTE DE LONGA DISTÂNCIA ÀS VEZES ERA MUITO LONGO, LEVANDO A UMA SITUAÇÃO DE ARREMESSO LATERAL). AUMENTOU O NÚMERO DE EQUIPES PARA 48 E AS DIVIDIU EM 6 "REGIÕES" GEOGRÁFICAS:     EUROPA A: ITÁLIA, INGLATERRA, ESPANHA, HOLANDA, SUÍÇA, NORUEGA, TURQUIA, IRLANDA     EUROPA B: ALEMANHA, FRANÇA, BULGÁRIA, SUÉCIA, RÚSSIA, GRÉCIA, BÉLGICA, ROMÉNIA     AMÉRICAS/OCEANIA: ESTADOS UNIDOS, MÉXICO, CANADÁ, AUSTRÁLIA, NOVA ZELÂNDIA, COSTA RICA, EL SALVADOR, HONDURAS     ÁSIA: COREIA DO SUL, JAPÃO, ARÁBIA SAUDITA, TAIWAN (COMO REPÚBLICA DA CHINA), CHINA, IRÃ, HONG KONG, EMIRADOS ÁRABES UNIDOS     AMÉRICA DO SUL: BRASIL, ARGENTINA, PARAGUAI, COLÔMBIA, BOLÍVIA, URUGUAI, PERU, EQUADOR     ÁFRICA: CAMARÕES, MARROCOS, NIGÉRIA, EGIPTO, ÁFRICA DO SUL, COSTA DO MARFIM, GUINÉ, ZÂMBIA AO INICIAR O JOGO, VOCÊ ENTRA EM UMA “FINAL DA RODADA DE QUALIFICAÇÃO REGIONAL” CONTRA OUTRO TIME DE SUA REGIÃO. DEPOIS DE VENCÊ-LO, SEU TIME VAI PARA O TORNEIO MUNDIAL (COPA), NO QUAL VOCÊ SE AGRUPA COM OUTROS TRÊS PAÍSES EM UM ROUND-ROBIN. DEPOIS DE VENCER TODOS ELES, VOCÊ ENTRA EM UM TORNEIO ELIMINATÓRIO: QUARTAS DE FINAL, SEMIFINAIS E FINAL DA COPA DO MUNDO. ESTE TIPO DE TORNEIO LEMBRA MAIS A COPA DO MUNDO DA VIDA REAL. SE UMA PARTIDA TERMINAR EMPATADA, VOCÊ TAMBÉM TERÁ A OPÇÃO DE REPETIR UM JOGO COMPLETO, IR PARA O DESEMPATE DE PÊNALTIS OU JOGAR UM JOGO DE MORTE SÚBITA (GOL DE OURO) (O RECURSO DE GOL DE OURO NÃO ESTAVA PRESENTE NO SUPER SIDEKICKS ORIGINAL). TODOS OS JOGOS SUPER SIDEKICKS SUBSEQUENTES SEGUIRAM O MESMO DESIGN E JOGABILIDADE DE SUPER SIDEKICKS 2.;SNK;;;false;;0;SPORTS;0;8C153CB6;false;;;aa6d12772ea96c7e775d3f51270be200;;0;2;SNK;0,85;;;;;;;;;;;./media/extras/Ssideki2-extra1.jpg;./media/fanart/Ssideki2-fanart.jpg;;;;;;;;./media/screenshots/Ssideki2-screenshot.png;;;;;
./Ssideki3.zip;SUPER SIDEKICKS 3 - THE NEXT GLORY / TOKUTEN OU 3 - EIKOU E NO MICHI;false;1995/01/01;;false;;;;;;false;;0;;0;;false;;;;;0;;SNK;;;;;;;;;;;;;;;;;;;;;;;;;;
./Ssideki4.zip;THE ULTIMATE 11 - THE SNK FOOTBALL CHAMPIONSHIP / TOKUTEN OU - HONOO NO LIBERO;false;1996/01/01;;false;;;;;;false;;0;;0;;false;;;;;0;;SNK;;;;;;;;;;;;;;;;;;;;;;;;;;
./Sspaceat.zip;SSPACEAT;false;;;false;;;;;;false;;0;;0;;false;;;;;0;;;;;;;;;;;;;;;;;;;;;;;;;;;;
./Ssprint.zip;SSPRINT;false;;;false;;;;;;false;;0;;0;;false;;;;;0;;;;;;;;;;;;;;;;;;;;;;;;;;;;
./Ssrdrjbd.zip;SSRDRJBD;false;;;false;;;;;;false;;0;;0;;false;;;;;0;;;;;;;;;;;;;;;;;;;;;;;;;;;;
./Stadhero.zip;STADHERO;false;19880101T000000;;false;;STADIUM HERO FOI PRODUZIDO PELA DATA EAST EM 1988. UM JOGO DE BEISEBOL PARA ATÉ 2 JOGADORES DA DATA EAST.;DATA EAST;;;false;;0;SPORTS;0;E64270F3;false;;;f813f3448889db473f794fc5818fb279;;0;2;DATA EAST;0,51;;;;;;;;;./media/image/Stadhero-boxart.png;;./media/extras/Stadhero-extra1.jpg;;;;;;;;;./media/screenshots/Stadhero-screenshot.png;./media/image/Stadhero-titleshot.png;./media/image/Stadhero-boxart.png;;;
./Stagger1.zip;STAGGER1;false;19970101T000000;;false;;UM ATIRADOR VERTICAL. VOE SOBRE VÁRIOS PLANETAS E DESTRUA TANTOS EDIFÍCIOS, TANQUES, AVIÕES, ETC. NO FINAL DE CADA FASE, VOCÊ DEVE DESTRUIR UMA GRANDE NAVE ESPACIAL OU MONSTRO PARA PASSAR AO PRÓXIMO NÍVEL. AO DESTRUIR OBJETOS SEMIGRANDES, VOCÊ PODE COLETAR POWER-UPS PARA AUMENTAR SUA VELOCIDADE DE TIRO. APÓS TERMINAR TODAS AS DOZE ETAPAS, O JOGO MOSTRA A PÁGINA DE CRÉDITOS QUE CONTÉM OS NOMES E FOTOS DOS DESENVOLVEDORES. ENQUANTO MANTÉM PRESSIONADO O BOTÃO DE DISPARO, A ARMA ESPECIAL RECARREGA E DISPARA SE ESTIVER COMPLETAMENTE CARREGADA. A ARMA ESPECIAL E A GRANDE BOMBA DIFEREM PARA CADA JOGADOR: O JOGADOR DOIS LANÇA UM GRANDE BOMBARDEIRO FANTASMA QUE BLOQUEIA TODO O FOGO INIMIGO, O JOGADOR UM DISPARA DISCOS GRANDES EM TODA A TELA. CUIDADO COM OS POWER-UPS ESPECIAIS LOCALIZADOS NAS EXTREMIDADES DE AMBOS OS LADOS, QUASE FORA DA TELA. ESTES SÃO POWER-UPS MELHORES DO QUE O NORMAL. UMA DELAS É UMA ATUALIZAÇÃO FIRE CAT QUE DISPARA AUTOMATICAMENTE AO REDOR DE SUA NAVE.;AFEGA;;;false;;0;SHOOTER;0;5AE2BA0A;false;;;fc1fddaf9833f2bfbf41de9ec4f04a34;;0;2;AFEGA;0,70;;;;;;;;;;;;./media/fanart/Stagger1-fanart.jpg;;;;;;;;;;;;;
./Stakes Winner 2.zip;STAKES WINNER 2;false;;;false;;;;;;false;;0;;0;;false;;;;;0;;;;;;;;;;;;;;;;;;;;;;;;;;;;
./Stakes Winner.zip;STAKES WINNER;false;;;false;;;;;;false;;0;;0;;false;;;;;0;;;;;;;;;;;;;;;;;;;;;;;;;;;;
./Starfire.zip;STARFIRE;false;;;false;;;;;;false;;0;;0;;false;;;;;0;;;;;;;;;;;;;;;;;;;;;;;;;;;;
./Starforc.zip;STAR FORCE;false;1984/01/01;;false;;;;;;false;;0;;0;;false;;;;;0;;TEHKAN;;;;;;;;;;;;;;;;;;;;;;;;;;
./Stargate.zip;STARGATE;false;1981/01/01;;false;;;;;;false;;0;;0;;false;;;;;0;;WILLIAMS / VID KIDZ;;;;;;;;;;;;;;;;;;;;;;;;;;
./Startrek.zip;STAR TREK;false;1982/01/01;;false;;;;;;false;;0;;0;;false;;;;;0;;SEGA;;;;;;;;;;;;;;;;;;;;;;;;;;
./Starwars.zip;STAR WARS (REV 1);false;1983/01/01;;false;;;;;;false;;0;;0;;false;;;;;0;;ATARI;;;;;;;;;;;;;;;;;;;;;;;;;;
./Stdragon.zip;STDRAGON;false;19890101T000000;;false;;SAINT DRAGON É UM SHOOT 'EM UP DE ROLAGEM LATERAL EM QUE O JOGADOR CONTROLA O CIBORGUE SAINT DRAGON, QUE SE REBELOU CONTRA O TIRÂNICO EXÉRCITO MONSTER CYBORG. SAINT DRAGON ESTÁ INICIALMENTE ARMADO COM RAIOS DE PLASMA E UM SOPRO DE FOGO. AO COLETAR FICHAS, O PODER DE FOGO DO DRAGÃO PODE SER ATUALIZADO COM TORPEDOS DE PULSO, UM LASER, BOMBAS SALTITANTES, LASERS DE ANEL OU UMA TORRE. OUTROS TOKENS PODEM MELHORAR A VELOCIDADE DO DRAGÃO, O PODER DA ARMA OU INICIAR UM MODO "HIPER" QUE CONFERE MÁXIMO PODER DE FOGO E INVULNERABILIDADE. ALÉM DISSO, O DRAGÃO POSSUI UMA CAUDA BLINDADA QUE ACOMPANHA O MOVIMENTO DO JOGADOR, PERMITINDO QUE SEJA UTILIZADA COMO ESCUDO DEFENSIVO. EXISTEM CINCO NÍVEIS, CADA UM CULMINANDO EM UMA BATALHA COM UM GRANDE GUARDIÃO DE FINAL DE NÍVEL.;JALECO;;;false;;0;SHOOTER;0;37189B8D;false;;;2743f63580177bb455629cd7a65d7a88;;0;1;JALECO;0,69;;;;;;;;;./media/image/Stdragon-boxart.png;;./media/extras/Stdragon-extra1.jpg;./media/fanart/Stdragon-fanart.png;;;./media/manuals/Stdragon-manual.pdf;;;;;./media/screenshots/Stdragon-screenshot.png;;./media/image/Stdragon-boxart.png;;;
./Stocker.zip;STOCKER;false;19840101T000000;;false;;CORRA DE COSTA A COSTA PELO SUL DOS EUA NESTE JOGO DE CORRIDA DE STOCK CAR, QUE LEVA VOCÊ DA FLÓRIDA À CALIFÓRNIA POR RODOVIAS, PONTES, ROTAS SECUNDÁRIAS E ESTRADAS RURAIS (E SE VOCÊ QUISER, POR CASAS E CORPOS D'ÁGUA TAMBÉM). À MEDIDA QUE SEU CARRO AVANÇA DE CIMA PARA BAIXO AO LONGO DAS CURVAS, BIFURCAÇÕES E CRUZAMENTOS, SEU ÚNICO RIVAL É O RELÓGIO - REPRESENTADO POR UM TANQUE DE COMBUSTÍVEL QUE DURA APENAS 90 SEGUNDOS, INDEPENDENTEMENTE DA SUA VELOCIDADE. ESPALHADOS AO LONGO DA PISTA ESTÃO ALGUNS POSTOS DE GASOLINA, CRUCIAIS PARA EVITAR QUE SEU TANQUE SEQUE. O TRÂNSITO E OUTROS PILOTOS PODEM ATRAPALHAR, MAS O VERDADEIRO INCÔMODO É A POLÍCIA: QUALQUER ENCONTRO COM UMA VIATURA FARÁ COM QUE VOCÊ SEJA MULTADO, O QUE PREJUDICA SUA PONTUAÇÃO (E PODE EVENTUALMENTE ENCERRAR O JOGO, DEPENDENDO DAS CONFIGURAÇÕES). VOCÊ É LIVRE PARA SAIR DO ASFALTO E ATRAVESSÁ-LO FORA DA ESTRADA OU DESVIAR DO CURSO SEGUINDO AS BIFURCAÇÕES COM PONTOS DE INTERROGAÇÃO (QUE PODEM OU NÃO ENCURTAR SUA ROTA).;BALLY SENTE;;;false;;0;RACING;0;C028598F;false;;;e545a913d3e2a70bec01354443edc553;;0;1;BALLY SENTE;0,57;;;;;;;;;./media/image/Stocker-boxart.png;;./media/extras/Stocker-extra1.jpg;;;;;;./media/image/Stocker-marquee.png;;;./media/screenshots/Stocker-screenshot.png;;./media/image/Stocker-boxart.png;;./media/image/Stocker-marquee.png;
./Stratgyb.zip;STRATGYB;false;;;false;;;;;;false;;0;;0;;false;;;;;0;;;;;;;;;;;;;;;;;;;;;;;;;;;;
./Stratgyx.zip;STRATGYX;false;19810101T000000;;false;;STRATEGY X FOI PRODUZIDO PELA KONAMI EM 1981. FOI PUBLICADO PELA STERN ELECTRONICS NA AMÉRICA DO NORTE, UM ATIRADOR DE TANQUES DE CIMA PARA BAIXO DE STERN ONDE VOCÊ CONTROLA UM TANQUE CIRCULAR.;KONAMI;;;false;;0;SHOOTER;0;399D4EA0;false;;;120ec9849e88b76aa4d8323bbcb7156e;;0;2;STERN ELECTRONICS;0,43;;;;;;;;;;;;;;;;;./media/image/Stratgyx-marquee.png;;;./media/screenshots/Stratgyx-screenshot.png;;;;./media/image/Stratgyx-marquee.png;
./Stratvox.zip;STRATOVOX;false;1980/01/01;;false;;CLONE OF : SPEAKRES (STRATOVOX);;;;false;;0;;0;;false;;;;;0;;[SUN ELECTRONICS] (TAITO LICENSE);;;;;;; Clone Of : speakres -> Stratovox;;;;;;;;;;;;;;;;;;;
./Street Fighter Alpha - Warriors' Dreams.Cps2.7z;STREET FIGHTER ALPHA - WARRIORS' DREAMS.CPS2;false;;;false;;;;;;false;;0;;0;;false;;;;;0;;;;;;;;;;;;;;;;;;;;;;;;;;;;
./Street Fighter Alpha - Warriors' Dreams.zip;STREET FIGHTER ALPHA - WARRIORS' DREAMS;false;;;false;;;;;;false;;0;;0;;false;;;;;0;;;;;;;;;;;;;;;;;;;;;;;;;;;;
./Street Fighter Alpha 2.Cps2.7z;STREET FIGHTER ALPHA 2.CPS2;false;;;false;;;;;;false;;0;;0;;false;;;;;0;;;;;;;;;;;;;;;;;;;;;;;;;;;;
./Street Fighter Alpha 2.zip;STREET FIGHTER ALPHA 2;false;;;false;;;;;;false;;0;;0;;false;;;;;0;;;;;;;;;;;;;;;;;;;;;;;;;;;;
./Street Fighter Alpha.zip;STREET FIGHTER ALPHA;false;;;false;;;;;;false;;0;;0;;false;;;;;0;;;;;;;;;;;;;;;;;;;;;;;;;;;;
./Street Fighter II - Champion Edition.zip;STREET FIGHTER II - CHAMPION EDITION;false;;;false;;;;;;false;;0;;0;;false;;;;;0;;;;;;;;;;;;;;;;;;;;;;;;;;;;
./Street Fighter II - Hyper Fighting.zip;STREET FIGHTER II - HYPER FIGHTING;false;;;false;;;;;;false;;0;;0;;false;;;;;0;;;;;;;;;;;;;;;;;;;;;;;;;;;;
./Street Fighter II - The World Warrior.zip;STREET FIGHTER II - THE WORLD WARRIOR;false;;;false;;;;;;false;;0;;0;;false;;;;;0;;;;;;;;;;;;;;;;;;;;;;;;;;;;
./Street Fighter Zero 2 Alpha.Cps2.7z;STREET FIGHTER ZERO 2 ALPHA.CPS2;false;;;false;;;;;;false;;0;;0;;false;;;;;0;;;;;;;;;;;;;;;;;;;;;;;;;;;;
./Street Fighter Zero 2 Alpha.zip;STREET FIGHTER ZERO 2 ALPHA;false;;;false;;;;;;false;;0;;0;;false;;;;;0;;;;;;;;;;;;;;;;;;;;;;;;;;;;
./Street Fighter Zero 2.zip;STREET FIGHTER ZERO 2;false;;;false;;;;;;false;;0;;0;;false;;;;;0;;;;;;;;;;;;;;;;;;;;;;;;;;;;
./Street Fighter Zero.zip;STREET FIGHTER ZERO;false;;;false;;;;;;false;;0;;0;;false;;;;;0;;;;;;;;;;;;;;;;;;;;;;;;;;;;
./Street Hoop.zip;STREET HOOP;false;;;false;;;;;;false;;0;;0;;false;;;;;0;;;;;;;;;;;;;;;;;;;;;;;;;;;;
./Streetsm.zip;STREETSM;false;1989/01/01;;false;;UM JOGO DE LUTA ARCADE, STREET SMART COLOCA O JOGADOR NO LUGAR DO ARRASADOR “KARATE MAN” QUE VIAJA PELO PAÍS PARA PARTICIPAR DO TAG CHAMPIONSHIP. O JOGO É JOGADO A PARTIR DE UMA PERSPECTIVA DE TERCEIRA PESSOA DE ROLAGEM LATERAL, NA QUAL OS JOGADORES PODEM SE MOVER EM QUALQUER DIREÇÃO EM UMA ARENA FECHADA (LIMITADA PELA TORCIDA E OUTROS ELEMENTOS DA RUA). OITO LUTADORES ÚNICOS DEVEM SER ENFRENTADOS EM SUCESSÃO USANDO SOCOS, CHUTES E SALTOS CONTRA ADVERSÁRIOS CADA VEZ MAIS DIFÍCEIS. A VERSÃO ARCADE APRESENTA UM MODO COOPERATIVO PARA DOIS JOGADORES, MAS ISSO FOI EXCLUÍDO NO LANÇAMENTO DO PS MINI. COMO UMA CARACTERÍSTICA ÚNICA DA VERSÃO GENESIS, OS JOGADORES PODEM APOSTAR DINHEIRO NO RESULTADO DAS LUTAS E, SE VENCEREM, PODEM USAR ESSE DINHEIRO PARA ATUALIZAR AS ESTATÍSTICAS DO PERSONAGEM DE ACORDO COM SEU ESTILO DE JOGO. TAMBÉM FORAM ADICIONADOS À VERSÃO GENESIS UM MODO VS E UM NOVO MOVIMENTO ESPECIAL QUE ESGOTA PARTE DE SUA BARRA DE VIDA.;SNK;;;false;;0;FIGHTING;0;2E87F25E;false;;;75d985a7db537324b16687de49705047;;0;2;SNK;0,60;;;;;;;;;./media/image/Streetsm-boxart.png;;./media/extras/Streetsm-extra1.jpg;./media/fanart/Streetsm-fanart.jpg;;;./media/manuals/Streetsm-manual.pdf;;./media/image/Streetsm-marquee.png;;;./media/screenshots/Streetsm-screenshot.png;./media/image/Streetsm-titleshot.png;./media/image/Streetsm-boxart.png;;./media/image/Streetsm-marquee.png;
./Strhoop.zip;STRHOOP;false;1994/01/01;;false;;STREET SLAM É UM JOGO DE BASQUETE DE RUA 3 CONTRA 3. UM OU DOIS JOGADORES PODEM ESCOLHER ENTRE 10 TIMES: FRANÇA, ESPANHA, EUA, ITÁLIA, ALEMANHA, TAIWAN, REINO UNIDO, CHINA, JAPÃO E COREIA DO SUL (NAS VERSÕES EUROPEIA E JAPONESA. A VERSÃO DOS EUA APRESENTA CIDADES LOCAIS). AS EQUIPES SÃO AVALIADAS EM 1 A 9 PONTOS EM QUATRO ATRIBUTOS (ENTERRADA, 3 PONTOS, VELOCIDADE E DEFESA). CADA JOGO DURA DOIS TEMPOS DE 2 MINUTOS CADA. O JOGO TERMINA SE O JOGADOR PERDER O PRIMEIRO TEMPO, PRECISANDO CONTINUAR JOGANDO O SEGUNDO TEMPO. NO ATAQUE, O JOGADOR PODE REALIZAR ARREMESSOS DE 2 OU 3 PONTOS PRESSIONANDO O BOTÃO A. O BOTÃO B É USADO PARA PASSAR A BOLA. PRESSIONAR A E B JUNTOS JOGA A BOLA PARA O ALTO, PEGANDO-A ENQUANTO ISSO (PRESSIONANDO A) FAZ COM QUE O JOGADOR FAÇA UMA ENTERRADA. QUANDO ESTIVER NA DEFESA, O JOGADOR PODE PULAR E BLOQUEAR PRESSIONANDO A E CORTAR E ROUBAR PRESSIONANDO B. UM ELEMENTO DE FANTASIA É ADICIONADO AO JOGO: UM SUPER MEDIDOR DE TIRO É MOSTRADO NA PARTE INFERIOR DA TELA PARA CADA EQUIPE. À MEDIDA QUE OS PONTOS SÃO MARCADOS, O MEDIDOR É PREENCHIDO. QUANDO O MEDIDOR ESTIVER CHEIO, O JOGADOR PODE REALIZAR UMA SUPER ENTERRADA PRESSIONANDO A DENTRO DA LINHA DE ARREMESSO DE 3 PONTOS, FAZENDO O JOGADOR PULAR 10 METROS NO AR.;DATA EAST;;;false;;0;SPORTS;0;EC522003;false;;;f2838d40c6b40f85e84322c1116b806e;;0;2;DATA EAST;0,73;;;;;;;;;./media/image/Strhoop-boxart.png;;./media/extras/Strhoop-extra1.jpg;./media/fanart/Strhoop-fanart.jpg;;;;;./media/image/Strhoop-marquee.png;;;./media/screenshots/Strhoop-screenshot.jpg;;./media/image/Strhoop-boxart.png;;./media/image/Strhoop-marquee.png;
./Strider.zip;STRIDER (US SET 1);false;1989/01/01;;false;;;;;;false;;0;;0;;false;;;;;0;;CAPCOM;;;;;;;;;;;;;;;;;;;;;;;;;;
./Strikers 1945 Plus.zip;STRIKERS 1945 PLUS;false;;;false;;;;;;false;;0;;0;;false;;;;;0;;;;;;;;;;;;;;;;;;;;;;;;;;;;
./Strkforc.zip;STRKFORC;false;19910101T000000;midway;false;;STRIKE FORCE É UM JOGO DE TIRO COM ROLAGEM LATERAL E É O TERCEIRO JOGO DA SÉRIE SEMINAL "DEFENDER" DA MIDWAY. HOMENS LAGARTOS SAURIANOS INVADIRAM TODOS OS VINTE E DOIS PLANETAS QUE FORMAM AS COLÔNIAS DO SISTEMA SOLAR DA NOVA TERRA, CAPTURANDO E TRANSFORMANDO OS HUMANOS RESIDENTES EM RÉPTEIS PARA USAR COMO TRABALHO ESCRAVO EM SUA BASE DE FORTALEZA, O 'APOCALIPSE MEGA-ESTRELA' SAURIANO. OS JOGADORES PILOTAM UMA NAVE ESPACIAL SOBRE A SUPERFÍCIE DOS PLANETAS, DESTRUINDO ONDAS INIMIGAS E RESGATANDO HUMANOS DOS INVASORES ALIENÍGENAS, COM HUMANOS RESGATADOS PENDURADOS NA PARTE INFERIOR DA NAVE DO JOGADOR. ASSIM QUE ESSAS TAREFAS FOREM CONCLUÍDAS, A NAVE-MÃE CHEGA PARA PEGAR A NAVE DO JOGADOR, JUNTO COM TODOS OS HUMANOS QUE ELES RESGATARAM. OS JOGADORES PODEM DECIDIR QUAIS PLANETAS ATACAR, QUANDO ADQUIRIR PODER DE FOGO ADICIONAL E QUANDO ATACAR O APOCALIPSE. STRIKE FORCE ADICIONA VÁRIOS NOVOS RECURSOS À SÉRIE. DOIS JOGADORES AGORA PODEM COMPARTILHAR A TELA AO MESMO TEMPO E A SUPERFÍCIE DE CADA PLANETA ESTÁ REPLETA DE VÁRIAS ARMAS ESPECIAIS QUE PODEM SER RECOLHIDAS E UTILIZADAS. OS HUMANOS PODEM SER 'MUTADOS' EM PEQUENAS CRIATURAS VERDES QUE LUTARÃO CONTRA O JOGADOR (EMBORA OS JOGADORES AINDA POSSAM PEGÁ-LOS PARA GANHAR PONTOS, COMO ACONTECE COM OS HUMANOS NÃO MUTADOS). OS MUTANTES TAMBÉM PODEM USAR VEÍCULOS ENCONTRADOS NA SUPERFÍCIE DO PLANETA CONTRA O JOGADOR.;MIDWAY;;;false;43400;0;TIRO, TIRO / AVIÃO;256;E4B6D9C8;false;;;e960aca0b007ad6348c2058f72074397;;0;1-2;MIDWAY;0,80;;wor;;;;;;;./media/image/Strkforc-boxart.png;;;./media/fanart/Strkforc-fanart.jpg;;;./media/manuals/Strkforc-manual.pdf;;./media/image/Strkforc-marquee.png;;./media/image/Strkforc-wheelround.png;./media/screenshots/Strkforc-screenshot.png;./media/image/Strkforc-titleshot.png;./media/image/Strkforc-boxart.png;./media/videos/Strkforc-video.mp4;./media/image/Strkforc-marquee.png;./media/image/Strkforc-wheelround.png
./Stunrun2.zip;STUNRUN2;false;19890101T000000;atari;false;;SENTE-SE, SEGURE OS CONTROLES E ENTRE NO MUNDO DO S.T.U.N. (SPREAD TUNNEL UNDERGROUND NETWORK) CORREDOR. OS JOGADORES VIAJAM NO TEMPO ATÉ AO SÉCULO XXI E EXPERIMENTAM A EMOÇÃO DAS CORRIDAS NUMA FORMA FUTURISTA DE CONDUÇÃO COMPETITIVA. NO CONTROLE DE TECNOLOGIA DE PONTA, OS JOGADORES PILOTAM UM VEÍCULO DE BILHÕES DE DÓLARES CAPAZ DE ATINGIR VELOCIDADES DE MAIS DE 1.400 QUILÔMETROS POR HORA! OS JOGADORES CONTROLAM SEUS VEÍCULOS COM UM CONTROLADOR DE VÔO DE RETORNO AO CENTRO (RTC). AS ALÇAS DE CONTROLE AJUSTAM A ELEVAÇÃO DO TIRO E INCLUEM BOTÕES DE GATILHO PARA DISPARAR. O BOTÃO INICIAR TAMBÉM É USADO COMO BOTÃO DE DISPARO PARA 'ONDAS DE CHOQUE'.;ATARI;;;false;43406;0;TIRO, TIRO / CARRO 3ª PESSOA;1028;833B92A7;false;;;c0613aefcc67d5fcf64293d9723c6b56;;0;1;ATARI;0,40;;wor;;;;;;./media/image/Stunrun2-boxback.png;./media/image/Stunrun2-boxart.png;;;./media/fanart/Stunrun2-fanart.jpg;;;./media/manuals/Stunrun2_(us).pdf;;;;;./media/screenshots/Stunrun2-screenshot.png;./media/image/Stunrun2-titleshot.png;./media/image/Stunrun2-boxart.png;./media/videos/Stunrun2-video.mp4;;
./Subs.zip;SUBS;false;19770101T000000;atari;false;;VOCÊ ESTÁ PILOTANDO UM SUBMARINO E TENTANDO TORPEDEAR SEU INIMIGO QUANTAS VEZES PUDER NO TEMPO PERMITIDO. VOCÊ NÃO VÊ SEU INIMIGO NEM ELE, EXCETO NO SONAR, EM OLHARES FUGAZES E OCASIONAIS E EM VER DE ONDE VEIO UM TORPEDO.;ATARI;;;false;43411;0;TIRO;256;2F797557;false;;;b57547c1b590c1b8518095e94f7a1d4e;;0;1-2;ATARI;0,40;;wor;;;;;;./media/image/Subs-boxback.png;./media/image/Subs-boxart.png;;;;;;./media/manuals/Subs-manual.pdf;;./media/image/Subs-marquee.png;;./media/image/Subs-wheelround.png;./media/screenshots/Subs-screenshot.png;./media/image/Subs-titleshot.png;./media/image/Subs-boxart.png;./media/videos/Subs-video.mp4;./media/image/Subs-marquee.png;./media/image/Subs-wheelround.png
./Super Dodge Ball.zip;SUPER DODGE BALL;false;;;false;;;;;;false;;0;;0;;false;;;;;0;;;;;;;;;;;;;;;;;;;;;;;;;;;;
./Super Gem Fighter Mini Mix.Cps2.7z;SUPER GEM FIGHTER MINI MIX.CPS2;false;19970101T000000;cps2;false;;SUPER GEM FIGHTER: MINI MIX / POCKET FIGHTERS É UM JOGO DE LUTA LINDO, ABSTRATO E BEM-HUMORADO QUE INCLUI VERSÕES MINIATURIZADAS DE VÁRIOS JOGOS DE LUTA DA CAPCOM, INCLUINDO A LENDÁRIA SÉRIE "STREET FIGHTER", BEM COMO "DARKSTALKERS" E O POUCO CONHECIDO "RED EARTH". DURANTE UMA LUTA, OS JOGADORES PODERÃO LIBERAR GEMAS COLORIDAS DE ATAQUES BEM-SUCEDIDOS CONTRA SEU OPONENTE, BEM COMO DOS BAÚS DE MADEIRA QUE APARECEM REGULARMENTE. COLETAR ESSAS JOIAS 'ATIVARÁ' O PERSONAGEM DO JOGADOR, DANDO-LHE ATAQUES MAIS PODEROSOS.;CAPCOM;;;false;37410;0;LUTA, LUTA / VERSUS;262;F27500B7;false;;;da9c7e0e6d67f4ffe0b10a5a0d8754e9;Multijogador cooperativo;0;1-2;CAPCOM;0,80;;;;;;;./media/image/Super Gem Fighter Mini Mix.Cps2-bezel.png;;;;./media/image/Super Gem Fighter Mini Mix.Cps2-bezel.png;./media/fanart/Super Gem Fighter Mini Mix.Cps2-fanart.jpg;;;./media/manuals/Super Gem Fighter Mini Mix.Cps2_(us).pdf;;;;;./media/screenshots/Super Gem Fighter Mini Mix.Cps2-screenshot.png;./media/image/Super Gem Fighter Mini Mix.Cps2-titleshot.png;;./media/videos/Super Gem Fighter Mini Mix.Cps2-video.mp4;;
./Super Gem Fighter Mini Mix.zip;SUPER GEM FIGHTER MINI MIX;false;;;false;;;;;;false;;0;;0;;false;;;;;0;;;;;;;;;;;;;;;;;;;;;;;;;;;;
./Super Muscle Bomber - The International Blowout.zip;SUPER MUSCLE BOMBER - THE INTERNATIONAL BLOWOUT;false;;;false;;;;;;false;;0;;0;;false;;;;;0;;;;;;;;;;;;;;;;;;;;;;;;;;;;
./Super Puzzle Fighter 2 Turbo.zip;SUPER PUZZLE FIGHTER 2 TURBO;false;;;false;;;;;;false;;0;;0;;false;;;;;0;;;;;;;;;;;;;;;;;;;;;;;;;;;;
./Super Sidekicks 2.zip;SUPER SIDEKICKS 2;false;;;false;;;;;;false;;0;;0;;false;;;;;0;;;;;;;;;;;;;;;;;;;;;;;;;;;;
./Super Spy, The.zip;SUPER SPY, THE;false;;;false;;;;;;false;;0;;0;;false;;;;;0;;;;;;;;;;;;;;;;;;;;;;;;;;;;
./Super Street Fighter II The New Challengers.zip;SUPER STREET FIGHTER II THE NEW CHALLENGERS;false;;;false;;;;;;false;;0;;0;;false;;;;;0;;;;;;;;;;;;;;;;;;;;;;;;;;;;
./Super Street Fighter II Turbo.Cps2.7z;SUPER STREET FIGHTER II TURBO.CPS2;false;19940223T000000;cps2;false;;SUPER STREET FIGHTER II TURBO, LANÇADO NO JAPÃO COMO SUPER STREET FIGHTER II X: GRAND MASTER CHALLENGE, É UM JOGO DE LUTA COMPETITIVO LANÇADO PELA CAPCOM EM 1994 PARA OS FLIPERAMAS. É A QUINTA EDIÇÃO DE ARCADE DA SUB-SÉRIE STREET STREET FIGHTER II. JOGOS DE LUTADOR, SEGUINDO SUPER STREET FIGHTER II. COMO SEU ANTECESSOR, ELE RODAVA NO HARDWARE DO CP SYSTEM II. O SUPER TURBO INTRODUZIU VÁRIAS NOVAS MECÂNICAS DE JOGO NO SISTEMA DE JOGO A PARTIR DAS VERSÕES ANTERIORES DO STREET FIGHTER II, INCLUINDO A ADIÇÃO DE MOVIMENTOS ESPECIAIS ATIVADOS CHAMADOS SUPER COMBOS. ELE TAMBÉM INTRODUZIU O PERSONAGEM OCULTO DE AKUMA, QUE SE TORNARIA UM PERSONAGEM RECORRENTE EM VERSÕES POSTERIORES DE STREET FIGHTER E OUTROS JOGOS DE LUTA DA CAPCOM.;CAPCOM;;;false;37413;0;LUTA, LUTA / VERSUS;262;4730B76D;false;;;944d5ba396b001f1231e0bff5f807a1d;Multijogador cooperativo;0;1-2;CAPCOM;0,80;;;;;;;./media/image/Super Street Fighter II Turbo.Cps2-bezel.png;;;;./media/image/Super Street Fighter II Turbo.Cps2-bezel.png;./media/fanart/Super Street Fighter II Turbo.Cps2-fanart.jpg;;;./media/manuals/Super Street Fighter II Turbo.Cps2_(wor).pdf;;;;;./media/screenshots/Super Street Fighter II Turbo.Cps2-screenshot.png;./media/image/Super Street Fighter II Turbo.Cps2-titleshot.png;;./media/videos/Super Street Fighter II Turbo.Cps2-video.mp4;;
./Super Street Fighter II Turbo.zip;SUPER STREET FIGHTER II TURBO;false;;;false;;;;;;false;;0;;0;;false;;;;;0;;;;;;;;;;;;;;;;;;;;;;;;;;;;
./Superg.zip;SUPER GALAXIANS (GALAXIAJ HACK);false;1979/01/01;;false;;CLONE OF : GALAXIAN (SUPER GALAXIANS (GALAXIAJ HACK));;;;false;;0;;0;;false;;;;;0;;HACK;;;;;;; Clone Of : galaxian -> Super Galaxians (galaxiaj hack);;;;;;;;;;;;;;;;;;;
./Superman.zip;SUPERMAN;false;19880101T000000;taito;false;;SUPERMAN É UM VIDEOGAME HORIZONTAL E PODE SER JOGADO POR UM OU DOIS JOGADORES DE FORMA INTERATIVA. O SEGUNDO JOGADOR CONTROLANDO UM PERSONAGEM VERMELHO DO SUPERMAN SE JUNTA AO PRIMEIRO JOGADOR NESTA BATALHA CONTRA OS MALIGNOS ALIEN POWERS.;TAITO;;;false;150513;0;BRIGA DE RUA, LUTA / 2D, LUTA;263;2F4F4BC7;false;;;d15b6ac0040bdac379bafeab06996f93;;0;1-2;TAITO;0,40;;wor;;;;;./media/image/Superman-bezel.png;;./media/image/Superman-boxart.png;;./media/image/Superman-bezel.png;./media/fanart/Superman-fanart.jpg;;;./media/manuals/Superman_(us).pdf;;./media/image/Superman-marquee.png;;./media/image/Superman-wheelround.png;./media/screenshots/Superman-screenshot.png;./media/image/Superman-titleshot.png;./media/image/Superman-boxart.png;./media/videos/Superman-video.mp4;./media/image/Superman-marquee.png;./media/image/Superman-wheelround.png
./Superpac.zip;SUPER PAC-MAN;false;1982/01/01;;false;;;;;;false;;0;;0;;false;;;;;0;;NAMCO;;;;;;;;;;;;;;;;;;;;;;;;;;
./Superpcn.zip;SUPERPCN;false;;;false;;;;;;false;;0;;0;;false;;;;;0;;;;;;;;;;;;;;;;;;;;;;;;;;;;
./Superqix.zip;SUPERQIX;false;;;false;;;;;;false;;0;;0;;false;;;;;0;;;;;;;;;;;;;;;;;;;;;;;;;;;;
./Suprmatk.zip;SUPER MISSILE ATTACK (FOR REV 1);false;1981/01/01;;false;;CLONE OF : MISSILE (SUPER MISSILE ATTACK (FOR REV 1));;;;false;;0;;0;;false;;;;;0;;ATARI / GENERAL COMPUTER CORPORATION;;;;;;; Clone Of : missile -> Super Missile Attack (for rev 1);;;;;;;;;;;;;;;;;;;
./Suprmrio.zip;SUPRMRIO;false;19860101T000000;nintendo;false;;JOGO DE PLATAFORMA HORIZONTAL CLÁSSICO E CULT COM O MASCOTE DA NINTENDO, MARIO, QUE DEVE SALVAR A PRINCESA TOADSTOOL (PRINCESA PEACH NO JAPÃO) DE BOWSER (KOOPA NO JAPÃO).;NINTENDO;;;false;43449;0;PLATAFORMA, PLATAFORMA / CORRE E PULA;257;8A852A50;false;;;887e192bca727da717c09a074c5c8133;;0;1-2;NINTENDO;0,80;;wor;;;;;./media/image/Suprmrio-bezel.png;./media/image/Suprmrio-boxback.png;./media/image/Suprmrio-boxart.png;;./media/image/Suprmrio-bezel.png;./media/fanart/Suprmrio-fanart.jpg;;;./media/manuals/Suprmrio_(us).pdf;;./media/image/Suprmrio-marquee.png;;./media/image/Suprmrio-wheelround.png;./media/screenshots/Suprmrio-screenshot.png;./media/image/Suprmrio-titleshot.png;./media/image/Suprmrio-boxart.png;./media/videos/Suprmrio-video.mp4;./media/image/Suprmrio-marquee.png;./media/image/Suprmrio-wheelround.png
./Sutapper.zip;TAPPER (SUNTORY);false;1983/01/01;;false;;CLONE OF : TAPPER (TAPPER (SUNTORY));;;;false;;0;;0;;false;;;;;0;;BALLY MIDWAY;;;;;;; Clone Of : tapper -> Tapper (Suntory);;;;;;;;;;;;;;;;;;;
./Suzuka8h.zip;SUZUKA8H;false;19920101T000000;namco;false;;UM EXCELENTE JOGO DE MOTOS DA NAMCO.;NAMCO;;;false;43464;0;CORRIDA, PILOTAGEM, CORRIDA DE MOTO EM 3ª PESSOA;1537;939BE6F9;false;;;4ee129d4893d4bb9168d1d55fa590c19;;0;1;NAMCO;0,60;;wor;;;;;;;./media/image/Suzuka8h-boxart.png;;;./media/fanart/Suzuka8h-fanart.jpg;;;;;./media/image/Suzuka8h-marquee.png;;./media/image/Suzuka8h-wheelround.png;./media/screenshots/Suzuka8h-screenshot.png;./media/image/Suzuka8h-titleshot.png;./media/image/Suzuka8h-boxart.png;./media/videos/Suzuka8h-video.mp4;./media/image/Suzuka8h-marquee.png;./media/image/Suzuka8h-wheelround.png
./Svc Chaos - SNK Vs Capcom Plus.zip;SVC CHAOS - SNK VS CAPCOM PLUS;false;;;false;;;;;;false;;0;;0;;false;;;;;0;;;;;;;;;;;;;;;;;;;;;;;;;;;;
./Svc Chaos - SNK Vs Capcom.zip;SVC CHAOS - SNK VS CAPCOM;false;;;false;;;;;;false;;0;;0;;false;;;;;0;;;;;;;;;;;;;;;;;;;;;;;;;;;;
./Svc.zip;SVC;false;20031113T000000;snk;false;;SVC CHAOS: SNK VS CAPCOM PARA NEO GEO É UM JOGO DE LUTA COM OS GUERREIROS DAS DUAS FAMOSAS SÉRIES STREET FIGHTER E KING OF FIGHTERS. O JOGO OFERECE UM MODO ARCADE ONDE SE SEGUE A HISTÓRIA DE SEU HERÓI, ASSIM COMO OS MODOS VERSUS, CHALLENGE E SURVIVAL.;SNK PLAYMORE;;;false;13853;0;LUTA / VERSUS, LUTA;262;3B91C8B4;false;en;;fac6bc5aba96c488d98ba0320beed27c;Jogador individual;0;1-2;SNK PLAYMORE;0,80;;wor;;;;;./media/image/Svc-bezel.png;./media/image/Svc-boxback.png;./media/image/Svc-boxart.png;./media/image/Svc-cartridge.png;./media/image/Svc-bezel.png;./media/fanart/Svc-fanart.jpg;;;;;./media/image/Svc-marquee.png;;./media/image/Svc-wheelround.png;./media/screenshots/Svc-screenshot.png;./media/image/Svc-titleshot.png;./media/image/Svc-boxart.png;./media/videos/Svc-video.mp4;./media/image/Svc-marquee.png;./media/image/Svc-wheelround.png
./Svolley.zip;SVOLLEY;false;19890101T000000;midway;false;;SUPER VOLLEYBALL É UM JOGO DE ESPORTES EM TERMINAIS ARCADE. DEPENDENDO DA VERSÃO, VOCÊ JOGA PELA SELEÇÃO JAPONESA OU AMERICANA E TERÁ QUE ENFRENTAR CUBA, CHINA, URSS, ... O JOGO MOSTRA A QUADRA LATERAL E PERMITE ESCOLHER O TIPO DE SAQUE, BLOQUEIO, PASSE OU SMATCH A SER FEITO. QUANDO UM PONTO É MARCADO, O JOGADOR RESPONSÁVEL É MOSTRADO EM CLOSE, SOB APLAUSOS DA TORCIDA.;V-SYSTEM CO.;;;false;43470;0;ESPORTE, ESPORTE / VOLEIBOL;1538;5E400E14;false;;;3f1fe5556346a0344a96540bbd63c2ef;;0;1-2;V-SYSTEM CO.;0,40;;jp;;;;;;;;;./media/extras/Svolley-extra1.png;./media/fanart/Svolley-fanart.jpg;;;;;;;;./media/screenshots/Svolley-screenshot.png;./media/image/Svolley-titleshot.png;;./media/videos/Svolley-video.mp4;;
./Swimmer.zip;SWIMMER;false;19820101T000000;;false;;AVENTURE-SE NO RIACHO COLETANDO FRUTAS ENQUANTO EVITA VÁRIAS PRAGAS E OBSTÁCULOS LIGADOS À ÁGUA. COMA PÍLULAS DE PODER PARA ATACAR CRIATURAS.;TEHKAN;;;false;43477;0;ESPORTE, ESPORTE / NATAÇÃO;1538;4F96A5F8;false;;;c77160b83b18f93a643b034c70f9b8eb;;0;1-2;TEHKAN;0,60;;wor;;;;;;;;;;;;;;;;;;;;;;;
./Swimmera.zip;SWIMMERA;false;;;false;;;;;;false;;0;;0;;false;;;;;0;;;;;;;;;;;;;;;;;;;;;;;;;;;;
./Sws92.zip;SWS92;false;19920101T000000;namco;false;;ESTÁDIO SUPER MUNDIAL '92 (C) 1992 NAMCO.  - TÉCNICO - ID DO JOGO DE HARDWARE NAMCO SYSTEM 2: SSS CPU PRINCIPAL: (2X) 68000 (@ 12,288 MHZ), M6809 (@ 3,072 MHZ), HD63705 (@ 2,048 MHZ) CHIPS DE SOM: C140 (@ 21,39 KHZ), YM2151 (@ 3,57958 MHZ) JOGADORES: 2 CONTROLE:;;;;false;43481;0;ESPORTE, ESPORTE / BASEBALL;1538;3351476F;false;;;722a40e783c8cfd6b1bb787feabebf66;;0;1-2;NAMCO;0,60;;jp;;;;;;;./media/image/Sws92-boxart.png;;;;;;;;;;;./media/screenshots/Sws92-screenshot.png;./media/image/Sws92-titleshot.png;./media/image/Sws92-boxart.png;./media/videos/Sws92-video.mp4;;
./Sxevious.zip;SUPER XEVIOUS (NAMCO);false;1984/01/01;;false;;CLONE OF : XEVIOUS (SUPER XEVIOUS (NAMCO));;;;false;;0;;0;;false;;;;;0;;NAMCO;;;;;;; Clone Of : xevious -> Super Xevious (Namco);;;;;;;;;;;;;;;;;;;
./Szaxxon.zip;SUPER ZAXXON;false;1982/01/01;;false;;;;;;false;;0;;0;;false;;;;;0;;SEGA;;;;;;;;;;;;;;;;;;;;;;;;;;
./Tacscan.zip;TAC/SCAN;false;1982/01/01;;false;;;;;;false;;0;;0;;false;;;;;0;;SEGA;;;;;;;;;;;;;;;;;;;;;;;;;;
./Tankbatt.zip;TANKBATT;false;;;false;;;;;;false;;0;;0;;false;;;;;0;;;;;;;;;;;;;;;;;;;;;;;;;;;;
./Tapper.zip;TAPPER (BUDWEISER, 1/27/84);false;1983/01/01;;false;;;;;;false;;0;;0;;false;;;;;0;;BALLY MIDWAY;;;;;;;;;;;;;;;;;;;;;;;;;;
./Targ.zip;TARG;false;19800101T000000;exidy;false;;TARG É UM JOGO DE TIRO PARA 1 OU 2 JOGADORES LANÇADO PELA EXIDY EM 1980. SUA CIDADE É INVADIDA POR CAVALEIROS TARG, VOCÊ DEVE MANOBRAR O HERÓICO VEÍCULO WUMMEL PARA DESTRUÍ-LOS. DE TEMPOS EM TEMPOS, UM SPECTAR APARECE NA TELA E PODE SER DESTRUÍDO PARA OBTER BÔNUS EXTRAS. A ACÇÃO DECORRE NUMA GRELHA 9X9, 'CRYSTAL CITY', ONDE O VEÍCULO DO JOGADOR DEVE EVITAR E PERSEGUIR 10 VEÍCULOS INIMIGOS EM FORMA DE CUNHA. QUANDO TODOS OS INIMIGOS SÃO DESTRUÍDOS, VOCÊ RECEBE UM BÔNUS EXTRA E PODE ACESSAR O NÍVEL SEGUINTE. 2 JOGADORES PODEM ALTERNAR NO JOGO. VOCÊ USA UM JOYSTICK DE 4 DIREÇÕES PARA CONTROLAR O WUMMEL E UM BOTÃO PARA ATIRAR NOS INIMIGOS. PROGREDIR NA JOGABILIDADE FAZ COM QUE OS TARGS SE TORNEM MAIS RÁPIDOS E INTELIGENTES, PARA UMA JOGABILIDADE VELOZ E FURIOSA.;EXIDY;;;false;43520;0;AÇÃO / LABIRINTO, AÇÃO;258;C04C92F2;false;;;ce677601ae96c9a243404d4e80bb3433;;0;1-2;EXIDY;0,40;;wor;;;;;./media/image/Targ-bezel.png;;./media/image/Targ-boxart.png;;./media/image/Targ-bezel.png;;;;./media/manuals/Targ_(us).pdf;;./media/image/Targ-marquee.png;;./media/image/Targ-wheelround.png;./media/screenshots/Targ-screenshot.png;./media/image/Targ-titleshot.png;./media/image/Targ-boxart.png;./media/videos/Targ-video.mp4;./media/image/Targ-marquee.png;./media/image/Targ-wheelround.png
./Tazmania.zip;TAZZ-MANIA (SET 1);false;1982/01/01;;false;;;;;;false;;0;;0;;false;;;;;0;;STERN;;;;;;;;;;;;;;;;;;;;;;;;;;
./Tbyahhoo.zip;TBYAHHOO;false;19950101T000000;konami;false;;ABELHA GÊMEA YAHHO! DIFERE DA DETANA!! TWINBEE EM QUE O JOGADOR PODE AJUSTAR SEU ESTILO DE JOGO ANTES DE INICIAR O JOGO DE ACORDO COM SUA PREFERÊNCIA. O JOGADOR COMEÇA ESCOLHENDO ENTRE TRÊS NÍVEIS DE DIFICULDADE: PRÁTICA, NORMAL E ESPECIAL. O PERCURSO PRÁTICO É O CENÁRIO MAIS FÁCIL DO JOGO E DURA APENAS TRÊS ETAPAS, ENQUANTO O PERCURSO ESPECIAL É O CENÁRIO MAIS DIFÍCIL E É RECOMENDADO PARA JOGADORES EXPERIENTES. O JOGADOR ENTÃO SELECIONARÁ ENTRE QUATRO TIROS CARREGADOS DIFERENTES. O CHARGE SHOT NORMAL DE DETANA! TWINBEE É SELECIONÁVEL, JUNTO COM UM CHARGE PUNCH, UM CHARGE SPLIT (QUE FARÁ COM QUE A NAVE DO JOGADOR ATIRE DUPLICATAS DE SI MESMA) E UMA CHARGE EXPLOSION QUE DISPARA EM OITO DIREÇÕES AO MESMO TEMPO. O JOGADOR ESCOLHERÁ ENTÃO ENTRE DOIS ESTILOS DE CONTROLE: UM QUE DISPARA A ARMA COM UM BOTÃO E SOLTA BOMBAS COM O SEGUNDO, ENQUANTO O OUTRO ESTILO ATIRA E SOLTA A BOMBA AO MESMO TEMPO COM UM ÚNICO BOTÃO (QUALQUER BOTÃO PODE SER USADO). COMO NOS JOGOS TWIN BEE ANTERIORES, EXISTEM DOIS TIPOS DE POWER-UPS: POWER-UPS DE SINO OBTIDOS DO CÉU E POWER-UPS TERRESTRES QUE PODEM SER RECUPERADOS AO DESTRUIR INIMIGOS TERRESTRES. OS SINOS PODEM SER ALTERADOS PARA ATÉ SEIS CORES DESTA VEZ (AMARELO, AZUL, BRANCO, VERDE, VERMELHO E ROSA), CADA UM COM UM ATRIBUTO ÚNICO. GWINBEE RETORNA JUNTO COM UM ITEM DE POWER-UP, JUNTO COM OS ATAQUES GÊMEOS QUE PODEM SER REALIZADOS COM GWINBEE OU OUTRO JOGADOR.;KONAMI;;;false;43529;0;SHOOT'EM UP / VERTICAL, SHOOT'EM UP;260;BF3CD3B1;false;;;67e0b105287288d85d25e0f2078fd5f4;;0;1-2;KONAMI;0,80;;wor;;;;;;;./media/image/Tbyahhoo-boxart.png;;;;;;;;./media/image/Tbyahhoo-marquee.png;;./media/image/Tbyahhoo-wheelround.png;./media/screenshots/Tbyahhoo-screenshot.png;./media/image/Tbyahhoo-titleshot.png;./media/image/Tbyahhoo-boxart.png;./media/videos/Tbyahhoo-video.mp4;./media/image/Tbyahhoo-marquee.png;./media/image/Tbyahhoo-wheelround.png
./Tecmo World Soccer '96.zip;TECMO WORLD SOCCER '96;false;;;false;;;;;;false;;0;;0;;false;;;;;0;;;;;;;;;;;;;;;;;;;;;;;;;;;;
./Tecmowcm.zip;TECMOWCM;false;20000101T000000;tecmo;false;;UMA ATUALIZAÇÃO TÉCNICA PARA A TECMO WORLD CUP '98, A TECMO WORLD CUP MILLENIUM APRESENTA MELHORES ANIMAÇÕES, MAIS MOVIMENTOS E UMA TAXA DE QUADROS MAIS SUAVE DO QUE O ESFORÇO ANTERIOR DA TECMO. QUALQUER UMA DAS DEZESSEIS SELEÇÕES NACIONAIS DISPONÍVEIS PODE SER SELECIONADA PELO JOGADOR, O OPONENTE NÃO PODE SER ESCOLHIDO MANUALMENTE SE FOR CONTROLADO PELA IA. O JOGO EM SI PERMITE APENAS MOVIMENTOS BÁSICOS COMO PASSES, CHUTES E DESLIZAMENTOS LATERAIS DURANTE A DEFESA. NÃO HÁ GERENCIAMENTO DE EQUIPE OU ESTRATÉGIA DISPONÍVEL E NÃO HÁ OPÇÕES DE REGRAS E CONDIÇÕES DO JOGO.;TECMO;;;false;43543;0;ESPORTE, ESPORTE / FUTEBOL;1538;379EF2CC;false;;;6f46dbfe55b80d2a734e50227598922c;;0;1-2;TECMO;0,80;;jp;;;;;;;;;./media/extras/Tecmowcm-extra1.png;;;;;;;;;./media/screenshots/Tecmowcm-screenshot.png;./media/image/Tecmowcm-titleshot.png;;./media/videos/Tecmowcm-video.mp4;;
./Tehkanwc.zip;TEHKANWC;false;19850101T000000;;false;;COPA DO MUNDO DE TEHKAN, TAMBÉM CONHECIDA COMO. TECMO CUP É O PRIMEIRO JOGO DE FUTEBOL MULTIJOGADOR COM CONTROLE DE TRACKBALL. PROGRAMADO POR MICHISHITO ISHIZUKA, FOI LANÇADO PARA FLIPERAMAS EM 1985 PELA TEHKAN, LTD., ANTIGO NOME DA TECMO, INC. SUA CHEGADA COINCIDIU COM A PREPARAÇÃO PARA A COPA DO MUNDO FIFA DE 1986. APRESENTAVA AS CORES DE VÁRIOS DOS PRINCIPAIS TIMES DO MUNDO, COMO ALEMANHA OCIDENTAL, ARGENTINA E BRASIL, EMBORA NÃO MENCIONASSE O NOME DE NENHUM TIME.;TEHKAN;;;false;43547;0;ESPORTE, ESPORTE / FUTEBOL;1538;72D3F0B5;false;;;d19dadd96b40382bcb5ee94f0b42df75;;0;1-2;TECMO;0,40;;wor;;;;;;;./media/image/Tehkanwc-boxart.png;;;./media/fanart/Tehkanwc-fanart.jpg;;;./media/manuals/Tehkanwc_(wor).pdf;;./media/image/Tehkanwc-marquee.png;;./media/image/Tehkanwc-wheelround.png;./media/screenshots/Tehkanwc-screenshot.png;./media/image/Tehkanwc-titleshot.png;./media/image/Tehkanwc-boxart.png;./media/videos/Tehkanwc-video.mp4;./media/image/Tehkanwc-marquee.png;./media/image/Tehkanwc-wheelround.png
./Tekken3.zip;TEKKEN3;false;19970320T000000;namco;false;;OS 19 LUTADORES MAIS DIFÍCEIS DO MUNDO ENTRAM NO TORNEIO KING OF IRON FIST 3, PARA DERROTAR HEIHACHI E OGRE, QUE LEVOU AS ALMAS DE MUITOS DOS MAIORES LUTADORES DO MUNDO PARA ADOTAR SEU PRÓPRIO ESTILO DE LUTA. CADA PERSONAGEM TEM SUA PRÓPRIA AMBIÇÃO DE VENCER O TORNEIO. UM JOGO TOTALMENTE 3-D COM UM CONCEITO DE LUTA UM A UM.;NAMCO;;;false;43551;0;LUTA / 2.5D, LUTA, LUTA / VERSUS;262;24F295C4;false;;;eb95579a3c12c825fab0cb08f4008a12;;0;1-2;NAMCO;0,80;;wor;;;;;./media/image/Tekken3-bezel.png;;./media/image/Tekken3-boxart.png;;./media/image/Tekken3-bezel.png;./media/fanart/Tekken3-fanart.jpg;;;./media/manuals/Tekken3-manual.pdf;;./media/image/Tekken3-marquee.png;;./media/image/Tekken3-wheelround.png;./media/screenshots/Tekken3-screenshot.jpg;./media/image/Tekken3-titleshot.png;./media/image/Tekken3-boxart.png;./media/videos/Tekken3-video.mp4;./media/image/Tekken3-marquee.png;./media/image/Tekken3-wheelround.png
./Tektagt.zip;TEKTAGT;false;19990701T000000;namco;false;;O TEKKEN TAG TOURNAMENT É UM TORNEIO IRON FIST 'DREAM MATCH', E NÃO TEM UM ENREDO ADEQUADO PARA A LINHA DO TEMPO DA HISTÓRIA TEKKEN. O JOGO É UMA VERSÃO APRIMORADA DO TEKKEN 3, INCLUINDO UM NOVO RECURSO TAG - ONDE O JOGADOR SELECIONA DOIS LUTADORES E PODE ALTERNAR ENTRE OS PERSONAGENS DURANTE O JOGO E REALIZAR COMBOS DE TAG-TEAM. O PRIMEIRO LADO A TER UM PERSONAGEM NOCAUTEADO É O PERDEDOR. A LISTA DE PERSONAGENS INCLUI QUASE (SE NÃO TODOS) OS PERSONAGENS DE TODOS OS 3 JOGOS ANTERIORES.;NAMCO;;;false;43554;0;LUTA / 2.5D, LUTA, LUTA / VERSUS;262;BA471EE3;false;;;7ea7a3a6cd196ed3a37272bd11848e1d;;0;1-2;NAMCO;0,80;;wor;;;;;./media/image/Tektagt-bezel.png;;./media/image/Tektagt-boxart.png;;./media/image/Tektagt-bezel.png;./media/fanart/Tektagt-fanart.jpg;;;./media/manuals/Tektagt-manual.pdf;;./media/image/Tektagt-marquee.png;;./media/image/Tektagt-wheelround.png;./media/screenshots/Tektagt-screenshot.png;./media/image/Tektagt-titleshot.png;./media/image/Tektagt-boxart.png;./media/videos/Tektagt-video.mp4;./media/image/Tektagt-marquee.png;./media/image/Tektagt-wheelround.png
./Tempest.zip;TEMPEST (REV 3, REVISED HARDWARE);false;1980/01/01;;false;;;;;;false;;0;;0;;false;;;;;0;;ATARI;;;;;;;;;;;;;;;;;;;;;;;;;;
./Temptube.zip;TEMPEST TUBES;false;1980/01/01;;false;;CLONE OF : TEMPEST (TEMPEST TUBES);;;;false;;0;;0;;false;;;;;0;;HACK (DUNCAN BROWN);;;;;;; Clone Of : tempest -> Tempest Tubes;;;;;;;;;;;;;;;;;;;
./Tengai.zip;TENGAI;false;19960101T000000;psikyo;false;;EXCELENTE SHOOT'EM UP HORIZONTAL COM 5 PERSONAGENS SELECIONÁVEIS ​​​​??QUE TÊM SEU PRÓPRIO ENREDO E FINAL.  O TÍTULO DESTE JOGO SE TRADUZ DO JAPONÊS COMO "ALÉM DOS CÉUS".  ESTE JOGO É CONHECIDO NO JAPÃO COMO "SENGOKU BLADE - SENGOKU ACE EPISÓDIO II", QUE SIGNIFICA LITERALMENTE "LÂMINA DA GUERRA CIVIL - CIVIL WAR ACE EPISÓDIO II";PSIKYO;;;false;43557;0;SHOOT'EM UP / HORIZONTAL, SHOOT'EM UP;260;DA750992;false;;;b9fe4e0616d95ca26ab6e120c45d33fc;;0;1-2;PSIKYO;0,60;;wor;;;;;./media/image/Tengai-bezel.png;;./media/image/Tengai-boxart.png;;./media/image/Tengai-bezel.png;./media/fanart/Tengai-fanart.jpg;;;;;./media/image/Tengai-marquee.png;;./media/image/Tengai-wheelround.png;./media/screenshots/Tengai-screenshot.png;./media/image/Tengai-titleshot.png;./media/image/Tengai-boxart.png;./media/videos/Tengai-video.mp4;./media/image/Tengai-marquee.png;./media/image/Tengai-wheelround.png
./Tgmj.zip;TGMJ;false;19980101T000000;capcom;false;;A JOGABILIDADE DE TGMS É SEMELHANTE À DE OUTROS TETRIS. O JOGADOR DEVE MOVER E GIRAR OS TETRAMINOS QUE CAEM PARA FORMAR LINHAS HORIZONTAIS QUE, UMA VEZ COMPLETADAS, SÃO ELIMINADAS. DURANTE O JOGO, O JOGO AUTOMATICAMENTE ATRIBUI UMA CLASSIFICAÇÃO AO JOGADOR COM BASE EM SUA PONTUAÇÃO. A PARTIR DAS 9 HORAS, O JOGADOR PODE ATINGIR A CLASSIFICAÇÃO MÁXIMA DE GM (GRANDE MESTRE).;ARIKA;;;false;43581;0;QUEBRA-CABEÇAS, QUEBRA-CABEÇAS / QUEDA;2816;AA085F54;false;;;d216f58ef4ee520df154c180611bab7c;;0;1-2;CAPCOM;0,80;;jp;;;;;./media/image/Tgmj-bezel.png;;;;./media/image/Tgmj-bezel.png;./media/fanart/Tgmj-fanart.jpg;;;;;;;;./media/screenshots/Tgmj-screenshot.png;./media/image/Tgmj-titleshot.png;;./media/videos/Tgmj-video.mp4;;
./Theend.zip;THE END;false;1980/01/01;;false;;;;;;false;;0;;0;;false;;;;;0;;KONAMI;;;;;;;;;;;;;;;;;;;;;;;;;;
./Thepit.zip;THE PIT;false;1982/01/01;;false;;;;;;false;;0;;0;;false;;;;;0;;ZILEC ELECTRONICS;;;;;;;;;;;;;;;;;;;;;;;;;;
./Thrash Rally.zip;THRASH RALLY;false;;;false;;;;;;false;;0;;0;;false;;;;;0;;;;;;;;;;;;;;;;;;;;;;;;;;;;
./Three Wonders.zip;THREE WONDERS;false;;;false;;;;;;false;;0;;0;;false;;;;;0;;;;;;;;;;;;;;;;;;;;;;;;;;;;
./Thunderj.zip;THUNDERJ;false;19900101T000000;atari;false;;VOCÊ JOGA COMO UM AGENTE SECRETO, MEMBRO DA UNIDADE DE FORÇAS ESPECIAIS SUBAQUÁTICAS, SELECIONADO PARA SE INFILTRAR NA SEDE SECRETA DE MADAME Q E IMPEDIR SEUS PLANOS MALIGNOS ANTES QUE ELA DESTRUA O MUNDO.  NOS NÍVEIS VOCÊ DEVE ENFRENTAR UMA VARIEDADE DE INIMIGOS, COMO TUBARÕES MECÂNICOS, MUTANTES, MERGULHADORES INIMIGOS E TORRES DE TIRO SUBAQUÁTICAS. OUTRAS CENAS INCLUEM LOCAIS DE PLATAFORMA DE ROLAGEM LATERAL, VOCÊ DEVE SALVAR OS REFÉNS ENQUANTO ENCONTRA ARMAS, POWER-UPS E SAÚDE AO LONGO DO CAMINHO PARA MAIS TARDE ENFRENTAR CHEFES DO MAL NO FINAL DE CADA NÍVEL.;ATARI;;;false;43605;0;TIRO, TIRO / HORIZONTAL;260;965688F3;false;;;18133d528d15f47488a806b3bf1a519f;;0;1-2;ATARI;0,60;;wor;;;;;./media/image/Thunderj-bezel.png;;;;./media/image/Thunderj-bezel.png;./media/fanart/Thunderj-fanart.jpg;;;./media/manuals/Thunderj-manual.pdf;;./media/image/Thunderj-marquee.png;;./media/image/Thunderj-wheelround.png;./media/screenshots/Thunderj-screenshot.png;./media/image/Thunderj-titleshot.png;;./media/videos/Thunderj-video.mp4;./media/image/Thunderj-marquee.png;./media/image/Thunderj-wheelround.png
./Thundfox.zip;THUNDFOX;false;19900101T000000;taito;false;;O MUNDO ESTÁ SENDO INVADIDO POR TERRORISTAS! NÃO SE PREOCUPE, JÁ QUE DOIS SUPERSOLDADOS ESTÃO EMPENHADOS EM ACABAR COM ESTA AMEAÇA. APRESENTA BONS GRÁFICOS E SOM, JUNTO COM AÇÃO SÓLIDA NO ESTILO "ROLLING THUNDER" DE ROLAGEM LATERAL, BEM COMO ALGUNS ESTÁGIOS DE TIRO DE ROLAGEM LATERAL PARA MISTURAR AS COISAS.;TAITO;;;false;43608;0;PLATAFORMA, PLATAFORMA / COMBATE COM ROLAGEM;257;1A8E5E12;false;;;4ecc73b132ccdac623a3ecb14069eaf6;;0;1-2;TAITO;0,60;;wor;;;;;;;./media/image/Thundfox-boxart.png;;;./media/fanart/Thundfox-fanart.jpg;;;;;./media/image/Thundfox-marquee.png;;./media/image/Thundfox-wheelround.png;./media/screenshots/Thundfox-screenshot.png;./media/image/Thundfox-titleshot.png;./media/image/Thundfox-boxart.png;./media/videos/Thundfox-video.mp4;./media/image/Thundfox-marquee.png;./media/image/Thundfox-wheelround.png
./Tigeroad.zip;TIGER ROAD (US);false;1987/01/01;;false;;;;;;false;;0;;0;;false;;;;;0;;CAPCOM;;;;;;;;;;;;;;;;;;;;;;;;;;
./Timber.zip;TIMBER;false;1984/01/01;;false;;;;;;false;;0;;0;;false;;;;;0;;BALLY MIDWAY;;;;;;;;;;;;;;;;;;;;;;;;;;
./Timecrisa.zip;TIMECRISA;false;19950101T000000;namco;false;;UM EXCELENTE JOGO DE ARMAS LEVES EM QUE O JOGADOR ASSUME O PAPEL DE UM MERCENÁRIO SOLITÁRIO QUE DEVE RESGATAR A FILHA DO PRESIDENTE, RACHEL, DAS GARRAS DO MALVADO 'SHERUDO' E SUA GANGUE TERRORISTA. O JOGO LEVA O JOGADOR AO REDOR DO PENHASCO DE SHERUDO, O ESCONDERIJO DO CASTELO. COMO SUGERE O TÍTULO DO JOGO, O TEMPO É UM DOS MAIORES INIMIGOS DO JOGADOR, POIS CADA ÁREA DEVE SER LIMPA DENTRO DE UM LIMITE DE TEMPO ESTRITO. OCASIONALMENTE, PORÉM, O TEMPO EXTRA É CONCEDIDO QUANDO ALGUNS DOS SOLDADOS INIMIGOS MAIS PODEROSOS SÃO MORTOS. O JOGO OFERECE AO JOGADOR DOIS MODOS DE JOGO DIFERENTES:  MODO HISTÓRIA: O JOGADOR DEVE DERROTAR TODOS OS INIMIGOS DO NÍVEL PARA AVANÇAR PARA O PRÓXIMO NÍVEL. TIME ATTACK: O JOGADOR SELECIONA UMA DAS QUATRO FASES E DEVE DERROTAR TODOS OS INIMIGOS NO TEMPO PERMITIDO. O JOGADOR RECEBE VIDAS ILIMITADAS NESTE MODO, MAS LUTA CONSTANTEMENTE CONTRA UM LIMITE DE TEMPO MUITO APERTADO.;NAMCO;;;false;43615;0;TIRO, TIRO COM LIGHTGUN;261;FA2D9238;false;;;ad8242f2c51b54f9c73dbaed225fe70c;;0;1;NAMCO;0,60;;wor;;;;;;./media/image/Timecrisa-boxback.png;./media/image/Timecrisa-boxart.png;;;./media/fanart/Timecrisa-fanart.jpg;;;;;./media/image/Timecrisa-marquee.png;;./media/image/Timecrisa-wheelround.png;./media/screenshots/Timecrisa-screenshot.png;./media/image/Timecrisa-titleshot.png;./media/image/Timecrisa-boxart.png;./media/videos/Timecrisa-video.mp4;./media/image/Timecrisa-marquee.png;./media/image/Timecrisa-wheelround.png
./Timeplt.zip;TIME PILOT;false;1982/01/01;;false;;;;;;false;;0;;0;;false;;;;;0;;KONAMI;;;;;;;;;;;;;;;;;;;;;;;;;;
./Timetunl.zip;TIMETUNL;false;19820101T000000;taito;false;;TIME TUNNEL É UM JOGO DE AÇÃO LANÇADO PELA TAITO EM 1982. PASSE PELOS OBJETIVOS DE CADA FASE E DEPOIS PASSE PELO TÚNEL DO TEMPO! CONECTAR VAGÕES DE TREM, PEGAR PASSAGEIROS E TRANSPORTÁ-LOS PARA A...ESTAÇÃO ESPACIAL?! MUDE HABILMENTE OS PONTOS DA FERROVIA PARA MANOBRAR O TREM, EVITANDO QUAISQUER OBSTÁCULOS.;TAITO;;;false;43624;0;AÇÃO / LABIRINTO, AÇÃO;258;ECC38EEF;false;;;0ee58b60487beda56b9d306c87d657ec;;0;1-2;TAITO;0,40;;wor;;;;;;;./media/image/Timetunl-boxart.png;;;;;;;;./media/image/Timetunl-marquee.png;;./media/image/Timetunl-wheelround.png;./media/screenshots/Timetunl-screenshot.png;./media/image/Timetunl-titleshot.png;./media/image/Timetunl-boxart.png;./media/videos/Timetunl-video.mp4;./media/image/Timetunl-marquee.png;./media/image/Timetunl-wheelround.png
./Tinstar.zip;TINSTAR;false;19830101T000000;taito;false;;NO THE TIN STAR, UM JOGO DE TIRO EM TELA ÚNICA, O HERÓI ZEKE VAI À CIDADE PARA PROTEGER OS CIDADÃOS QUE CUMPREM AS LEIS DE BANDIDOS E VARMITOS. DE UM TIROTEIO NA RUA, UMA EMBOSCADA NO SALÃO, UMA BRIGA NO CURRAL, A RODADA DE BÔNUS NO DESERTO ABERTO, ONDE O SOLITÁRIO HOMEM DA LEI ZEKE PODE DOBRAR SUA PONTUAÇÃO ATIRANDO EM UM HOMBRE DO CAVALO. O TIN STAR É UM JOGO DE TIRO COMPLICADO, ONDE VOCÊ TEM QUE SE ESQUIVAR E ATIRAR DE LADO E PARA CIMA PARA LIMPAR VÁRIAS TELAS DE BANDIDOS.;TAITO;;;false;43626;0;TIRO, TIRO / TIRO EM 3ª PESSOA;256;14CA5D5C;false;;;89d83cc63580d76ea9844001a554dcb5;;0;1-2;TAITO;0,60;;wor;;;;;./media/image/Tinstar-bezel.png;;./media/image/Tinstar-boxart.png;;./media/image/Tinstar-bezel.png;;;;;;./media/image/Tinstar-marquee.png;;./media/image/Tinstar-wheelround.png;./media/screenshots/Tinstar-screenshot.png;./media/image/Tinstar-titleshot.png;./media/image/Tinstar-boxart.png;./media/videos/Tinstar-video.mp4;./media/image/Tinstar-marquee.png;./media/image/Tinstar-wheelround.png
./Tiptop.zip;TIP TOP;false;1983/01/01;;false;;CLONE OF : CONGO (TIP TOP);;;;false;;0;;0;;false;;;;;0;;SEGA;;;;;;; Clone Of : congo -> Tip Top;;;;;;;;;;;;;;;;;;;
./Tmht.zip;TEENAGE MUTANT HERO TURTLES (UK 4 PLAYERS, VERSION F);false;1989/01/01;;false;;CLONE OF : TMNT (TEENAGE MUTANT HERO TURTLES (UK 4 PLAYERS, VERSION F));;;;false;;0;;0;;false;;;;;0;;KONAMI;;;;;;; Clone Of : tmnt -> Teenage Mutant Hero Turtles (UK 4 Players, version F);;;;;;;;;;;;;;;;;;;
./Tmnt22p.zip;TMNT22P;false;19910918T000000;konami;false;;A SEQUÊNCIA DO ENORME SUCESSO ORIGINAL DE 1989, 'TURTLES IN TIME', MAIS UMA VEZ VÊ OS QUATRO HERÓIS ENFRENTANDO SHREDDER E SEU EXÉRCITO. A JOGABILIDADE PERMANECE SEMELHANTE AO JOGO ORIGINAL, MAS A EXPERIÊNCIA É APRIMORADA AINDA MAIS COM OS GRÁFICOS E EFEITOS SONOROS OBRIGATÓRIOS. 'TURTLES IN TIME' TAMBÉM APRESENTA UMA VARIEDADE MAIOR DE NÍVEIS, JÁ QUE A BATALHA ENTRE O BEM E O MAL SE ENFURECE AO LONGO DO TEMPO, ENQUANTO AS TARTARUGAS VIAJAM PARA OS TEMPOS PRÉ-HISTÓRICOS, PIRATAS E DO VELHO OESTE, EM BUSCA DO ESQUIVO SPLINTER. MAIS UMA VEZ, O DOMÍNIO DA KONAMI SOBRE O GÊNERO ESTAVA EM EVIDÊNCIA, POIS A ENERGIA E O HUMOR MANÍACOS DAS SÉRIES DE DESENHOS ANIMADOS E HISTÓRIAS EM QUADRINHOS NAS QUAIS O JOGO SE BASEIA FORAM CAPTURADOS PERFEITAMENTE.;KONAMI;;;false;43646;0;BRIGA DE RUA;263;10988F05;false;;;573ac99a4986beb8cea3ea6bf2703524;;0;1-4;KONAMI;0,80;;wor;;;;;./media/image/Tmnt22p-bezel.png;;./media/image/Tmnt22p-boxart.png;;./media/image/Tmnt22p-bezel.png;./media/fanart/Tmnt22p-fanart.jpg;;;./media/manuals/Tmnt22p_(us).pdf;;./media/image/Tmnt22p-marquee.png;;./media/image/Tmnt22p-wheelround.png;./media/screenshots/Tmnt22p-screenshot.png;./media/image/Tmnt22p-titleshot.png;./media/image/Tmnt22p-boxart.png;./media/videos/Tmnt22p-video.mp4;./media/image/Tmnt22p-marquee.png;./media/image/Tmnt22p-wheelround.png
./Tnzs.zip;TNZS;false;19880101T000000;taito;false;;SITUADO NO PAÍS ANTÍPODA DO TÍTULO DO JOGO, THE NEW ZEALAND STORY É UM JOGO DE PLATAFORMA DE ROLAGEM EM OITO DIREÇÕES COM TIKI, O PÁSSARO KIWI. TIKI E SEUS AMIGOS FORAM SEQUESTRADOS PELO MALVADO 'WALLY', UMA GRANDE FOCA LEOPARDO AZUL QUE QUER OS PÁSSAROS PARA SUA PRÓXIMA REFEIÇÃO. TIKI ESCAPA RAPIDAMENTE E COMEÇA A RESGATAR SEUS AMIGOS PRESOS.   AS FASES DO JOGO SÃO COMPOSTAS POR PLATAFORMAS COM UM PÁSSARO KIWI ENJAULADO AGUARDANDO RESGATE AO FINAL DE CADA UMA. TOCAR NA GAIOLA LIBERA O KIWI PRESO E UMA JANELA ABERTA APARECE, INDICANDO A CONCLUSÃO DA FASE.;TAITO;;;false;43651;0;PLATAFORMA, PLATAFORMA / CORRE E PULA COM ROLAGEM;257;A298E6FC;false;;;1412716ae5b63b17817b62b28086181f;;0;1-2;TAITO;0,80;;wor;;;;;./media/image/Tnzs-bezel.png;;./media/image/Tnzs-boxart.png;;./media/image/Tnzs-bezel.png;./media/fanart/Tnzs-fanart.jpg;;;./media/manuals/Tnzs_(wor).pdf;;./media/image/Tnzs-marquee.png;;./media/image/Tnzs-wheelround.png;./media/screenshots/Tnzs-screenshot.png;./media/image/Tnzs-titleshot.png;./media/image/Tnzs-boxart.png;./media/videos/Tnzs-video.mp4;./media/image/Tnzs-marquee.png;./media/image/Tnzs-wheelround.png
./Tnzs2.zip;TNZS2;false;;;false;;;;;;false;;0;;0;;false;;;;;0;;;;;;;;;;;;;;;;;;;;;;;;;;;;
./Todruaga.zip;THE TOWER OF DRUAGA (NEW VER.);false;1984/01/01;;false;;;;;;false;;0;;0;;false;;;;;0;;NAMCO;;;;;;;;;;;;;;;;;;;;;;;;;;
./Toki.zip;TOKI;false;19890101T000000;;false;;TOKI, CONHECIDO NO JAPÃO COMO JUJU DENSETSU, É UM JOGO DE ARCADE DE PLATAFORMAS DE 1989, OU "RUN AND GUN", DESENVOLVIDO E PUBLICADO NO JAPÃO PELA TAD CORPORATION E PUBLICADO NA AMÉRICA DO NORTE PELA FABTEK. CARACTERIZA ELEMENTOS DO HUMOR EXPLÍCITO COMBINADOS COM A AÇÃO. O JOGADOR ASSUME O CONTROLE DE UM MACACO ENCANTADO QUE DEVE COMBATER HORDAS DE MONSTROS DA SELVA COM BOLAS DE ENERGIA DE SUA BOCA (DESCRITAS COM HUMOR COMO "CUSPE DE MACACO" OU "VÔMITO DE MACACO" POR ALGUNS JOGADORES). O OBJETIVO FINAL É DESTRUIR O MAGO MALIGNO QUE LANÇOU UM FEITIÇO EM VOCÊ, TRANSFORMANDO-SE DE UM MACACO DE VOLTA EM HUMANO E RESGATANDO A PRINCESA SEQUESTRADA. O JOGO FOI PORTADO PARA VÁRIOS CONSOLES DE VIDEOGAME E COMPUTADORES DOMÉSTICOS.;TAD;;;false;43656;0;PLATAFORMA, PLATAFORMA / TIRO COM ROLAGEM;257;94F11F9A;false;;;117d257668ad8dd1a3949fe69f244c6a;;0;1-2;TAD;0,80;;wor;;;;;./media/image/Toki-bezel.png;;./media/image/Toki-boxart.png;;./media/image/Toki-bezel.png;./media/fanart/Toki-fanart.jpg;;;./media/manuals/Toki-manual.pdf;;./media/image/Toki-marquee.png;;./media/image/Toki-wheelround.png;./media/screenshots/Toki-screenshot.png;./media/image/Toki-titleshot.png;./media/image/Toki-boxart.png;./media/videos/Toki-video.mp4;./media/image/Toki-marquee.png;./media/image/Toki-wheelround.png
./Toobin.zip;TOOBIN' (REV 3);false;1988/01/01;;false;;;;;;false;;0;;0;;false;;;;;0;;ATARI GAMES;;;;;;;;;;;;;;;;;;;;;;;;;;
./Top Golf.zip;TOP GOLF;false;;;false;;;;;;false;;0;;0;;false;;;;;0;;;;;;;;;;;;;;;;;;;;;;;;;;;;
./Top Hunter - Roddy & Cathy.zip;TOP HUNTER - RODDY & CATHY;false;;;false;;;;;;false;;0;;0;;false;;;;;0;;;;;;;;;;;;;;;;;;;;;;;;;;;;
./Top Player's Golf.zip;TOP PLAYER'S GOLF;false;;;false;;;;;;false;;0;;0;;false;;;;;0;;;;;;;;;;;;;;;;;;;;;;;;;;;;
./Topsecex.zip;TOPSECEX;false;19860101T000000;exidy;false;;DIRIJA SEU VEÍCULO ESPIÃO PELO TERRITÓRIO INIMIGO, DESTRUINDO UNIDADES E OBSTÁCULOS INIMIGOS COM UM GRANDE ARSENAL DE ARMAS DIFERENTES. ARMAS EXTRAS PODEM SER ADQUIRIDAS DURANTE O JOGO.;CAPCOM;;;false;43678;0;TIRO, CORRIDA, PILOTAGEM;1537;6839DA1F;false;;;d1cf5a82ce57ae79245308b1b5675963;;0;1;EXIDY;0,60;;wor;;;;;;;./media/image/Topsecex-boxart.png;;;;;;./media/manuals/Topsecex-manual.pdf;;./media/image/Topsecex-marquee.png;;./media/image/Topsecex-wheelround.png;./media/screenshots/Topsecex-screenshot.png;./media/image/Topsecex-titleshot.png;./media/image/Topsecex-boxart.png;./media/videos/Topsecex-video.mp4;./media/image/Topsecex-marquee.png;./media/image/Topsecex-wheelround.png
./Tornbase.zip;TORNBASE;false;;;false;;;;;;false;;0;;0;;false;;;;;0;;;;;;;;;;;;;;;;;;;;;;;;;;;;
./Totcarn.zip;TOTAL CARNAGE (REV LA1 03/10/92);false;1992/01/01;;false;;;;;;false;;0;;0;;false;;;;;0;;MIDWAY;;;;;;;;;;;;;;;;;;;;;;;;;;
./Toutrun.zip;TURBO OUT RUN (OUT RUN UPGRADE, FD1094 317-0118);false;1989/01/01;;false;;;;;;false;;0;;0;;false;;;;;0;;SEGA;;;;;;;;;;;;;;;;;;;;;;;;;;
./Toypop.zip;TOYPOP;false;1986/01/01;;false;;;;;;false;;0;;0;;false;;;;;0;;NAMCO;;;;;;;;;;;;;;;;;;./media/image/Toypop-marquee.png;;./media/image/Toypop-wheelround.png;;;;;./media/image/Toypop-marquee.png;./media/image/Toypop-wheelround.png
./Tp84.zip;TIME PILOT '84 (SET 1);false;1984/01/01;;false;;;;;;false;;0;;0;;false;;;;;0;;KONAMI;;;;;;;;;;;;;;;;;;;;;;;;;;
./Trackfld.zip;TRACK & FIELD;false;1983/01/01;;false;;;;;;false;;0;;0;;false;;;;;0;;KONAMI;;;;;;;;;;;;;;;;;;;;;;;;;;
./Tranqgun.zip;TRANQGUN;false;;;false;;;;;;false;;0;;0;;false;;;;;0;;;;;;;;;;;;;;;;;;;;;;;;;;;;
./Travrusa.zip;TRAVERSE USA / ZIPPY RACE;false;1983/01/01;;false;;;;;;false;;0;;0;;false;;;;;0;;IREM;;;;;;;;;;;;;;;;;;;;;;;;;;
./Triothep.zip;TRIO THE PUNCH - NEVER FORGET ME... (WORLD);false;1989/01/01;;false;;;;;;false;;0;;0;;false;;;;;0;;DATA EAST CORPORATION;;;;;;;;;;;;;;;;;;;;;;;;;;
./Triplep.zip;TRIPLE PUNCH (SET 1);false;1982/01/01;;false;;;;;;false;;0;;0;;false;;;;;0;;KKI;;;;;;;;;;;;;;;;;;;;;;;;;;
./Troangel.zip;TROPICAL ANGEL;false;1983/01/01;;false;;;;;;false;;0;;0;;false;;;;;0;;IREM;;;;;;;;;;;;;;;;;;;;;;;;;;
./Trog.zip;TROG (REV LA5 3/29/91);false;1990/01/01;;false;;;;;;false;;0;;0;;false;;;;;0;;MIDWAY;;;;;;;;;;;;;;;;;;./media/image/Trog-marquee.png;;./media/image/Trog-wheelround.png;;;;;./media/image/Trog-marquee.png;./media/image/Trog-wheelround.png
./Trojan.zip;TROJAN (US SET 1);false;1986/01/01;;false;;;;;;false;;0;;0;;false;;;;;0;;CAPCOM;;;;;;;;;;;;;;;;;;;;;;;;;;
./U.zip;U;false;;;false;;;;;;false;;0;;0;35D3ED11;false;;;1a6fbd0313aed73e86cee3e3bff17fc9;;0;;;;;;;;;;;;;;;;;;;;;;;;;;;;
./Vampire - The Night Warriors.zip;Vampire - The Night Warriors;false;;;false;;;;;;false;;0;;0;36169396;false;;;f69e4dbe4754155d01525dd6965b08dd;;0;;;;;;;;;;;;;;;;;;;;;;;;;;;;
./Votrax.zip;Votrax;false;;;false;;;;;;false;64668;0;Variados / Sistema, Variados;0;C98025E2;false;;;fbf9e5150005ce4687490a55d7176baa;;0;;;;;wor;;;;;;;;;;;;;;;;;;;;;;;
./X-Men Vs.zip;X-Men Vs;false;;;false;;;;;;false;;0;;0;B395303B;false;;;d4e22f675113572621bbdb4dca3529f1;;0;;;;;;;;;;;;;;;;;;;;;;;;;;;;
./005.zip;005;false;19810101T000000;sega;false;;Neste jogo de furtividade, o objetivo é atravessar um cenário que lembra um labirinto, evitando inimigos a fim de levar uma pilha de documentos secretos para extração via helicóptero. O protagonista - o agente espião 005 - pode entrar em armazéns e prédios no caminho para evitar ser visto.;SEGA;;;false;39869;0;Ação, Ação / Labirinto;258;D4AEE425;false;;;b85c35eb9aa58ffe34574a95e66516e6;;0;1-2;SEGA;0,20;;wor;Right;;;;./media/image/005-bezel.png;;./media/image/005-boxart.png;;./media/extras/005-extra1.png;./media/fanart/005-fanart.jpg;./media/image/005-image.png;;./media/manuals/005_(wor).pdf;;./media/image/005-marquee.png;;./media/image/005-wheelround.png;./media/screenshots/005-screenshot.png;./media/image/005-titleshot.png;;./media/videos/005-video.mp4;./media/image/005-wheel.png;./media/image/005-wheelround.png
./1941 - Counter Attack.zip;1941 - Counter Attack;false;19900201T000000;cps1;false;;O objetivo é derrubar aviões inimigos e coletar power-ups de armas (POW). Só é capaz de executar três loops por nível e um bônus é concedido no final do nível para loops não utilizados. O Jogador 1 usa um P-38 Relâmpago e o Jogador 2 usa um Mosquito MkIV. O jogo muda da configuração original da Pacific Front com a da Western Front. O jogo consiste em seis níveis. Foi o primeiro shoot 'em up para adicionar +1 ao placar quando um continue é usado.;Capcom;;;false;39873;0;Shoot'em Up / Vertical, Shoot'em Up;260;619F9E5B;false;;;bc1e69a35f80383f13c5085174ea2f4e;;0;1-2;Capcom;0,80;;;Right;;;;./media/image/1941 - Counter Attack-bezel.png;;;;./media/extras/1941 - Counter Attack-extra1.png;./media/fanart/1941 - Counter Attack-fanart.jpg;./media/image/1941 - Counter Attack-image.png;;./media/manuals/1941 - Counter Attack_(us).pdf;;;;;./media/screenshots/1941 - Counter Attack-screenshot.png;./media/image/1941 - Counter Attack-titleshot.png;;./media/videos/1941 - Counter Attack-video.mp4;;
./1941.zip;1941;false;19900201T000000;cps1;false;;O objetivo é derrubar aviões inimigos e coletar power-ups de armas (POW). Só é capaz de executar três loops por nível e um bônus é concedido no final do nível para loops não utilizados. O Jogador 1 usa um P-38 Relâmpago e o Jogador 2 usa um Mosquito MkIV. O jogo muda da configuração original da Pacific Front com a da Western Front. O jogo consiste em seis níveis. Foi o primeiro shoot 'em up para adicionar +1 ao placar quando um continue é usado.;Capcom;;;false;39873;0;Shoot'em Up / Vertical, Shoot'em Up;260;0820700D;false;;;d1d30a02e88f6774eaae5022981f4851;;0;1-2;Capcom;0,80;;wor;Right;;;;./media/image/1941-bezel.png;;;;./media/extras/1941-extra1.png;./media/fanart/1941-fanart.jpg;./media/image/1941-image.png;;./media/manuals/1941_(us).pdf;;;;;./media/screenshots/1941-screenshot.png;./media/image/1941-titleshot.png;;./media/videos/1941-video.mp4;;
./1943.zip;1943;false;19870101T000000;capcom;false;;O jogo é ambientado no teatro do Pacífico da Segunda Guerra Mundial, na costa do Atol Midway. O objetivo é atacar a frota aérea japonesa que bombardeou a American Aircraft Carrier dos jogadores, perseguir todas as forças aéreas e marítimas japonesas, voar pelos 16 níveis de jogo, chegar ao navio de guerra japonês Yamato e destruí-la. 11 níveis consistem em uma batalha entre o ar e o mar (com um enorme navio de guerra ou porta-aviões como chefe de nível final), enquanto 5 níveis consistem em uma batalha aérea contra um esquadrão de bombardeiros japoneses e um homem-bomba que precisa ser destruído.;Capcom;;;false;39875;0;Shoot'em Up / Vertical, Shoot'em Up;260;8A7B5C5C;false;;;28d34d3e98230088c69c5c74722b41e9;;0;1-2;Capcom;0,60;;eu;Right;;;;./media/image/1943-bezel.png;;;;./media/extras/1943-extra1.png;./media/fanart/1943-fanart.jpg;./media/image/1943-image.png;;./media/manuals/1943_(us).pdf;;;;;./media/screenshots/1943-screenshot.png;./media/image/1943-titleshot.png;;./media/videos/1943-video.mp4;;
./1943Kai.zip;1943Kai;false;19870101T000000;capcom;false;;Esta é uma versão aprimorada de 1943: The Battle of Midway, com a maioria dos gráficos e sons reformulados. Há também mudanças nas armas e a inclusão de itens anacrônicos, como aviões da Segunda Guerra Mundial e navios que correm em terra. O jogador controla um biplano Boeing Stearman E75 N68828 em vez do P-38.;Capcom;;;false;39876;0;Shoot'em Up / Vertical, Shoot'em Up;260;FAC5F895;false;;;d4312780498e8b51095faca83ca35495;;0;1-2;Capcom;0,60;;jp;Right;;;;./media/image/1943Kai-bezel.png;;;;./media/extras/1943Kai-extra1.png;./media/fanart/1943Kai-fanart.jpg;./media/image/1943Kai-image.png;;;;;;;./media/screenshots/1943Kai-screenshot.png;./media/image/1943Kai-titleshot.png;;./media/videos/1943Kai-video.mp4;;
./280Zzzap.zip;280Zzzap;false;19760101T000000;midway;false;;Ação emocionante combina habilidades contra curvas apertadas... retas rápidas... curvas em S e muito mais para uma verdadeira emoção ao dirigir!;Midway;;;false;39884;0;Corrida, Pilotagem, Corrida em 1ª pessoa;1537;4F07F470;false;;;d8b7c794acaa38eca6e0a87dfb1a5548;;0;1;Dave Nutting Associates;0,40;;wor;;;;;./media/image/280Zzzap-bezel.png;;;;./media/extras/280Zzzap-extra1.png;./media/fanart/280Zzzap-fanart.jpg;./media/image/280Zzzap-image.png;;;;;;;./media/screenshots/280Zzzap-screenshot.png;./media/image/280Zzzap-titleshot.png;;./media/videos/280Zzzap-video.mp4;;
./3Countb.zip;3Countb;false;19930423T000000;snk;false;;3 Count Bout é um jogo de luta individualizado. Escolha entre dez lutadores que têm seus próprios ataques de poder. Há dez rodadas no jogo, e cada uma delas tem lutado contra outros lutadores que são muito mais resistentes do que os anteriores. Você derrota cada um, mordendo, chutando e executando outros movimentos até o ponto em que seu medidor de dano está vazio. Mas só porque está vazio não significa que você ganhe. Você deve colocá-lo para a contagem infame-três. Também possui jogadas competitivas e batalhas de tag match.;SNK;;;false;13937;0;Esporte / Luta Livre, Luta / 2D, Esporte, Luta;262;3CBF8955;false;en;;e62b47dc57b3b2b5ed11605b4bc269f5;Jogador individual;0;1-2;SNK;0,60;;wor;;;;;./media/image/3Countb-bezel.png;;;;./media/extras/3Countb-extra1.png;./media/fanart/3Countb-fanart.jpg;./media/image/3Countb-image.png;;./media/manuals/3Countb_(us).pdf;;;;;./media/screenshots/3Countb-screenshot.png;;;./media/videos/3Countb-video.mp4;;
./3Stooges.zip;3Stooges;false;19840101T000000;;false;;Os 3 Patetas procuram suas noivas, sequestradas pelo Cientista Louco. Olhando para a galeria de arte, eles rapidamente a transformam em uma área de desastre! Em todos os quartos, os Patetas precisam destruir os móveis e encontrar as 3 chaves escondidas que destravam a saída. Usando seus martelos, Moe, Larry e Curly batem forte! Socialites e policiais interferentes são tratados no estilo típico dos Patetas: um tapa na cara, um martelo na cabeça ou a sempre confiável torta de creme. Rodada bônus: evite as notas amargas do cantor de ópera ao coletar as três chaves para a saída. E cuidado com a polícia também! No laboratório do Cientista Louco, os Patetas resgatam Cora, a primeira noiva. Isso deixa Nora e Dora ainda em perigo! Deixe o jogo continuar!  NÃO PERCA O VÍDEO DE SUCESSO DESTE VERÃO!  Deixe Larry, Moe e Curly trazerem sua hilaridade e popularidade aos locais do seu jogo! Todo jogador vai querer ser seu Stooge favorito! Três jogadores ao mesmo tempo também podem significar maior rentabilidade! Ligue para o seu distribuidor Mylstar para obter detalhes sobre como adquirir seu videogame Three Stooges!;Mylstar Electronics;;;false;39894;0;Tiro;256;3849AB19;false;;;79e6075825f636b4d880e0cb7b265594;;0;1-3;Mylstar Electronics;0,40;;wor;;;;;./media/image/3Stooges-bezel.png;;;;./media/extras/3Stooges-extra1.png;./media/fanart/3Stooges-fanart.jpg;./media/image/3Stooges-image.png;;./media/manuals/3Stooges-manual.pdf;;;;;./media/screenshots/3Stooges-screenshot.png;./media/image/3Stooges-titleshot.png;;./media/videos/3Stooges-video.mp4;;
./64Streetj.zip;64Streetj;false;19910101T000000;jaleco;false;;Dois personagens selecionáveis, Rick e Allen. Cada detetive particular usa diferentes estilos de luta. Muitos itens especiais podem ser encontrados jogando inimigos no cenário e quebrando objetos, típico desse popular gênero de fliperama dos anos 90. Ao longo do caminho, eles são atacados por todos os tipos de bandidos, cujas fantasias variam de roupas de hip-hop dos anos 1980 a piratas estereotipados. Os chefes são difíceis graças a poderosos ataques especiais.;C.P. Brain;;;false;39910;0;Briga de rua, Luta, Luta / 2.5D;263;BFB95FA0;false;;;eef071160ea005c66eb7cd04bd43ac5f;;0;1-2;Jaleco;0,40;;jp;;;; Clone Of : 64street -> 64th. Street - A Detective Story (Japan, set 1);./media/image/64Streetj-bezel.png;;;;./media/extras/64Streetj-extra1.png;./media/fanart/64Streetj-fanart.jpg;./media/image/64Streetj-image.png;;;;;;;./media/screenshots/64Streetj-screenshot.png;./media/image/64Streetj-titleshot.png;;./media/videos/64Streetj-video.mp4;;
./Abaseb.zip;Abaseb;false;19790101T000000;atari;false;;A atração de vídeo basbeall mais realista já criada. Resposta instantânea O Trak-Ball controla os corredores de manobra, nossos defensores e controla a direção do arremesso para ação realista e envolvimento total do jogador. 1 ou 2 jogadores podem selecionar 4 jogadas de rebatidas diferentes, 4 arremessos diferentes, oferecendo uma variedade infinita de desafios de jogo. O acumulador Add-a-coin oferece entradas adicionais. Design exclusivo de mesa vertical, ideal para locais de qualquer tamanho.;Atari;;;false;39925;0;Esporte, Esporte / Baseball;1538;798C3D05;false;;;f23e088fcaf4ac330d02d3b7714db8c0;;0;1-2;Atari;0,40;;wor;;;;;./media/image/Abaseb-bezel.png;;;;./media/extras/Abaseb-extra1.png;./media/fanart/Abaseb-fanart.jpg;./media/image/Abaseb-image.png;;./media/manuals/Abaseb_(us).pdf;;;;;./media/screenshots/Abaseb-screenshot.png;./media/image/Abaseb-titleshot.png;;./media/videos/Abaseb-video.mp4;;
./Acrobatm.zip;Acrobatm;false;19910101T000000;taito;false;;Um ótimo jogo de tiro com rolagem vertical.  No ano 2100 d.C., os seres humanos foram exterminados pela sua própria natureza autodestrutiva, deixando para trás as consequências da degradação ambiental na Terra e foram forçados a fugir para Marte, deixando um biocomputador para a recuperação ambiental da Terra e preparando o planeta azul para uma futura recolonização. Mas um dia, meio século depois da chegada dos humanos, Marte foi atacado por estranhos objetos voadores. Para combater esses inimigos, o diretor-geral da Agência de Defesa organizou a força-tarefa do exército e iniciou rapidamente o combate aéreo com os invasores para neutralizar a invasão.   A operação foi chamada de ‘Missão Acrobat’ por ultrapassar os limites técnicos dos pilotos.  Os jogadores assumem o controle de um dos dois pilotos de caça sobreviventes, 'Jet' um piloto masculino e 'Nova' uma piloto feminina e ambos pilotando o Icarus, um caça espacial rápido e poderoso, que vem equipado com um laser Standard. Mais duas armas estão disponíveis ao longo do jogo - o tiro amplo (W) que se espalha na frente do navio e o tiro Furacão (H) que dispara grupos de bolas giratórias de energia. Segurar o botão de disparo carrega um ataque especial e cada arma apresenta uma explosão de energia e fator de dano diferentes. Os navios também podem conter no máximo duas bombas inteligentes, uma sob cada asa - embora possam ser ativadas pelos jogadores, elas também caem facilmente e podem ser detonadas por tiros inimigos. Curiosamente, o Icarus não pode colidir com outros navios ou qualquer parte do cenário – em vez disso, ele ricocheteia e só sofre danos com tiros inimigos. No entanto, uma vez que o escudo se esgote, a nave voará fora de controle por alguns segundos e concederá aos jogadores uma última chance de infligir danos a quaisquer inimigos restantes antes que ela exploda.;Taito;;;false;39940;0;Shoot'em Up / Vertical, Shoot'em Up;260;E33F3ED6;false;;;0c5bf2a5e5d56c4a90891310293c7600;;0;1-2;Taito;0,40;;wor;Right;;;;./media/image/Acrobatm-bezel.png;;;;./media/extras/Acrobatm-extra1.png;./media/fanart/Acrobatm-fanart.jpg;./media/image/Acrobatm-image.png;;;;;;;./media/screenshots/Acrobatm-screenshot.png;./media/image/Acrobatm-titleshot.png;;./media/videos/Acrobatm-video.mp4;;
./Actfancr.zip;Actfancr;false;19890101T000000;dataeast;false;;Um jogo de plataforma com elementos de tiro onde você joga como um robô que pode se transformar em um robô mais poderoso coletando power-ups.;Data East;;;false;39942;0;Plataforma, Plataforma / Tiro com rolagem;257;2907D823;false;;;aefd11b13b25bcc8c248298ba6164cb2;;0;1-2;Data East;0,60;;wor;;;;;./media/image/Actfancr-bezel.png;;;;./media/extras/Actfancr-extra1.png;./media/fanart/Actfancr-fanart.jpg;./media/image/Actfancr-image.png;;;;;;;./media/screenshots/Actfancr-screenshot.png;./media/image/Actfancr-titleshot.png;;./media/videos/Actfancr-video.mp4;;
./Carnival.zip;CARNIVAL;false;19800101T000000;sega;false;;SIMULANDO UM JOGO DE TIRO DE PARQUE DE DIVERSÕES, CARNIVAL TEM COMO OBJETIVO ATIRAR COM UMA PISTOLA NOS COELHOS, PATOS E OUTROS ALVOS QUE PERCORREM A TELA. O TÍTULO É JOGADO COMO UM SHOOT 'EM UP CONVENCIONAL, MAS COM UM ELEMENTO INCOMUM NO GÊNERO: MUNIÇÃO LIMITADA.;SEGA;;;false;40451;0;TIRO, TIRO / ESTILO SPACE INVADER;260;C5F77C95;false;;;be962dda4ed9d87b79c649206a912683;;0;1-2;SEGA;0,60;;wor;Right;;;;./media/image/Carnival-bezel.png;;./media/image/Carnival-boxart.png;;./media/extras/Carnival-extra1.png;./media/fanart/Carnival-fanart.jpg;./media/image/Carnival-image.png;;./media/manuals/Carnival-manual.pdf;;./media/image/Carnival-marquee.png;./media/image/Carnival-image.png;./media/image/Carnival-wheelround.png;./media/screenshots/Carnival-screenshot.png;./media/image/Carnival-titleshot.png;./media/image/Carnival-boxart.png;./media/videos/Carnival-video.mp4;./media/image/Carnival-wheel.png;./media/image/Carnival-wheelround.png
./Carrier Air Wing.zip;CARRIER AIR WING;false;19900101T000000;cps1;false;;A DÉCADA DE 1990 FOI UMA DÉCADA DE GRANDE MUDANÇA MARCADA POR AMIZADES CRESCENTES ENTRE ANTIGOS INIMIGOS E UM NÍVEL DE COOPERAÇÃO NUNCA ANTES VISTO ENTRE AS NAÇÕES PODEROSAS DO MUNDO. NO ENTANTO, EM 1997, USANDO NOVAS ARMAS PROJETADAS EM SEGREDO, UM PAÍS DO ORIENTE MÉDIO CHAMADO RABU AMEAÇOU DESTRUIR ESTA FRÁGIL PAZ. O OBJETIVO DE RABU, JUNTO COM SEUS ALIADOS, É EXPURGAR O MUNDO DO PECADO E FORÇAR UMA NOVA MORALIDADE. RABU RAPIDAMENTE REIVINDICOU O ORIENTE MÉDIO, ENTÃO ESPALHOU-SE TANTO NO SUL DA ÁSIA E PARTES DA EUROPA. SEU ARMAMENTO É TERRIVELMENTE EFICIENTE NA MANUFATURA DA MORTE. ELES PARECIAM IMPARÁVEIS. QUANDO ELES INTOXICARAM TÓQUIO COM GÁS EM 1999, A INTERVENÇÃO DOS EUA TORNOU-SE INEVITÁVEL. SE RABU CONSEGUIR UTILIZAR AS FÁBRICAS DO JAPÃO, NÃO HAVERÁ FIM PARA O PESADELO. ESPERANDO PROTEGER A PAZ MUNDIAL, O USS CARL VINSON (CVN-70) DIRIGE-SE PARA O MAR.;CAPCOM;;;false;37359;0;SHOOT'EM UP / HORIZONTAL, SHOOT'EM UP;260;CBCCBC04;false;;;e08a98fec568717e3c1d4f3b6462b975;;0;1-2;CAPCOM;0,80;;;;;;;./media/image/Carrier Air Wing-bezel.png;;;;./media/extras/Carrier Air Wing-extra1.png;./media/fanart/Carrier Air Wing-fanart.jpg;./media/image/Carrier Air Wing-image.png;;./media/manuals/Carrier Air Wing_(wor).pdf;;;./media/image/Carrier Air Wing-image.png;;./media/screenshots/Carrier Air Wing-screenshot.png;./media/image/Carrier Air Wing-titleshot.png;;./media/videos/Carrier Air Wing-video.mp4;;
./Cavenger.zip;CAVENGER;false;19810101T000000;universal;false;;UM DOS PRIMEIROS JOGOS DE TIRO ESPACIAL. COMO JOGAR: SEU VINGADOR PODE SER MOVIDO EM 8 DIREÇÕES. A VELOCIDADE AUMENTA À MEDIDA QUE AVANÇA, ENQUANTO DIMINUI À MEDIDA QUE RECUA. DESTRUA O INIMIGO DA FRENTE PRESSIONANDO O BOTÃO DE DISPARO E DESTRUA O ALVO ABAIXO PRESSIONANDO O BOTÃO DE BOMBA. O OVNI INIMIGO IRÁ ATACÁ-LO VOANDO NA SUA FRENTE OU ATRÁS DE VOCÊ.  VOCÊ PODE LOCALIZÁ-LO USANDO O RADAR. UM MÍSSIL DE PERSEGUIÇÃO DIFÍCIL PERSEGUIRÁ SEU VINGADOR PERSISTENTEMENTE. EVITE-O COM SUCESSO E VOCÊ PODERÁ FAZER COM QUE O INIMIGO LUTE ENTRE SI. QUANDO VOCÊ PASSAR PELO RADAR INIMIGO, UM CANHÃO ANTIAÉREO DISPARARÁ CONTRA VOCÊ DE ACORDO COM A ALTITUDE DO SEU VINGADOR. QUANDO A TELA AVANÇAR MAIS, A ESTAÇÃO X APARECERÁ. AO DESTRUÍ-LO EM TEMPO HÁBIL, VOCÊ PODE DESTRUIR TODOS OS ALVOS QUE APARECEM NA TELA DE UMA SÓ VEZ. VOCÊ RECEBERÁ UMA PONTUAÇÃO ALTA. SEU VINGADOR SERÁ DESTRUÍDO QUANDO FOR AFETADO POR QUALQUER EXPLOSÃO. A 1ª A 5ª PONTUAÇÃO MAIS ALTA DO DIA PODE INSERIR SEUS NOMES NA TELA.;UNIVERSAL;;;false;40467;0;SHOOT'EM UP / HORIZONTAL, SHOOT'EM UP;260;AACA5E08;false;en;;9d5f1b8148d43912c048e77b61b7baa9;;0;1-2;UNIVERSAL;0,40;;wor;;;;;./media/image/Cavenger-bezel.png;./media/image/Cavenger-boxback.png;./media/image/Cavenger-boxart.png;;./media/extras/Cavenger-extra1.png;;./media/image/Cavenger-image.png;;./media/manuals/Cavenger-manual.pdf;;./media/image/Cavenger-marquee.png;./media/image/Cavenger-image.png;./media/image/Cavenger-wheelround.png;./media/screenshots/Cavenger-screenshot.png;./media/image/Cavenger-titleshot.png;./media/image/Cavenger-boxart.png;./media/videos/Cavenger-video.mp4;./media/image/Cavenger-wheel.png;./media/image/Cavenger-wheelround.png
./Cbuster.zip;CBUSTER;false;19900101T000000;dataeast;false;;NUM FUTURO PRÓXIMO, GANGUES IMPLACÁVEIS DOMINAM AS RUAS. APENAS UMA DUPLA CORAJOSA DE EXPERIENTES LUTADORES DE RUA PODE PÔR FIM A ESSE TERROR E DEVOLVER A PAZ ÀS CIDADES. NÃO SE ESQUEÇA DE PEGAR E USAR TUDO O QUE ENCONTRAR COMO ARMA (TUBOS, PEDRAS, PLACAS, CARROS E ATÉ INIMIGOS!) PARA SOBREVIVER A ESSE MASSACRE. O JOGO CONTA COM GRÁFICOS E SOM DE QUALIDADE, ALÉM DE MECÂNICAS DE GAMEPLAY MUITO DIVERTIDAS!;DATA EAST;;;false;40477;0;BRIGA DE RUA, PLATAFORMA, PLATAFORMA / COMBATE COM ROLAGEM;263;E35C9BC7;false;;;f1e64346b253c75f16c0a9e90354c7d4;;0;1-2;DATA EAST;0,80;;wor;;;;;./media/image/Cbuster-bezel.png;;./media/image/Cbuster-boxart.png;;./media/extras/Cbuster-extra1.png;./media/fanart/Cbuster-fanart.jpg;./media/image/Cbuster-image.png;;./media/manuals/Cbuster_(us).pdf;;./media/image/Cbuster-marquee.png;./media/image/Cbuster-image.png;./media/image/Cbuster-wheelround.png;./media/screenshots/Cbuster-screenshot.png;./media/image/Cbuster-titleshot.png;./media/image/Cbuster-boxart.png;./media/videos/Cbuster-video.mp4;./media/image/Cbuster-wheel.png;./media/image/Cbuster-wheelround.png
./Ccastles.zip;CCASTLES;false;19830101T000000;atari;false;;BENTLEY BEAR ESTÁ PRESO NOS CASTELOS DE CRISTAL! PARA SAIR, VOCÊ TEM QUE COLETAR TODAS AS PEDRAS PRECIOSAS ENCONTRADAS EM CADA CASTELO. O JOGO É JOGADO EM UMA VISÃO ISOMÉTRICA 3D FALSA ATRAVÉS DE CASTELOS MULTIPLATAFORMA. QUANDO BENTLEY COLETA TODAS AS PEDRAS PRECIOSAS DE UM NÍVEL, ELE PASSA PARA O PRÓXIMO CASTELO, MAIS DIFÍCIL. BENTLEY TERÁ QUE EVITAR UMA GRANDE VARIEDADE DE CRIATURAS PERIGOSAS QUE VAGAM PELOS NÍVEIS. OCASIONALMENTE, UM CHAPÉU MÁGICO APARECERÁ. SE BENTLEY PEGAR O CHAPÉU, ELE FICARÁ TEMPORARIAMENTE INVENCÍVEL.;ATARI;;;false;40479;0;AÇÃO / LABIRINTO, AÇÃO;258;398419FF;false;;;2199c02bffe59df97c6a54303ed4d4ce;;0;1-2;ATARI;0,80;;wor;;;;;./media/image/Ccastles-bezel.png;;./media/image/Ccastles-boxart.png;;./media/extras/Ccastles-extra1.png;./media/fanart/Ccastles-fanart.jpg;./media/image/Ccastles-image.png;;./media/manuals/Ccastles_(us).pdf;;./media/image/Ccastles-marquee.png;./media/image/Ccastles-image.png;./media/image/Ccastles-wheelround.png;./media/screenshots/Ccastles-screenshot.png;./media/image/Ccastles-titleshot.png;./media/image/Ccastles-boxart.png;./media/videos/Ccastles-video.mp4;./media/image/Ccastles-wheel.png;./media/image/Ccastles-wheelround.png
./Ccboot.zip;CCBOOT;false;19800101T000000;nichibutsu;false;;CRAZY CLIMBER É UM JOGO DE ESTRATÉGIA 2-D. O JOGO É ESTRATÉGICO NA MEDIDA EM QUE VOCÊ DEVE PLANEJAR SEUS MOVIMENTOS ENQUANTO SOBE NO PRÉDIO E ANTECIPAR OS PERIGOS QUE O AGUARDAM. VOCÊ COMEÇA O JOGO NA PARTE INFERIOR DE UM PRÉDIO A SER ESCALADO. AO SUBIR NO PRÉDIO, VOCÊ SERÁ ASSALTADO POR PESSOAS CARECAS JOGANDO VASOS DE FLORES, PLACAS COM FIOS ELÉTRICOS SOLTOS, MACACOS MUITO GRANDES, PLACAS CAINDO, LIXO E HALTERES, E UM PÁSSARO QUE GOSTA DE JOGAR COISAS RUINS EM SEU PERSONAGEM. SEU OBJETIVO É CHEGAR AO TOPO DO PRÉDIO E PEGAR O HELICÓPTERO, QUE O TRANSPORTARÁ ATÉ O PRÓXIMO PRÉDIO A SER ESCALADO. CLARO, VOCÊ SERÁ RECOMPENSADO POR SUBIR RAPIDAMENTE NO PRÉDIO RECEBENDO UM BÔNUS (DESDE QUE VOCÊ CONSIGA PEGAR O HELICÓPTERO). AS COISAS QUE SE FAZ PARA PUBLICIDADE.;NICHIBUTSU;;;false;149429;0;AÇÃO / ESCALADA, AÇÃO;257;576B7896;false;;;422fbe740aff05ffaf4ff51c81eae3cc;;0;1-2;NICHIBUTSU;0,40;;wor;;;;;./media/image/Ccboot-bezel.png;./media/image/Ccboot-boxback.png;./media/image/Ccboot-boxart.png;;./media/extras/Ccboot-extra1.png;./media/fanart/Ccboot-fanart.jpg;./media/image/Ccboot-image.png;;./media/manuals/Ccboot_(us).pdf;;./media/image/Ccboot-marquee.png;./media/image/Ccboot-image.png;./media/image/Ccboot-wheelround.png;./media/screenshots/Ccboot-screenshot.png;./media/image/Ccboot-titleshot.png;./media/image/Ccboot-boxart.png;./media/videos/Ccboot-video.mp4;./media/image/Ccboot-wheel.png;./media/image/Ccboot-wheelround.png
./Cclimber.zip;CCLIMBER;false;19800101T000000;nichibutsu;false;;CRAZY CLIMBER É UM JOGO DE ESTRATÉGIA 2-D. O JOGO É ESTRATÉGICO NA MEDIDA EM QUE VOCÊ DEVE PLANEJAR SEUS MOVIMENTOS ENQUANTO SOBE NO PRÉDIO E ANTECIPAR OS PERIGOS QUE O AGUARDAM. VOCÊ COMEÇA O JOGO NA PARTE INFERIOR DE UM PRÉDIO A SER ESCALADO. AO SUBIR NO PRÉDIO, VOCÊ SERÁ ASSALTADO POR PESSOAS CARECAS JOGANDO VASOS DE FLORES, PLACAS COM FIOS ELÉTRICOS SOLTOS, MACACOS MUITO GRANDES, PLACAS CAINDO, LIXO E HALTERES, E UM PÁSSARO QUE GOSTA DE JOGAR COISAS RUINS EM SEU PERSONAGEM. SEU OBJETIVO É CHEGAR AO TOPO DO PRÉDIO E PEGAR O HELICÓPTERO, QUE O TRANSPORTARÁ ATÉ O PRÓXIMO PRÉDIO A SER ESCALADO. CLARO, VOCÊ SERÁ RECOMPENSADO POR SUBIR RAPIDAMENTE NO PRÉDIO RECEBENDO UM BÔNUS (DESDE QUE VOCÊ CONSIGA PEGAR O HELICÓPTERO). AS COISAS QUE SE FAZ PARA PUBLICIDADE.;NICHIBUTSU;;;false;149429;0;AÇÃO / ESCALADA, AÇÃO;257;4C09CC77;false;;;fefd8aa5eecbaf95dc9e90ce28402a84;;0;1-2;NICHIBUTSU;0,40;;us;;;;;./media/image/Cclimber-bezel.png;;;;./media/extras/Cclimber-extra1.png;./media/fanart/Cclimber-fanart.jpg;./media/image/Cclimber-image.png;;./media/manuals/Cclimber_(us).pdf;;;./media/image/Cclimber-image.png;;./media/screenshots/Cclimber-screenshot.png;./media/image/Cclimber-titleshot.png;;./media/videos/Cclimber-video.mp4;;
./Cclimbr2.zip;CCLIMBR2;false;19880101T000000;nichibutsu;false;;USANDO 2 JOYSTICKS, O JOGADOR SOBE EM PRÉDIOS ALTOS, EVITANDO FECHAR JANELAS, CAIR OBJETOS, GUINDASTES, PÁSSAROS, LAVANDERIA, GORILAS, ETC.;NICHIBUTSU;;;false;40483;0;AÇÃO / ESCALADA, AÇÃO;257;9FF46778;false;;;70af98782c19d62ff940cf8296dbb402;;0;1-2;NICHIBUTSU;0,40;;jp;;;;;./media/image/Cclimbr2-bezel.png;;;;./media/extras/Cclimbr2-extra1.png;./media/fanart/Cclimbr2-fanart.jpg;./media/image/Cclimbr2-image.png;;./media/manuals/Cclimbr2-manual.pdf;;;./media/image/Cclimbr2-image.png;;./media/screenshots/Cclimbr2-screenshot.png;./media/image/Cclimbr2-titleshot.png;;./media/videos/Cclimbr2-video.mp4;;
./Centiped.zip;CENTIPED;false;19810601T000000;atari;false;;CENTIPEDE É UM SHOOT-EM-UP DE TELA ÚNICA ORIENTADO VERTICALMENTE EM QUE O OBJETIVO É USAR O 'BUG BLASTER' PARA ATIRAR NAS CENTOPÉIAS QUE SERPENTEIAM EM DIREÇÃO À PARTE INFERIOR DA TELA PARA ACUMULAR A PONTUAÇÃO MAIS ALTA POSSÍVEL.  O CAMPO DE JOGO ESTÁ REPLETO DE COGUMELOS COLOCADOS ALEATORIAMENTE E A CENTOPÉIA QUE DESCE RAPIDAMENTE MUDA DE DIREÇÃO QUANDO SE DEPARA COM UM COGUMELO. QUANDO UM SEGMENTO DA CENTOPÉIA É ATINGIDO, O SEGMENTO É DESTRUÍDO E UM COGUMELO APARECE EM SEU LUGAR, A CENTOPÉIA ENTÃO SE DIVIDE EM DUAS CENTOPÉIAS MENORES, CADA UMA COM SUA PRÓPRIA CABEÇA, E CONTINUA SUA DESCIDA.  OS JOGADORES PODEM MOVER O BUG BLASTER TANTO VERTICAL QUANTO HORIZONTALMENTE, EMBORA APENAS NO QUINTO INFERIOR DO CAMPO DE JOGO. OS COGUMELOS TAMBÉM PODEM SER ABATIDOS PARA GANHAR PONTOS E LIMPAR ÁREAS BLOQUEADAS. ASSIM QUE UMA CENTOPÉIA ATINGE A PARTE INFERIOR DA TELA, ELA COMEÇA A SUBIR DE VOLTA, MAS PERMANECE NA SEÇÃO INFERIOR DO CAMPO DE JOGO, PERTO DO BUG BLASTER DO JOGADOR. ALÉM DISSO, QUALQUER CENTOPÉIA QUE ALCANCE A PARTE INFERIOR DA TELA SEM SER BALEADO LIBERA SUA CAUDA, ​​QUE ENTÃO SE TORNA UMA NOVA CABEÇA. OUTRAS NOVAS CABEÇAS TAMBÉM ENTRAM NA TELA PELOS CANTOS INFERIORES DO CAMPO DE JOGO CONFORME O TEMPO PASSA. ARANHAS QUE SE MOVEM ALEATORIAMENTE TAMBÉM APARECEM NA PRIMEIRA ONDA. AS ARANHAS PODEM DESTRUIR QUALQUER COGUMELO QUE PASSAREM, ELIMINANDO MUITOS ALVOS DE COGUMELO PARA UM JOGADOR. SE O BUG BLASTER E UMA SPIDER COLIDIREM, AMBOS SERÃO DESTRUÍDOS. A ARANHA SE MOVE EM UM ÂNGULO DE 45 GRAUS OU VERTICALMENTE PARA CIMA E PARA BAIXO, NUNCA SIMPLESMENTE PARA A ESQUERDA OU PARA A DIREITA COMO A CENTOPÉIA FAZ. UM BOMBARDEIO DE PULGAS APARECE A PARTIR DA SEGUNDA ONDA. À MEDIDA QUE UMA PULGA DESCE, ELA DEIXA UM RASTRO DE NOVOS COGUMELOS ATRÁS DE SI. AS PULGAS APARECEM QUANDO UM CERTO NÚMERO DE COGUMELOS PERMANECE NA PARTE INFERIOR DA TELA. ESTE NÚMERO AUMENTA À MEDIDA QUE O JOGO AVANÇA, O QUE SIGNIFICA QUE AS PULGAS APARECEM COM MAIS FREQUÊNCIA MAIS TARDE NO JOGO. O BUG BLASTER DEVE ACERTAR UMA PULGA DUAS VEZES PARA DESTRUÍ-LA, O PRIMEIRO TIRO SIMPLESMENTE ACELERA SUA DESCIDA. QUANDO UMA CENTOPÉIA COM MENOS DE ONZE SEGMENTOS APARECE, UM ESCORPIÃO ENTRA POR QUALQUER LADO, MOVENDO-SE A UMA VELOCIDADE RELATIVAMENTE LENTA. À MEDIDA QUE O JOGADOR GANHA MAIS PONTOS, A VELOCIDADE DO ESCORPIÃO AUMENTA. À MEDIDA QUE O ESCORPIÃO VIAJA PELO ECRÃ, ELE 'ENVENENA' OS COGUMELOS SOBRE OS QUAIS SE MOVE E MUDA AS SUAS CORES. ESSES COGUMELOS FAZEM COM QUE QUALQUER CENTOPÉIA QUE COLIDA COM ELES SE DIRIJA DIRETO PARA A PARTE INFERIOR DA TELA, EM VEZ DE CONTINUAR SERPENTEANDO PARA A ESQUERDA E PARA A DIREITA. O BUG BLASTER PODE PARAR UMA CENTOPÉIA ENVENENADA ATIRANDO EM SUA CABEÇA. SE UM JOGADOR GANHAR PELO MENOS 60.000 PONTOS, DUAS COISAS ACONTECEM PARA AUMENTAR O DESAFIO: AS PULGAS DESCEM MAIS RAPIDAMENTE E AS ARANHAS RESTRINGEM O SEU MOVIMENTO A UMA ÁREA MENOR NA PARTE INFERIOR DA TELA.;ATARI;;;false;40490;0;TIRO / ESTILO SPACE INVADER, TIRO;260;79CB0235;false;;;c5ad54de1915eca315b4b6cbb50a0472;Jogador individual;0;1-2;ATARI;0,60;;wor;Right;;;;./media/image/Centiped-bezel.png;./media/image/Centiped-boxback.png;./media/image/Centiped-boxart.png;;./media/extras/Centiped-extra1.png;./media/fanart/Centiped-fanart.jpg;./media/image/Centiped-image.png;;./media/manuals/Centiped_(us).pdf;;./media/image/Centiped-marquee.png;./media/image/Centiped-image.png;./media/image/Centiped-wheelround.png;./media/screenshots/Centiped-screenshot.png;./media/image/Centiped-titleshot.png;./media/image/Centiped-boxart.png;./media/videos/Centiped-video.mp4;./media/image/Centiped-wheel.png;./media/image/Centiped-wheelround.png
./Cerberus.zip;CERBERUS;false;19850101T000000;cinematronics;false;;UM DOS PRIMEIROS JOGOS DE TIRO.;CINEMATRONICS;;;false;40491;0;TIRO;256;C3F7B070;false;;;14cfedf80244b520eef259fd6aa9cba1;;0;1-2;CINEMATRONICS;0,40;;wor;;;;;;;./media/image/Cerberus-boxart.png;;./media/extras/Cerberus-extra1.png;;./media/image/Cerberus-image.png;;;;./media/image/Cerberus-marquee.png;./media/image/Cerberus-image.png;./media/image/Cerberus-wheelround.png;./media/screenshots/Cerberus-screenshot.png;./media/image/Cerberus-titleshot.png;./media/image/Cerberus-boxart.png;./media/videos/Cerberus-video.mp4;./media/image/Cerberus-wheel.png;./media/image/Cerberus-wheelround.png
./Challeng.zip;CHALLENG;false;19810101T000000;;false;;O JOGO É COMPOSTO POR 16 SETORES (RODADAS) DE JOGO. O SETOR 1 COMEÇA COM GRANDES ANÉIS DE ENERGIA FLUTUANDO ALEATORIAMENTE NA TELA. A ESPAÇONAVE DEVE EVITAR COLIDIR COM OS ANÉIS OU EXPLODIRÁ EM UMA ESTRELA BRILHANTEMENTE COLORIDA. A NAVE EVITA OS ANÉIS DE ENERGIA MOVENDO-SE PARA A DIREITA OU PARA A ESQUERDA NO CAMPO DE JOGO, ENQUANTO OS EXPLODE COM OS CANHÕES DE TRÊS VIAS DA NAVE. A EXPLOSÃO DOS ANÉIS GRANDES (100 PONTOS) OS DIVIDE EM ANÉIS MÉDIOS (200 PONTOS) QUE, POR SUA VEZ, SE DIVIDEM EM ANÉIS PEQUENOS (400 PONTOS).;GAME PLAN;;;false;40511;0;TIRO, TIRO / ESTILO SPACE INVADER;260;1428CCD2;false;;;3d3b695bcea9393fe77a995e292d122b;;0;1-2;GAME PLAN (CENTURI LICENSE);0,40;;wor;;;;;./media/image/Challeng-bezel.png;;./media/image/Challeng-boxart.png;;./media/extras/Challeng-extra1.png;;./media/image/Challeng-image.png;;./media/manuals/Challeng-manual.pdf;;./media/image/Challeng-marquee.png;./media/image/Challeng-image.png;./media/image/Challeng-wheelround.png;./media/screenshots/Challeng-screenshot.png;./media/image/Challeng-titleshot.png;./media/image/Challeng-boxart.png;./media/videos/Challeng-video.mp4;./media/image/Challeng-wheel.png;./media/image/Challeng-wheelround.png
./Champbas.zip;CHAMPBAS;false;19830101T000000;sega;false;;CHAMPION BASEBALL É UM JOGO DE ARCADE DE BEISEBOL DE 1983 DESENVOLVIDO PELA ALPHA DENSHI E PUBLICADO PELA SEGA. O JOGO ERA UM JOGO ESPORTIVO SOFISTICADO PARA A ÉPOCA, EXIBINDO O CAMPO DE JOGO USANDO VÁRIOS ÂNGULOS DE CÂMERA, INCLUINDO UM CLOSE-UP DO BATEDOR E DO ARREMESSADOR, E DANDO AOS JOGADORES A OPÇÃO DE SELECIONAR ARREMESSADORES SUBSTITUTOS OU REBATEDORES, ENQUANTO UM ÁRBITRO OBSERVA ATENTAMENTE PARA FAZER AS CHAMADAS DO JOGO. O JOGO SE TORNOU MUITO POPULAR NOS FLIPERAMAS JAPONESES QUANDO FOI LANÇADO EM 1983, CHEGANDO A ATINGIR UM NÍVEL DE POPULARIDADE COMPARÁVEL A SPACE INVADERS, DE ACORDO COM A SEGA.;ALPHA DENSHI;;;false;145389;0;ESPORTE / BASEBALL, ESPORTE;1538;995C1752;false;;;1e64665a05663daddcadcf0391427150;;0;1;SEGA;0,40;;wor;;;;;;;./media/image/Champbas-boxart.png;;./media/extras/Champbas-extra1.png;;./media/image/Champbas-image.png;;;;./media/image/Champbas-marquee.png;./media/image/Champbas-image.png;./media/image/Champbas-wheelround.png;./media/screenshots/Champbas-screenshot.png;./media/image/Champbas-titleshot.png;./media/image/Champbas-boxart.png;./media/videos/Champbas-video.mp4;./media/image/Champbas-wheel.png;./media/image/Champbas-wheelround.png
./Champwr.zip;CHAMPWR;false;19890101T000000;taito;false;;OITO LUTADORES ORIGINAIS LUTAM POR GLÓRIA, DINHEIRO E CONQUISTAM O CINTURÃO DO TÍTULO DO CIRCUITO TWF EM UMA LUTA INDIVIDUAL OU DE DUPLAS.;TAITO;;;false;40517;0;ESPORTE, ESPORTE / LUTA LIVRE;1536;B62EC0;false;;;18480b9bb3580cf304f2fd655f86d25d;;0;1-2;TAITO;0,40;;wor;;;;;./media/image/Champwr-bezel.png;;./media/image/Champwr-boxart.png;;./media/extras/Champwr-extra1.png;;./media/image/Champwr-image.png;;;;./media/image/Champwr-marquee.png;./media/image/Champwr-image.png;./media/image/Champwr-wheelround.png;./media/screenshots/Champwr-screenshot.png;./media/image/Champwr-titleshot.png;./media/image/Champwr-boxart.png;./media/videos/Champwr-video.mp4;./media/image/Champwr-wheel.png;./media/image/Champwr-wheelround.png
./Changes.zip;CHANGES;false;19820101T000000;;false;;ESTE JOGO DE LABIRINTO É BASTANTE SEMELHANTE AO "PAC-MAN". O JOGADOR CONTROLA UMA LAGARTA QUE RASTEJA PELOS GALHOS DE UMA ÁRVORE LABIRÍNTICA COMENDO NOZES E MORANGOS ENQUANTO EVITA INSETOS MORTAIS E UM PÁSSARO FAMINTO. A LAGARTA SE TRANSFORMA EM BORBOLETA DEPOIS QUE TUDO FOI COMIDO. A LAGARTA DEVE COMER TODOS OS MORANGOS E NOZES DE CADA NÍVEL PARA SE TORNAR UMA BORBOLETA. COMER UM MORANGO TEMPORARIAMENTE TORNA A LAGARTA INVENCÍVEL, PERMITINDO QUE ELA MATE OS INSETOS MORTAIS E GANHE 400 PONTOS DE BÔNUS POR BUG. SE A LAGARTA PERMANECER PARADA POR MUITO TEMPO, UMA CORUJA INVENCÍVEL (SUBSTITUÍDA POR UM MORCEGO INVENCÍVEL EM NÍVEIS POSTERIORES) APARECERÁ. SE A SUA LAGARTA SE MOVER, A CORUJA OU O MORCEGO DESAPARECERÃO.  SE SUA LAGARTA PERMANECER IMÓVEL, A INVENCÍVEL CORUJA OU MORCEGO IRÁ PERSEGUI-LA, EMBORA NÃO COM MUITA EFICÁCIA.   QUANDO A LAGARTA CRUZA UM GALHO PIVÔ, TODOS OS GALHOS GIRAM AO MESMO TEMPO, E QUAISQUER INSETOS QUE ESTEJAM NESSES GALHOS CAIRÃO E MARCARÃO 400, 800, 1600 E 3200 PONTOS, DEPENDENDO DA QUANTIDADE DE INSETOS MORTOS. FIQUE ATENTO ÀS FLORES QUE APARECERÃO ABAIXO DA CASA – ELAS VÃO TE RECOMPENSAR ENTRE 400 E 3200 PONTOS, DEPENDENDO DO NÍVEL.;ORCA;;;false;40521;0;AÇÃO / LABIRINTO, AÇÃO;258;F686F185;false;;;02cc7730d9ec911d4bcb31db8323b697;;0;1-2;ORCA;0,40;;wor;;;;;;;./media/image/Changes-boxart.png;;./media/extras/Changes-extra1.png;;./media/image/Changes-image.png;;;;./media/image/Changes-marquee.png;./media/image/Changes-image.png;./media/image/Changes-wheelround.png;./media/screenshots/Changes-screenshot.png;./media/image/Changes-titleshot.png;./media/image/Changes-boxart.png;./media/videos/Changes-video.mp4;./media/image/Changes-wheel.png;./media/image/Changes-wheelround.png
./Chasehq.zip;CHASEHQ;false;19880101T000000;taito;false;;"CHASE H.Q." É UM JOGO DE CORRIDA E PERSEGUIÇÃO NO QUAL O JOGADOR ASSUME O PAPEL DE UM POLICIAL DISFARÇADO CHAMADO TONY GIBSON NESTE JOGO INSPIRADO EM "MIAMI VICE" DE TAITO. GIBSON DIRIGE UM PODEROSO CARRO POLICIAL SEM MARCA (PARECIDO COM UM PORSCHE 911) COM O SEU PARCEIRO, "RAYMOND BROADY", E DEVE PERSEGUIR E PRENDER VÁRIOS CRIMINOSOS.O JOGADOR TEM ENTRE CINQUENTA E CINCO E SETENTA SEGUNDOS (DEPENDENDO DA CONFIGURAÇÃO 'DIP' DO JOGO) PARA APANHAR O CRIMINOSO EM FUGA, E DEPOIS O MESMO TEMPO PARA BATER NOVAMENTE NO CARRO DO CRIMINOSO ATÉ QUE ESTE ESTEJA DEMASIADO DANIFICADO PARA AVANÇAR. O CARRO DO CRIMINOSO ESTÁ CONSTANTEMENTE SE AFASTANDO, ENTÃO SE O JOGADOR BATER REPETIDAMENTE OU DIRIGIR MUITO DEVAGAR, O CRIMINOSO ESCAPARÁ E O JOGO TERMINA.;TAITO;;;false;40524;0;CORRIDA, PILOTAGEM, CORRIDA EM 3ª PESSOA;1537;09DEEB81;false;;;445febc01381bf50d06277376e3e71f2;;0;1;TAITO;0,60;;wor;;;;;./media/image/Chasehq-bezel.png;;./media/image/Chasehq-boxart.png;;./media/extras/Chasehq-extra1.png;./media/fanart/Chasehq-fanart.jpg;./media/image/Chasehq-image.png;;./media/manuals/Chasehq_(us).pdf;;;./media/image/Chasehq-image.png;;./media/screenshots/Chasehq-screenshot.png;./media/image/Chasehq-titleshot.png;./media/image/Chasehq-boxart.png;./media/videos/Chasehq-video.mp4;;
./Checkman.zip;CHECKMAN;false;19820101T000000;jaleco;false;;CHECK MAN É UM JOGO ARCADE ONDE O JOGADOR MOVE UM HOMEM EM TORNO DE UMA GRADE COMPOSTA DE QUADRADOS QUE DESAPARECEM APÓS SER ATROPELADO. O OBJETIVO DE CADA NÍVEL É DESARMAR UM NÚMERO DE BOMBAS, O QUE É FEITO SIMPLESMENTE MOVENDO-SE SOBRE ELAS. CADA BOMBA POSSUI UM CONTADOR E É NECESSÁRIO DESARMÁ-LAS ANTES QUE O TEMPO ACABE. QUANTO MAIS RÁPIDO AS BOMBAS FOREM DESATIVADAS, MAIS PONTOS SERÃO GANHOS. AO MESMO TEMPO, O JOGADOR DEVE ESTAR ATENTO ÀS BOTAS QUE SE MOVEM PELA GRADE. QUALQUER CONTATO COM ELES FARÁ COM QUE O JOGADOR SEJA MORTO E UMA VIDA SERÁ PERDIDA. ALÉM DE BOMBAS E BOTAS, TAMBÉM EXISTEM CAVEIRAS QUE SÃO OBSTÁCULOS FIXOS E BANDEIRAS QUE DÃO PONTOS DE BÔNUS. É POSSÍVEL DESLIZAR A FILEIRA DE QUADRADOS EM QUE O JOGADOR ESTÁ PARA A ESQUERDA OU PARA A DIREITA, DESDE QUE HAJA ESPAÇO SOBRANDO E OS OBJETOS NÃO SEJAM MOVIDOS PARA FORA DA BORDA DA TELA.;ZILEC GAMES;;;false;40526;0;AÇÃO / LABIRINTO, AÇÃO, REFLEXÃO, QUEBRA-CABEÇAS;258;7EE561BB;false;;;6b44f4b66bf7a8684c852f66af285a2d;;0;1-2;ZILEC GAMES;0,40;;wor;Right;;;;./media/image/Checkman-bezel.png;;./media/image/Checkman-boxart.png;;./media/extras/Checkman-extra1.png;;./media/image/Checkman-image.png;;;;./media/image/Checkman-marquee.png;./media/image/Checkman-image.png;./media/image/Checkman-wheelround.png;./media/screenshots/Checkman-screenshot.png;./media/image/Checkman-titleshot.png;./media/image/Checkman-boxart.png;./media/videos/Checkman-video.mp4;./media/image/Checkman-wheel.png;./media/image/Checkman-wheelround.png
./Chelnov.zip;CHELNOV;false;19880101T000000;dataeast;false;;VOCÊ CONTROLA CHELNOV, O CORREDOR ATÔMICO. COMEÇANDO NA RÚSSIA, ELE TEM QUE CORRER DA ESQUERDA PARA A DIREITA POR VÁRIOS NÍVEIS PARA CHEGAR À ESTÁTUA DA LIBERDADE. CHELNOV CONTINUA CORRENDO SOZINHO ATÉ QUE VOCÊ O DETENHA, E ELE PODE DAR CAMBALHOTAS, O QUE LHE PERMITE ATIRAR EM OUTRAS DIREÇÕES. OS DESAGRADÁVEIS ​​SÃO MORTOS ATIRANDO OU PULANDO SOBRE ELES. EXISTEM VÁRIOS TIPOS DIFERENTES DE ARMAS E POWER-UPS, TODOS COM SEUS PONTOS FORTES E FRACOS CONTRA DIFERENTES INIMIGOS E CHEFES.;DATA EAST;;;false;40530;0;PLATAFORMA, PLATAFORMA / TIRO COM ROLAGEM;257;99CF73E5;false;;;92731136efc6ade2038718ecbfeefde4;;0;1-2;DATA EAST;0,40;;wor;;;;;./media/image/Chelnov-bezel.png;;./media/image/Chelnov-boxart.png;;./media/extras/Chelnov-extra1.png;./media/fanart/Chelnov-fanart.jpg;./media/image/Chelnov-image.png;;;;./media/image/Chelnov-marquee.png;./media/image/Chelnov-image.png;./media/image/Chelnov-wheelround.png;./media/screenshots/Chelnov-screenshot.png;./media/image/Chelnov-titleshot.png;./media/image/Chelnov-boxart.png;./media/videos/Chelnov-video.mp4;./media/image/Chelnov-wheel.png;./media/image/Chelnov-wheelround.png
./Cheyenne.zip;CHEYENNE;false;19840101T000000;exidy;false;;UM JOGO DE TIRO EM PRIMEIRA PESSOA, COM TEMA OCIDENTAL. O JOGADOR USA UMA ARMA (MONTADA NO GABINETE) PARA ESCOLTAR O XERIFE ATRAVÉS DE UMA VARIEDADE DE PERIGOS, COLETANDO RECOMPENSAS PELA CAPTURA DE CRIMINOSOS. EXISTEM 7 NÍVEIS OU CENAS MAIS O NÍVEL DE BÔNUS:;EXIDY;;;false;40532;0;TIRO, TIRO COM LIGHTGUN;261;6E248ADB;false;;;a5266b8d262f10978b2b0b6256036f4e;;0;1;EXIDY;0,40;;wor;;;;;;./media/image/Cheyenne-boxback.png;./media/image/Cheyenne-boxart.png;;./media/extras/Cheyenne-extra1.png;./media/fanart/Cheyenne-fanart.jpg;./media/image/Cheyenne-image.png;;./media/manuals/Cheyenne_(us).pdf;;./media/image/Cheyenne-marquee.png;./media/image/Cheyenne-image.png;./media/image/Cheyenne-wheelround.png;./media/screenshots/Cheyenne-screenshot.png;./media/image/Cheyenne-titleshot.png;./media/image/Cheyenne-boxart.png;./media/videos/Cheyenne-video.mp4;./media/image/Cheyenne-wheel.png;./media/image/Cheyenne-wheelround.png
./Chiller.zip;CHILLER;false;19860101T000000;exidy;false;;ESTE É UM JOGO DE ARMAS E HÁ QUATRO TELAS DIFERENTES (MAIS DUAS TELAS DE BÔNUS DIFERENTES). O OBJETIVO É SIMPLESMENTE ATIRAR EM TUDO QUE ESTIVER À VISTA (E TENTAR LOCALIZAR QUAISQUER ALVOS OCULTOS NA TELA). O JOGO É BASEADO NO TEMPO E O CRONÔMETRO SE MOVE MAIS RÁPIDO QUANDO VOCÊ ATIRA MAL. A PRIMEIRA TELA É UMA CÂMARA DE TORTURA. EXISTEM QUATRO ALVOS HUMANOS (AINDA VIVOS) NESTA TELA. DA ESQUERDA PARA A DIREITA ESTÃO, UM HOMEM ACORRENTADO À PAREDE, UMA PESSOA EM UMA GUILHOTINA (ATIRE NO TOPO DA GUILHOTINA PARA DECAPITÁ-LOS), UMA MULHER AMARRADA EM UMA MÁQUINA ESTRANHA E UM HOMEM EM UM TORNO DE CABEÇA (ATIRE NO TORNO PARA ESMAGAR SUA CABEÇA). O RESTO DA SALA ESTÁ COBERTO DE SANGUE E PARTES SOLTAS DE CORPOS. VOCÊ NÃO ATIRA APENAS EM CADA ALVO UMA VEZ, EM VEZ DISSO, ATIRA EM CADA PARTE DO ALVO, O QUE REDUZ ESSA PARTE A UMA CONFUSÃO DE SANGUE E OSSOS.;EXIDY;;;false;40535;0;TIRO, TIRO COM LIGHTGUN;261;EEEF6495;false;;;d7b90e7335d2b5a2c0055b5c689fb615;;0;1-2;EXIDY;0,40;;wor;;;;;./media/image/Chiller-bezel.png;;./media/image/Chiller-boxart.png;;./media/extras/Chiller-extra1.png;./media/fanart/Chiller-fanart.jpg;./media/image/Chiller-image.png;;;;./media/image/Chiller-marquee.png;./media/image/Chiller-image.png;./media/image/Chiller-wheelround.png;./media/screenshots/Chiller-screenshot.png;./media/image/Chiller-titleshot.png;./media/image/Chiller-boxart.png;./media/videos/Chiller-video.mp4;./media/image/Chiller-wheel.png;./media/image/Chiller-wheelround.png
./Chplftb.zip;CHPLFTB;false;19850101T000000;sega;false;;CHOPLIFTER É UM JOGO DE AÇÃO / ARCADE DE ROLAGEM LATERAL QUE COLOCA VOCÊ NO CONTROLE DE UM HELICÓPTERO DE ATAQUE. SUA MISSÃO: CHEGAR ATRÁS DAS LINHAS INIMIGAS E RESGATAR ATÉ 16 REFÉNS POR NÍVEL. TENHA CUIDADO, ENTRETANTO, PORQUE OS TANQUES E AVIÕES INIMIGOS TENTARÃO PARÁ-LO - E ELES NÃO IRÃO PARAR DE ATIRAR ENQUANTO VOCÊ RESGATA OS REFÉNS!;SEGA;;;false;40549;0;TIRO / AVIÃO, SHOOT'EM UP / HORIZONTAL, SHOOT'EM UP, TIRO;260;7B99E902;false;;;2289c07e504881eecb93c8872f55b477;;0;1-2;SEGA;0,80;;wor;;;;;./media/image/Chplftb-bezel.png;;./media/image/Chplftb-boxart.png;;./media/extras/Chplftb-extra1.png;./media/fanart/Chplftb-fanart.jpg;./media/image/Chplftb-image.png;;./media/manuals/Chplftb_(us).pdf;;./media/image/Chplftb-marquee.png;./media/image/Chplftb-image.png;./media/image/Chplftb-wheelround.png;./media/screenshots/Chplftb-screenshot.png;./media/image/Chplftb-titleshot.png;./media/image/Chplftb-boxart.png;./media/videos/Chplftb-video.mp4;./media/image/Chplftb-wheel.png;./media/image/Chplftb-wheelround.png
./Chplftbl.zip;CHPLFTBL;false;19850101T000000;sega;false;;CHOPLIFTER É UM JOGO DE AÇÃO / ARCADE DE ROLAGEM LATERAL QUE COLOCA VOCÊ NO CONTROLE DE UM HELICÓPTERO DE ATAQUE. SUA MISSÃO: CHEGAR ATRÁS DAS LINHAS INIMIGAS E RESGATAR ATÉ 16 REFÉNS POR NÍVEL. TENHA CUIDADO, ENTRETANTO, PORQUE OS TANQUES E AVIÕES INIMIGOS TENTARÃO PARÁ-LO - E ELES NÃO IRÃO PARAR DE ATIRAR ENQUANTO VOCÊ RESGATA OS REFÉNS!;SEGA;;;false;40549;0;TIRO / AVIÃO, SHOOT'EM UP / HORIZONTAL, SHOOT'EM UP, TIRO;260;820DB80A;false;;;5945a0e44012acdab78fc1fba449a118;;0;1-2;SEGA;0,80;;wor;;;;;./media/image/Chplftbl-bezel.png;;./media/image/Chplftbl-boxart.png;;./media/extras/Chplftbl-extra1.png;./media/fanart/Chplftbl-fanart.jpg;./media/image/Chplftbl-image.png;;./media/manuals/Chplftbl_(us).pdf;;./media/image/Chplftbl-marquee.png;./media/image/Chplftbl-image.png;./media/image/Chplftbl-wheelround.png;./media/screenshots/Chplftbl-screenshot.png;./media/image/Chplftbl-titleshot.png;./media/image/Chplftbl-boxart.png;./media/videos/Chplftbl-video.mp4;./media/image/Chplftbl-wheel.png;./media/image/Chplftbl-wheelround.png
./Chplft.zip;CHPLFT;false;19850101T000000;sega;false;;CHOPLIFTER É UM JOGO DE AÇÃO / ARCADE DE ROLAGEM LATERAL QUE COLOCA VOCÊ NO CONTROLE DE UM HELICÓPTERO DE ATAQUE. SUA MISSÃO: CHEGAR ATRÁS DAS LINHAS INIMIGAS E RESGATAR ATÉ 16 REFÉNS POR NÍVEL. TENHA CUIDADO, ENTRETANTO, PORQUE OS TANQUES E AVIÕES INIMIGOS TENTARÃO PARÁ-LO - E ELES NÃO IRÃO PARAR DE ATIRAR ENQUANTO VOCÊ RESGATA OS REFÉNS!;SEGA;;;false;40549;0;TIRO / AVIÃO, SHOOT'EM UP / HORIZONTAL, SHOOT'EM UP, TIRO;260;C08B7B84;false;;;278b14c172587b7d90ce0e7a3de38926;;0;1-2;SEGA;0,80;;wor;;;;;./media/image/Chplft-bezel.png;;./media/image/Chplft-boxart.png;;./media/extras/Chplft-extra1.png;./media/fanart/Chplft-fanart.jpg;./media/image/Chplft-image.png;;./media/manuals/Chplft_(us).pdf;;./media/image/Chplft-marquee.png;./media/image/Chplft-image.png;./media/image/Chplft-wheelround.png;./media/screenshots/Chplft-screenshot.png;./media/image/Chplft-titleshot.png;./media/image/Chplft-boxart.png;./media/videos/Chplft-video.mp4;./media/image/Chplft-wheel.png;./media/image/Chplft-wheelround.png
./Circusc.zip;CIRCUSC;false;19840101T000000;konami;false;;CIRCUS CHARLIE É UM JOGO DE PLATAFORMA ABSTRATO PARA UM JOGADOR, NO QUAL O JOGADOR DEVE GUIAR O CHARLIE DE MESMO NOME POR SEIS EVENTOS CIRCENSES DIFERENTES. OS PONTOS DE BÔNUS PODEM SER GANHOS AO TERMINAR UM NÍVEL O MAIS RÁPIDO POSSÍVEL, COM MAIS PONTOS CONCEDIDOS POR COLETAR QUALQUER UM DOS SACOS DE DINHEIRO QUE OCASIONALMENTE APARECEREM. FINALMENTE, PONTOS DE BÔNUS ADICIONAIS SÃO CONCEDIDOS POR COMPLETAR UM NÍVEL SEM PERDER UMA VIDA. O JOGO TERMINA QUANDO TODOS OS CIRCUS CHARLIES ESTÃO PERDIDOS. OS SEIS EVENTOS DIFERENTES SÃO:NNMONTE EM UM LEÃO E PULE POR AROS DE FOGO E POR PANELAS EM CHAMAS. SALTE SOBRE MACACOS ENQUANTO CAMINHA NA CORDA BAMBA. SALTE EM TRAMPOLINS, EVITE RESPIRADORES DE FOGO E MALABARISTAS DE ESPADAS. PULE EM BOLAS DE PRAIA GIGANTES E ROLANTES. ANDAR A CAVALO, EVITANDO OBSTÁCULOS. TRAPÉZIO.;KONAMI;;;false;40561;0;PLATAFORMA, PLATAFORMA / CORRE E PULA COM ROLAGEM, PLATAFORMA / CORRE E PULA;257;B835037F;false;;;dfb58ea5e0da81026d66cb5c76d7cd40;;0;1-2;KONAMI;0,80;;;Right;;;;./media/image/Circusc-bezel.png;;;;./media/extras/Circusc-extra1.png;./media/fanart/Circusc-fanart.jpg;./media/image/Circusc-image.png;;./media/manuals/Circusc_(us).pdf;;;./media/image/Circusc-image.png;;./media/screenshots/Circusc-screenshot.png;./media/image/Circusc-titleshot.png;;./media/videos/Circusc-video.mp4;;
./Circus.zip;CIRCUS;false;19770101T000000;exidy;false;;POP! POP! POP! ESTOURE OS BALÕES E MARQUE PONTOS. UMA PAREDE DE BALÕES AMARELOS, VERDES E AZUIS APARECERÁ NO TOPO DA TELA. VOCÊ DEVE ESTOURAR BALÕES PEGANDO UM PALHAÇO NA GANGORRA E SALTANDO-O ATÉ OS BALÕES.;EXIDY;;;false;60538;0;AÇÃO / JOGOS DE BREAKOUT, AÇÃO;256;EC02C211;false;;;a73a2b8b5ae68a4126398d901b5847af;;0;1-2;EXIDY;0,60;;wor;;;;;;;./media/image/Circus-boxart.png;;./media/extras/Circus-extra1.png;;./media/image/Circus-image.png;;./media/manuals/Circus_(us).pdf;;./media/image/Circus-marquee.png;./media/image/Circus-image.png;./media/image/Circus-wheelround.png;./media/screenshots/Circus-screenshot.png;./media/image/Circus-titleshot.png;./media/image/Circus-boxart.png;./media/videos/Circus-video.mp4;./media/image/Circus-wheel.png;./media/image/Circus-wheelround.png
./Citycon.zip;CITYCON;false;19850101T000000;jaleco;false;;O JOGADOR CONTROLA UM PEQUENO CARRO VERMELHO E A TINTA PINGANDO DEVE PULAR ENTRE AS PLATAFORMAS PARA PINTÁ-LAS. LATAS DE ÓLEO SÃO COLETADAS E USADAS PARA ATIRAR EM: POLICIAIS, TÁXIS, AMBULÂNCIAS E JIPES, QUE PERCORREM OS NÍVEIS. PEGUE 3 BALÕES PARA AVANÇAR VÁRIOS NÍVEIS.  OS GATOS DEVEM SER EVITADOS A TODO CUSTO.;JALECO;;;false;40564;0;PLATAFORMA, PLATAFORMA / CORRE E PULA;257;BBA989CA;false;;;46ef5b254c1ed8aa235b848ef0b9e8b5;;0;1-2;JALECO;0,60;;wor;;;;;;;./media/image/Citycon-boxart.png;;./media/extras/Citycon-extra1.png;./media/fanart/Citycon-fanart.jpg;./media/image/Citycon-image.png;;;;./media/image/Citycon-marquee.png;./media/image/Citycon-image.png;./media/image/Citycon-wheelround.png;./media/screenshots/Citycon-screenshot.png;./media/image/Citycon-titleshot.png;./media/image/Citycon-boxart.png;./media/videos/Citycon-video.mp4;./media/image/Citycon-wheel.png;./media/image/Citycon-wheelround.png
./Ckonga.zip;CKONGA;false;19810101T000000;konami;false;;É UM JOGO DE ARCADE DESENVOLVIDO PELA FALCON, LANÇADO EM 1981 E É SEMELHANTE AO DONKEY KONG DA NINTENDO. EMBORA COMUMENTE SE ACREDITE SER UMA VERSÃO PIRATA, O JOGO FOI OFICIALMENTE LICENCIADO PARA OPERAÇÃO APENAS NO JAPÃO, QUANDO A NINTENDO NÃO CONSEGUIU ATENDER À DEMANDA EM CASA (MESMO QUE DONKEY KONG AINDA FOSSE LANÇADO LÁ),[1] E É BASEADO EM HARDWARE DIFERENTE. O JOGO MANTÉM TODOS OS ELEMENTOS DE JOGABILIDADE DE DONKEY KONG, MAS TEM TODOS OS GRÁFICOS REDESENHADOS E RECOLORIDOS. TAMBÉM É CONHECIDO POR QUATRO NOMES: CONGORILLA, BIG KONG, DONKEY KING E MONKEY DONKEY.;FALCON;;;false;149435;0;PLATAFORMA, PLATAFORMA / CORRE E PULA;257;1CD4841F;false;;;9130f3022561c41b4776fc5e96ec32d5;;0;1-2;FALCON;0,80;;wor;Right;;;;./media/image/Ckonga-bezel.png;;./media/image/Ckonga-boxart.png;;./media/extras/Ckonga-extra1.png;;./media/image/Ckonga-image.png;;;;./media/image/Ckonga-marquee.png;./media/image/Ckonga-image.png;./media/image/Ckonga-wheelround.png;./media/screenshots/Ckonga-screenshot.png;./media/image/Ckonga-titleshot.png;./media/image/Ckonga-boxart.png;./media/videos/Ckonga-video.mp4;./media/image/Ckonga-wheel.png;./media/image/Ckonga-wheelround.png
./Ckongalc.zip;CKONGALC;false;19810101T000000;konami;false;;É UM JOGO DE ARCADE DESENVOLVIDO PELA FALCON, LANÇADO EM 1981 E É SEMELHANTE AO DONKEY KONG DA NINTENDO. EMBORA COMUMENTE SE ACREDITE SER UMA VERSÃO PIRATA, O JOGO FOI OFICIALMENTE LICENCIADO PARA OPERAÇÃO APENAS NO JAPÃO, QUANDO A NINTENDO NÃO CONSEGUIU ATENDER À DEMANDA EM CASA (MESMO QUE DONKEY KONG AINDA FOSSE LANÇADO LÁ),[1] E É BASEADO EM HARDWARE DIFERENTE. O JOGO MANTÉM TODOS OS ELEMENTOS DE JOGABILIDADE DE DONKEY KONG, MAS TEM TODOS OS GRÁFICOS REDESENHADOS E RECOLORIDOS. TAMBÉM É CONHECIDO POR QUATRO NOMES: CONGORILLA, BIG KONG, DONKEY KING E MONKEY DONKEY.;FALCON;;;false;149435;0;PLATAFORMA, PLATAFORMA / CORRE E PULA;257;53EF266E;false;;;8d8976c77dedb585ac6217e050652a73;;0;1-2;FALCON;0,80;;wor;Right;;;;./media/image/Ckongalc-bezel.png;;./media/image/Ckongalc-boxart.png;;./media/extras/Ckongalc-extra1.png;;./media/image/Ckongalc-image.png;;;;./media/image/Ckongalc-marquee.png;./media/image/Ckongalc-image.png;./media/image/Ckongalc-wheelround.png;./media/screenshots/Ckongalc-screenshot.png;./media/image/Ckongalc-titleshot.png;./media/image/Ckongalc-boxart.png;./media/videos/Ckongalc-video.mp4;./media/image/Ckongalc-wheel.png;./media/image/Ckongalc-wheelround.png
./Ckong.zip;CKONG;false;19810101T000000;konami;false;;É UM JOGO DE ARCADE DESENVOLVIDO PELA FALCON, LANÇADO EM 1981 E É SEMELHANTE AO DONKEY KONG DA NINTENDO. EMBORA COMUMENTE SE ACREDITE SER UMA VERSÃO PIRATA, O JOGO FOI OFICIALMENTE LICENCIADO PARA OPERAÇÃO APENAS NO JAPÃO, QUANDO A NINTENDO NÃO CONSEGUIU ATENDER À DEMANDA EM CASA (MESMO QUE DONKEY KONG AINDA FOSSE LANÇADO LÁ),[1] E É BASEADO EM HARDWARE DIFERENTE. O JOGO MANTÉM TODOS OS ELEMENTOS DE JOGABILIDADE DE DONKEY KONG, MAS TEM TODOS OS GRÁFICOS REDESENHADOS E RECOLORIDOS. TAMBÉM É CONHECIDO POR QUATRO NOMES: CONGORILLA, BIG KONG, DONKEY KING E MONKEY DONKEY.;FALCON;;;false;149435;0;PLATAFORMA, PLATAFORMA / CORRE E PULA;257;1AF0B0A4;false;;;9712af80f1e6b525fa350136f0b1d05d;;0;1-2;FALCON;0,80;;wor;Right;;;;./media/image/Ckong-bezel.png;;./media/image/Ckong-boxart.png;;./media/extras/Ckong-extra1.png;;./media/image/Ckong-image.png;;;;./media/image/Ckong-marquee.png;./media/image/Ckong-image.png;./media/image/Ckong-wheelround.png;./media/screenshots/Ckong-screenshot.png;./media/image/Ckong-titleshot.png;./media/image/Ckong-boxart.png;./media/videos/Ckong-video.mp4;./media/image/Ckong-wheel.png;./media/image/Ckong-wheelround.png
./Ckongjeu.zip;CKONGJEU;false;19810101T000000;konami;false;;É UM JOGO DE ARCADE DESENVOLVIDO PELA FALCON, LANÇADO EM 1981 E É SEMELHANTE AO DONKEY KONG DA NINTENDO. EMBORA COMUMENTE SE ACREDITE SER UMA VERSÃO PIRATA, O JOGO FOI OFICIALMENTE LICENCIADO PARA OPERAÇÃO APENAS NO JAPÃO, QUANDO A NINTENDO NÃO CONSEGUIU ATENDER À DEMANDA EM CASA (MESMO QUE DONKEY KONG AINDA FOSSE LANÇADO LÁ),[1] E É BASEADO EM HARDWARE DIFERENTE. O JOGO MANTÉM TODOS OS ELEMENTOS DE JOGABILIDADE DE DONKEY KONG, MAS TEM TODOS OS GRÁFICOS REDESENHADOS E RECOLORIDOS. TAMBÉM É CONHECIDO POR QUATRO NOMES: CONGORILLA, BIG KONG, DONKEY KING E MONKEY DONKEY.;FALCON;;;false;149435;0;PLATAFORMA, PLATAFORMA / CORRE E PULA;257;CCFC8BBA;false;;;3e96287113c97f58b5caf080631daa5c;;0;1-2;FALCON;0,80;;wor;Right;;;;./media/image/Ckongjeu-bezel.png;;./media/image/Ckongjeu-boxart.png;;./media/extras/Ckongjeu-extra1.png;;./media/image/Ckongjeu-image.png;;;;./media/image/Ckongjeu-marquee.png;./media/image/Ckongjeu-image.png;./media/image/Ckongjeu-wheelround.png;./media/screenshots/Ckongjeu-screenshot.png;./media/image/Ckongjeu-titleshot.png;./media/image/Ckongjeu-boxart.png;./media/videos/Ckongjeu-video.mp4;./media/image/Ckongjeu-wheel.png;./media/image/Ckongjeu-wheelround.png
./Cloak.zip;CLOAK;false;19830101T000000;atari;false;;O AGENTE X, COMPLETO COM TRENCHCOAT, GORRO BOGIE E MALETA, CORRE ATRAVÉS DE UMA SÉRIE DE AVENTURAS E DESVENTURAS PARA RECUPERAR PLANOS ROUBADOS E DESTRUIR A FÁBRICA DE BOMBAS SUBTERRÂNEA DO DR. BOOM. NOSSO HERÓI MASCARADO DESCE ÀS PROFUNDEZAS DO LABORATÓRIO DO DR. BOOM EM UM ELEVADOR ESPECIAL. EM CADA ANDAR, ELE ENCONTRA UMA SÉRIE DE CORREIAS TRANSPORTADORAS QUE ESTÃO MOVENDO EXPLOSIVOS. UMA BOMBA GIGANTE MARCA OS SEGUNDOS DO JOGO, ENQUANTO DISPOSITIVOS DA TRAMA DO DR. BOOM, COMO CONVERSORES DE BOMBA, EMPILHADEIRAS DESVIANDO TIROS PARA O AGENTE X, GUARDAS DE ROBÔS, POÇOS DE ÁCIDO E OLHOS RASTEJANTES DISPARANDO RAIOS DA MORTE, DESAFIANDO O (S) JOGADOR (ES).;;;;false;40582;0;TIRO;256;93A37508;false;;;7bd8b2dd6a70ea090cbb53972544059f;;0;1-2;ATARI;0,40;;wor;;;;;./media/image/Cloak-bezel.png;;./media/image/Cloak-boxart.png;;./media/extras/Cloak-extra1.png;./media/fanart/Cloak-fanart.jpg;./media/image/Cloak-image.png;;./media/manuals/Cloak_(us).pdf;;./media/image/Cloak-marquee.png;./media/image/Cloak-image.png;./media/image/Cloak-wheelround.png;./media/screenshots/Cloak-screenshot.png;./media/image/Cloak-titleshot.png;./media/image/Cloak-boxart.png;./media/videos/Cloak-video.mp4;./media/image/Cloak-wheel.png;./media/image/Cloak-wheelround.png
./Clowns.zip;CLOWNS;false;19780101T000000;midway;false;;OS JOGADORES JOGAM OS PALHAÇOS NA 'GANGORRA' PARA QUEBRAR FILEIRAS DE BALÕES PARA OBTER PONTUAÇÃO ALTA E SALTOS BÔNUS.;MIDWAY;;;false;40585;0;AÇÃO;256;EF3F89F3;false;;;6f580c1753d4f0a7a06bb543429751f9;;0;1-2;MIDWAY;0,40;;wor;;;;;;;./media/image/Clowns-boxart.png;;./media/extras/Clowns-extra1.png;./media/fanart/Clowns-fanart.jpg;./media/image/Clowns-image.png;;./media/manuals/Clowns-manual.pdf;;./media/image/Clowns-marquee.png;./media/image/Clowns-image.png;./media/image/Clowns-wheelround.png;./media/screenshots/Clowns-screenshot.png;./media/image/Clowns-titleshot.png;./media/image/Clowns-boxart.png;./media/videos/Clowns-video.mp4;./media/image/Clowns-wheel.png;./media/image/Clowns-wheelround.png
./Clshroad.zip;CLSHROAD;false;19860101T000000;dataeast;false;;CLASH ROAD É UM JOGO DE CORRIDA DE CICLISMO DE ESTRADA. O JOGO UTILIZA UMA VISÃO LATERAL DOS PILOTOS E DA PISTA, QUE APRESENTA VÁRIOS OBSTÁCULOS QUE O JOGADOR DEVE PULAR OU DESVIAR. O PRIMEIRO BOTÃO É USADO PARA SOCAR OUTROS CICLISTAS, ENQUANTO O SEGUNDO BOTÃO É USADO PARA PULAR. O JOGADOR POSSUI UM MEDIDOR DE CALORIAS NO TOPO DA TELA QUE FUNCIONA COMO UM MEDIDOR DE RESISTÊNCIA, ESGOTANDO-SE LENTAMENTE DURANTE A CORRIDA E TAMBÉM DIMINUINDO QUANDO O JOGADOR ESBARRA EM OUTROS CICLISTAS E OBSTÁCULOS. O JOGADOR PODE REABASTECER O MEDIDOR DE CALORIAS COLETANDO AS DIVERSAS TARTARUGAS, PÁSSAROS OU AS CHEER GIRLS QUE CORREM AO LONGO DA PISTA.;WOOD PLACE;;;false;150684;0;CORRIDA, PILOTAGEM, CORRIDA, PILOTAGEM / MOTO;1537;D8186157;false;;;14a0e03cffff7ed79074b05beb5d2346;;0;1-2;WOOD PLACE;0,40;;wor;;;;;./media/image/Clshroad-bezel.png;;./media/image/Clshroad-boxart.png;;./media/extras/Clshroad-extra1.png;./media/fanart/Clshroad-fanart.jpg;./media/image/Clshroad-image.png;;;;./media/image/Clshroad-marquee.png;./media/image/Clshroad-image.png;./media/image/Clshroad-wheelround.png;./media/screenshots/Clshroad-screenshot.png;./media/image/Clshroad-titleshot.png;./media/image/Clshroad-boxart.png;./media/videos/Clshroad-video.mp4;./media/image/Clshroad-wheel.png;./media/image/Clshroad-wheelround.png
./Cobracom.zip;COBRACOM;false;19880101T000000;dataeast;false;;VOCÊ PILOTA UM HELICÓPTERO FORTEMENTE BLINDADO E SUA MISSÃO É ABRIR CAMINHO ATRAVÉS DE SEIS ESTÁGIOS (SUMATRA, JAVA, BORNÉU, MAR DA CHINA MERIDIONAL, SIÃO E QG DO INIMIGO) E RESGATAR OS REFÉNS. AO LONGO DO CAMINHO, VOCÊ PODE ADQUIRIR ATUALIZAÇÕES PARA SUAS ARMAS, MÍSSEIS, ARMADURAS, MOTORES E EQUIPAMENTOS DE RESGATE (CORDAS, ESCADAS). VOCÊ PRECISARÁ DELES, POIS ENXAMES DE SOLDADOS INIMIGOS, ARTILHARIA, TANQUES, HELICÓPTEROS, CAÇAS A JATO E NAVIOS DE GUERRA ESTÃO NO SEU CAMINHO.;SEGA;;;false;40611;0;SHOOT'EM UP / HORIZONTAL, SHOOT'EM UP;260;DADAC218;false;;;f29c5a7a6f88adeb8da962570121787a;;0;1-2;DATA EAST;0,40;;wor;;;;;./media/image/Cobracom-bezel.png;./media/image/Cobracom-boxback.png;./media/image/Cobracom-boxart.png;;./media/extras/Cobracom-extra1.png;./media/fanart/Cobracom-fanart.jpg;./media/image/Cobracom-image.png;;./media/manuals/Cobracom-manual.pdf;;./media/image/Cobracom-marquee.png;./media/image/Cobracom-image.png;./media/image/Cobracom-wheelround.png;./media/screenshots/Cobracom-screenshot.png;./media/image/Cobracom-titleshot.png;./media/image/Cobracom-boxart.png;./media/videos/Cobracom-video.mp4;./media/image/Cobracom-wheel.png;./media/image/Cobracom-wheelround.png
./Colony7.zip;COLONY7;false;19810101T000000;taito;false;;NA COLÔNIA 7 O JOGADOR DEVE DEFENDER A COLÔNIA 7 DO ATAQUE ALIENÍGENA USANDO AS ARMAS PRINCIPAIS QUE DISPARAM, UM MEGA-BLASTER QUE NOCAUTEIA ALVOS PRÓXIMOS À ZONA DE DETONAÇÃO, OU COM O ERRADICADOR QUE ATUA COMO UMA BOMBA INTELIGENTE QUE LIMPA TODA A TELA. HÁ UM ESCUDO DE ÍONS QUE FORNECE SEGURANÇA TEMPORÁRIA PARA A COLÔNIA ABAIXO, MAS PODE SER DESTRUÍDO POR FOGO ALIENÍGENA. COLONY 7 É, EM MUITOS ASPECTOS, UMA COMBINAÇÃO DE DOIS DOS JOGOS DE TIRO MAIS POPULARES DA ÉPOCA, CONTENDO ELEMENTOS DAS PLÊIADES DE TEHKAN E DO COMANDO DE MÍSSEIS DA ATARI. A PRINCIPAL INOVAÇÃO DA COLÔNIA 7 FOI O ARSENAL DE ARMAMENTO AMPLIADO. ISSO DEU AO JOGADOR A OPÇÃO DE ALTERNAR ENTRE VÁRIAS ARMAS DIFERENTES, COM O ERRADICADOR PRECISANDO SER ADQUIRIDO SEPARADAMENTE COMO "ARMAMENTO ESTENDIDO".;TAITO;;;false;40614;0;TIRO, TIRO / ESTILO MISSILE COMMAND;261;9B471243;false;;;2a0da58f6efb1052e1bc0a65eabbddb9;;0;1-2;TAITO;0,40;;wor;Right;;;;;./media/image/Colony7-boxback.png;./media/image/Colony7-boxart.png;;./media/extras/Colony7-extra1.png;;./media/image/Colony7-image.png;;./media/manuals/Colony7_(us).pdf;;./media/image/Colony7-marquee.png;./media/image/Colony7-image.png;./media/image/Colony7-wheelround.png;./media/screenshots/Colony7-screenshot.png;./media/image/Colony7-titleshot.png;./media/image/Colony7-boxart.png;./media/videos/Colony7-video.mp4;./media/image/Colony7-wheel.png;./media/image/Colony7-wheelround.png
./Columns.zip;COLUMNS;false;19900101T000000;sega;false;;COLUMNS É UM JOGO DE QUEBRA-CABEÇA ESTILO TETRIS NO QUAL VOCÊ EMPILHA JÓIAS QUE ESTÃO CAINDO PARA CRIAR UMA CORRENTE DE TRÊS JOIAS DA MESMA COR.;SEGA;;;false;108966;0;QUEBRA-CABEÇAS, QUEBRA-CABEÇAS / QUEDA;2816;D5B53CCD;false;;;a702ada848fe72f96020f734fe214f18;;0;1-2;SEGA;;;wor;;;;;./media/image/Columns-bezel.png;;./media/image/Columns-boxart.png;;./media/extras/Columns-extra1.png;./media/fanart/Columns-fanart.jpg;./media/image/Columns-image.png;;./media/manuals/Columns_(us).pdf;;./media/image/Columns-marquee.png;./media/image/Columns-image.png;./media/image/Columns-wheelround.png;./media/screenshots/Columns-screenshot.png;./media/image/Columns-titleshot.png;./media/image/Columns-boxart.png;./media/videos/Columns-video.mp4;./media/image/Columns-wheel.png;./media/image/Columns-wheelround.png
./Combat.zip;COMBAT;false;19850101T000000;exidy;false;;UM JOGO DE TIRO COM TEMA MILITAR. O JOGADOR USA UMA ARMA, MONTADA NO GABINETE, PARA PROTEGER OS ALIADOS DE UMA VARIEDADE DE PERIGOS ENQUANTO TENTA ROMPER E CONQUISTAR AS LINHAS INIMIGAS E SER PROMOVIDO A UM POSTO MAIS ALTO (DE SOLDADO A GENERAL DO EXÉRCITO) E RECEBER UMA MEDALHA DE CAMPANHA. ESTE JOGO ERA CONHECIDO COMO COMBAT OU CATCH-22;EXIDY;;;false;40619;0;TIRO, TIRO COM LIGHTGUN;261;2C3A9DA3;false;;;55d7ccebc4f632f2b51de494a06ace93;;0;1;EXIDY;0,40;;wor;;;;;;;./media/image/Combat-boxart.png;;./media/extras/Combat-extra1.png;./media/fanart/Combat-fanart.jpg;./media/image/Combat-image.png;;;;./media/image/Combat-marquee.png;./media/image/Combat-image.png;./media/image/Combat-wheelround.png;./media/screenshots/Combat-screenshot.png;./media/image/Combat-titleshot.png;./media/image/Combat-boxart.png;./media/videos/Combat-video.mp4;./media/image/Combat-wheel.png;./media/image/Combat-wheelround.png
./Commandj.zip;COMMANDJ;false;19850101T000000;capcom;false;;COMMANDO É UM TIRO DE ROLAGEM VERTICAL EM QUE O JOGADOR ASSUME O PAPEL DE UM SOLDADO DE COMANDO ALTAMENTE TREINADO CHAMADO "SUPER JOE", QUE COMEÇA O JOGO POR SER DEIXADO EM UMA SELVA POR UM HELICÓPTERO.  A MISSÃO DE JOE É RESGATAR CATIVOS E DESTRUIR AS BASES E FORTALEZAS INIMIGAS QUE APARECEM NO FINAL DE CADA NÍVEL, MATANDO TANTOS SOLDADOS INIMIGOS QUANTO POSSÍVEL NO PROCESSO.;CAPCOM;;;false;40660;0;TIRO, TIRO / RUN AND GUN;256;98BF9F92;false;;;dae0542e149236e6597e2595c7b72f89;;0;1-2;DATA EAST;0,60;;wor;Right;;;;./media/image/Commandj-bezel.png;./media/image/Commandj-boxback.png;./media/image/Commandj-boxart.png;;./media/extras/Commandj-extra1.png;./media/fanart/Commandj-fanart.jpg;./media/image/Commandj-image.png;;./media/manuals/Commandj_(us).pdf;;./media/image/Commandj-marquee.png;./media/image/Commandj-image.png;./media/image/Commandj-wheelround.png;./media/screenshots/Commandj-screenshot.png;./media/image/Commandj-titleshot.png;./media/image/Commandj-boxart.png;./media/videos/Commandj-video.mp4;./media/image/Commandj-wheel.png;./media/image/Commandj-wheelround.png
./Commando.zip;COMMANDO;false;19850101T000000;capcom;false;;COMMANDO É UM TIRO DE ROLAGEM VERTICAL EM QUE O JOGADOR ASSUME O PAPEL DE UM SOLDADO DE COMANDO ALTAMENTE TREINADO CHAMADO "SUPER JOE", QUE COMEÇA O JOGO POR SER DEIXADO EM UMA SELVA POR UM HELICÓPTERO.  A MISSÃO DE JOE É RESGATAR CATIVOS E DESTRUIR AS BASES E FORTALEZAS INIMIGAS QUE APARECEM NO FINAL DE CADA NÍVEL, MATANDO TANTOS SOLDADOS INIMIGOS QUANTO POSSÍVEL NO PROCESSO.;CAPCOM;;;false;40660;0;TIRO, TIRO / RUN AND GUN;256;C4A188FD;false;;;356fb5c98a21d96e81f2237624a62599;;0;1-2;DATA EAST;0,60;;wor;Right;;;;./media/image/Commando-bezel.png;./media/image/Commando-boxback.png;./media/image/Commando-boxart.png;;./media/extras/Commando-extra1.png;./media/fanart/Commando-fanart.jpg;./media/image/Commando-image.png;;./media/manuals/Commando_(us).pdf;;./media/image/Commando-marquee.png;./media/image/Commando-image.png;./media/image/Commando-wheelround.png;./media/screenshots/Commando-screenshot.png;./media/image/Commando-titleshot.png;./media/image/Commando-boxart.png;./media/videos/Commando-video.mp4;./media/image/Commando-wheel.png;./media/image/Commando-wheelround.png
./Comotion.zip;COMOTION;false;19760101T000000;;false;;ESTE JOGO ERA PARA DOIS OU QUATRO JOGADORES APENAS, VOCÊ DEVE TER UM OPONENTE HUMANO VIVO PARA JOGAR CONTRA, OU ENTÃO O PERSONAGEM DO OUTRO JOGADOR IRÁ DIRETO PARA UMA PAREDE, TORNANDO O JOGO MUITO RÁPIDO E CHATO. CADA JOGADOR MOVE SEU PERSONAGEM DEIXANDO UMA LINHA SÓLIDA ATRÁS DELES. TODOS OS MOVIMENTOS SÃO FEITOS EM UMA GRADE INVISÍVEL, ENTÃO VOCÊ SÓ PODE GIRAR EM ÂNGULOS DE 90 GRAUS. PARA VENCER VOCÊ DEVE DURAR MAIS QUE SEUS OPONENTES ANTES DE ACERTAR ALGUMA COISA. CADA JOGADOR É ELIMINADO QUANDO BATE, LEVANDO CONSIGO SUAS LINHAS. UMA BOA ESTRATÉGIA É VIRAR-SE E DIRIGIR-SE PARA A ÁREA EXTERNA DA TELA (NO MODO QUATRO JOGADORES), PORQUE TODOS COMEÇAM EM DIREÇÃO AO CENTRO. CONTORNE AS BORDAS ATÉ QUE VOCÊ TENHA APENAS UM OPONENTE RESTANTE E, EM SEGUIDA, ENCAIXOTE-O. EMPURRAR O MANÍPULO PARA TRÁS FARÁ COM QUE VOCÊ COLIDA COM SUA PRÓPRIA LINHA, ENTÃO EVITE ISSO A TODO CUSTO.;GREMLIN INDUSTRIES;;;false;40663;0;AÇÃO / LABIRINTO, AÇÃO;258;B9761585;false;;;a5cbd135629b06d658bd1381caad3361;;0;1-4;GREMLIN INTERACTIVE;0,20;;wor;;;;;;;./media/image/Comotion-boxart.png;;./media/extras/Comotion-extra1.png;;./media/image/Comotion-image.png;;./media/manuals/Comotion-manual.pdf;;./media/image/Comotion-marquee.png;./media/image/Comotion-image.png;./media/image/Comotion-wheelround.png;./media/screenshots/Comotion-screenshot.png;./media/image/Comotion-titleshot.png;./media/image/Comotion-boxart.png;./media/videos/Comotion-video.mp4;./media/image/Comotion-wheel.png;./media/image/Comotion-wheelround.png
./Congo.zip;CONGO;false;19830101T000000;sega;false;;CONGO BONGO É UM JOGO DE PLATAFORMA ISOMÉTRICO E É A VERSÃO DA SEGA DO LENDÁRIO "DONKEY KONG" DA NINTENDO. O JOGO COMEÇA COM UMA CENA ANIMADA MOSTRANDO O GORILA BONGO ENQUANTO ELE SE APROXIMA DO ACAMPAMENTO DE UM CAÇADOR DE SAFÁRI ADORMECIDO E INCENDEIA SUA BARRACA. O JOGADOR ASSUME O PAPEL DO CAÇADOR QUE JUROU VINGANÇA CONTRA BONGO POR ESTA BRINCADEIRA CRUEL.;SEGA;;;false;40667;0;PLATAFORMA, PLATAFORMA / CORRE E PULA;257;98A2062B;false;;;a829fde5d0e19bc4c71118889bbf903d;;0;1-2;SEGA;0,60;;wor;Right;;;;./media/image/Congo-bezel.png;;./media/image/Congo-boxart.png;;./media/extras/Congo-extra1.png;./media/fanart/Congo-fanart.jpg;./media/image/Congo-image.png;;./media/manuals/Congo-manual.pdf;;./media/image/Congo-marquee.png;./media/image/Congo-image.png;./media/image/Congo-wheelround.png;./media/screenshots/Congo-screenshot.png;./media/image/Congo-titleshot.png;./media/image/Congo-boxart.png;./media/videos/Congo-video.mp4;./media/image/Congo-wheel.png;./media/image/Congo-wheelround.png
./Cop01.zip;COP01;false;19850101T000000;nichibutsu;false;;VOCÊ ASSUME O CONTROLE DO DETETIVE NOVATO JAMES COM A DELEGACIA DE POLÍCIA 1, SE INFILTRA NA BASE OCULTA DA SECRETA ORGANIZAÇÃO SPECTRE E RESGATA SUA PARCEIRA SEQUESTRADA, STACY, COMO OBJETIVO. LUTE CONTRA OS INÚMEROS INIMIGOS NA BASE OCULTA USANDO TANTO O SALTO NORMAL QUANTO O “ROCKET JUMP” MAIS ALTO REALIZADO USANDO UM MEDIDOR LIMITADO!;NICHIBUTSU;;;false;40678;0;PLATAFORMA, PLATAFORMA / TIRO COM ROLAGEM;257;EB372CEB;false;;;26240b3812303de7ac4f229a982ab28b;;0;1-2;NICHIBUTSU;0,40;;wor;;;;;;;./media/image/Cop01-boxart.png;;./media/extras/Cop01-extra1.png;./media/fanart/Cop01-fanart.jpg;./media/image/Cop01-image.png;;./media/manuals/Cop01-manual.pdf;;./media/image/Cop01-marquee.png;./media/image/Cop01-image.png;./media/image/Cop01-wheelround.png;./media/screenshots/Cop01-screenshot.png;./media/image/Cop01-titleshot.png;./media/image/Cop01-boxart.png;./media/videos/Cop01-video.mp4;./media/image/Cop01-wheel.png;./media/image/Cop01-wheelround.png
./Copsnrob.zip;COPSNROB;false;19760101T000000;atari;false;;DE 1 A 4 PESSOAS PODEM JOGAR AO MESMO TEMPO, COM O COMPUTADOR ADICIONANDO UM JOGADOR CONFORME NECESSÁRIO PARA MANTER O NÚMERO DE JOGADORES EM 2 OU 4. OS JOGADORES NÚMERO 1 E 2 FAZEM O PAPEL DE POLICIAIS, ENQUANTO OS JOGADORES 3 E 4 SÃO OS LADRÕES. A TELA É UMA VISÃO AÉREA DE UMA RUA DA CIDADE, COM OS POLICIAIS DE UM LADO E OS LADRÕES DO OUTRO. CADA CARRO ESTÁ EM SUA PRÓPRIA PISTA, E UMA PISTA EXTRA LARGA MARCA A ÁREA ENTRE O LADO DO POLICIAL E DO LADRÃO. CADA JOGADOR PODE SUBIR E DESCER EM SUA PRÓPRIA PISTA, O OBJETIVO É DERRUBAR OS CARROS DO LADO OPOSTO. UM CAMINHÃO DE CERVEJA SE MOVE ALEATORIAMENTE PARA CIMA E PARA BAIXO NA PISTA CENTRAL, GERALMENTE ATRAPALHANDO.;;;;false;40680;0;TIRO, LUTA / VERSUS, LUTA;262;3189B700;false;;;1da58a5d7a4c2269113f21a93d6d2971;;0;1-4;ATARI;0,40;;wor;;;;;;;./media/image/Copsnrob-boxart.png;;./media/extras/Copsnrob-extra1.png;./media/fanart/Copsnrob-fanart.jpg;./media/image/Copsnrob-image.png;;./media/manuals/Copsnrob-manual.pdf;;./media/image/Copsnrob-marquee.png;./media/image/Copsnrob-image.png;./media/image/Copsnrob-wheelround.png;./media/screenshots/Copsnrob-screenshot.png;./media/image/Copsnrob-titleshot.png;./media/image/Copsnrob-boxart.png;./media/videos/Copsnrob-video.mp4;./media/image/Copsnrob-wheel.png;./media/image/Copsnrob-wheelround.png
./Cosmica.zip;COSMICA;false;19790101T000000;universal;false;;UM DOS PRIMEIROS JOGOS DE TIRO NO ESPAÇO VERTICAL.;UNIVERSAL;;;false;40684;0;TIRO, TIRO / ESTILO SPACE INVADER;260;0401A638;false;;;d00105488c578e92f8ac58aaac0f675e;;0;1-2;UNIVERSAL;0,40;;wor;Right;;;;./media/image/Cosmica-bezel.png;./media/image/Cosmica-boxback.png;./media/image/Cosmica-boxart.png;;./media/extras/Cosmica-extra1.png;./media/fanart/Cosmica-fanart.jpg;./media/image/Cosmica-image.png;;./media/manuals/Cosmica_(us).pdf;;./media/image/Cosmica-marquee.png;./media/image/Cosmica-image.png;./media/image/Cosmica-wheelround.png;./media/screenshots/Cosmica-screenshot.png;./media/image/Cosmica-titleshot.png;./media/image/Cosmica-boxart.png;./media/videos/Cosmica-video.mp4;./media/image/Cosmica-wheel.png;./media/image/Cosmica-wheelround.png
./Cosmicmo.zip;COSMICMO;false;19790101T000000;taito;false;;O VIDEOGAME MAIS INFLUENTE DE TODOS OS TEMPOS. UM ÚNICO JOGADOR MOVE UMA 'BASE' ARMADA PARA A ESQUERDA OU PARA A DIREITA AO LONGO DA PARTE INFERIOR DA TELA E ATIRA NAS INTERMINÁVEIS ​​ONDAS DE ALIENÍGENAS QUE DESFILAM INCANSAVELMENTE PELA TELA EM DIREÇÃO À TERRA. EXISTEM 4 EDIFÍCIOS (ESCUDOS) NA PARTE INFERIOR DA TELA ATRÁS DOS QUAIS O JOGADOR PODE SE ESCONDER, MAS ESTES ACABARÃO SENDO DESTRUÍDOS POR MÍSSEIS INIMIGOS OU CONTATO DIRETO COM OS PRÓPRIOS INVASORES. OS TIROS DOS JOGADORES TAMBÉM DESTRUIRÃO OS ESCUDOS. A DESCIDA DOS ALIENÍGENAS ACELERA À MEDIDA QUE SÃO ELIMINADOS, TORNANDO-OS MAIS DIFÍCEIS DE ACERTAR. UM DISCO VOADOR VOARÁ PELA PARTE SUPERIOR DA TELA EM INTERVALOS REGULARES E PODE SER DISPARADO PARA GANHAR PONTOS EXTRAS.;TAITO;;;false;145321;0;TIRO / ESTILO SPACE INVADER, TIRO;260;4FB75078;false;;;a5d9b8ffdd827828fe3acccb04a1dd16;;0;1-2;TAITO;0,80;;wor;Right;;;;./media/image/Cosmicmo-bezel.png;;./media/image/Cosmicmo-boxart.png;;./media/extras/Cosmicmo-extra1.png;./media/fanart/Cosmicmo-fanart.jpg;./media/image/Cosmicmo-image.png;;./media/manuals/Cosmicmo_(us).pdf;;./media/image/Cosmicmo-marquee.png;./media/image/Cosmicmo-image.png;./media/image/Cosmicmo-wheelround.png;./media/screenshots/Cosmicmo-screenshot.png;./media/image/Cosmicmo-titleshot.png;./media/image/Cosmicmo-boxart.png;./media/videos/Cosmicmo-video.mp4;./media/image/Cosmicmo-wheel.png;./media/image/Cosmicmo-wheelround.png
./Cotton2.zip;COTTON2;false;19970101T000000;sega;false;;NO EXTREMO SUL DO REINO DO FILAMENTO, A TERRA DAS BRUXAS E FADAS, FICA O REINO DA ABÓBORA. O POVO VIVE EM PAZ POR CAUSA DO PODER DO “SALGUEIRO D’ÁGUA”, UM TESOURO MÁGICO QUE O PROTEGE E PRESERVA O EQUILÍBRIO MÁGICO DA TERRA. UM DIA, UMA DAS PRINCESAS DO REINO, A TEIMOSA BRUXA APPLI, SECRETAMENTE LEVA O SALGUEIRO DE ÁGUA DO CASTELO NO MEIO DA NOITE PARA REALIZAR SEUS PRÓPRIOS DESEJOS. NO ENTANTO, UM VENTO REPENTINO SOPRA APPLI E O SALGUEIRO D'ÁGUA PARA A FLORESTA NOS LIMITES DA CIDADE. ELA PROCURA O SALGUEIRO D'ÁGUA, MAS NÃO CONSEGUE ENCONTRÁ-LO. A BRUXA COTTON PASSA POR PERTO E OUVE QUE APPLI ESTÁ PROCURANDO POR UM SALGUEIRO. OBCECADO PELO DOCE MÁGICO WILLOW, COTTON SAI EM BUSCA DE WATER WILLOW PARA PODER COMÊ-LO.;SUCCESS;;;false;37533;0;SHOOT'EM UP / HORIZONTAL, SHOOT'EM UP;260;F760A446;false;;;7cc6104e56d141576bf15a08dfb1ba7f;;0;1-2;SUCCESS;0,60;;wor;;;;;./media/image/Cotton2-bezel.png;;./media/image/Cotton2-boxart.png;./media/image/Cotton2-cartridge.png;./media/extras/Cotton2-extra1.png;./media/fanart/Cotton2-fanart.jpg;./media/image/Cotton2-image.png;;;;./media/image/Cotton2-marquee.png;./media/image/Cotton2-image.png;./media/image/Cotton2-wheelround.png;./media/screenshots/Cotton2-screenshot.jpg;./media/image/Cotton2-titleshot.jpg;./media/image/Cotton2-boxart.png;./media/videos/Cotton2-video.mp4;./media/image/Cotton2-wheel.png;./media/image/Cotton2-wheelround.png
./Cotton.zip;COTTON;false;19910101T000000;sega;false;;COTTON É UM JOGO DE TIRO ESTRELADO POR UMA BRUXA FOFA E MODERADAMENTE PSICÓTICA E UMA FADA. ERA ORIGINALMENTE UM JOGO DE ARCADE, LANÇADO NO JAPÃO EM 1991, FOI PORTADO PARA MUITAS OUTRAS PLATAFORMAS.;SEGA;;;false;40689;0;SHOOT'EM UP / HORIZONTAL, SHOOT'EM UP;260;7ECD826F;false;;;44c0bd143d3be91899bac3f1a1f51386;;0;1-2;SEGA;0,60;;wor;;;;;./media/image/Cotton-bezel.png;;./media/image/Cotton-boxart.png;;./media/extras/Cotton-extra1.png;./media/fanart/Cotton-fanart.jpg;./media/image/Cotton-image.png;;;;./media/image/Cotton-marquee.png;./media/image/Cotton-image.png;./media/image/Cotton-wheelround.png;./media/screenshots/Cotton-screenshot.png;./media/image/Cotton-titleshot.png;./media/image/Cotton-boxart.png;./media/videos/Cotton-video.mp4;./media/image/Cotton-wheel.png;./media/image/Cotton-wheelround.png
./Crash.zip;CRASH;false;19790101T000000;exidy;false;;CRASH É UM JOGO DE CORRIDA EM LABIRINTO BIDIMENSIONAL PROJETADO E PROGRAMADO POR EDWARD VALEAU DA EXIDY EM 1979. VOCÊ "CONTROLA" UM CARRO SEM FREIOS QUE SE MOVE EM VELOCIDADE LENTA OU RÁPIDA ATRAVÉS DE UM LABIRINTO CONTENDO PONTOS. AO MESMO TEMPO, UM OU MAIS CARROS CONTROLADOS POR COMPUTADOR PERCORREM O MESMO LABIRINTO NA DIREÇÃO OPOSTA COM A INTENÇÃO DE ATROPELAR VOCÊ. EM CADA UM DOS QUATRO CRUZAMENTOS DO LABIRINTO, VOCÊ TEM A OPÇÃO DE MUDAR DE FAIXA PARA EVITAR OS CARROS QUE SE APROXIMAM. O OBJETIVO É PEGAR TODOS OS PONTOS ANTES QUE O COMPUTADOR O ELIMINE.;EXIDY;;;false;40708;0;AÇÃO / LABIRINTO, CORRIDA, PILOTAGEM, AÇÃO;1537;75D46FFD;false;;;ca78604518ba809f72afe37beb9d45e7;;0;1-2;EXIDY;0,20;;wor;;;;;;;./media/image/Crash-boxart.png;;./media/extras/Crash-extra1.png;;./media/image/Crash-image.png;;./media/manuals/Crash_(us).pdf;;./media/image/Crash-marquee.png;./media/image/Crash-image.png;./media/image/Crash-wheelround.png;./media/screenshots/Crash-screenshot.png;./media/image/Crash-titleshot.png;./media/image/Crash-boxart.png;./media/videos/Crash-video.mp4;./media/image/Crash-wheel.png;./media/image/Crash-wheelround.png
./Crimec.zip;CRIMEC;false;19890101T000000;taito;false;;CRIME CITY É UM JOGO DE TIRO EM PLATAFORMA DE ROLAGEM LATERAL PARA UM OU DOIS JOGADORES, NO QUAL DOIS POLICIAIS CHAMADOS TONY GIBSON E RAYMOND BRODY TÊM A TAREFA DE DERRUBAR AS GANGUES DE CRIMINOSOS QUE INVADIRAM SUA CIDADE.  CADA UMA DAS SEIS ETAPAS DO JOGO CONCENTRA-SE EM UMA ATIVIDADE CRIMINOSA ESPECÍFICA, COMO ASSALTO A BANCO OU CONTRABANDO. O OBJETIVO DE CADA FASE É ALCANÇAR O PODEROSO PERSONAGEM 'CHEFE' E, EM SEGUIDA, DERROTÁ-LO E PRENDÊ-LO.;TAITO;;;false;40715;0;PLATAFORMA, PLATAFORMA / TIRO COM ROLAGEM;257;E5629C73;false;;;8bd85fa5c9daafd59b93ef95555edbf1;;0;1-2;TAITO;0,40;;wor;;;;;./media/image/Crimec-bezel.png;;./media/image/Crimec-boxart.png;;./media/extras/Crimec-extra1.png;./media/fanart/Crimec-fanart.jpg;./media/image/Crimec-image.png;;./media/manuals/Crimec_(us).pdf;;./media/image/Crimec-marquee.png;./media/image/Crimec-image.png;./media/image/Crimec-wheelround.png;./media/screenshots/Crimec-screenshot.png;./media/image/Crimec-titleshot.png;./media/image/Crimec-boxart.png;./media/videos/Crimec-video.mp4;./media/image/Crimec-wheel.png;./media/image/Crimec-wheelround.png
./Crimfght.zip;CRIMFGHT;false;19890101T000000;konami;false;;CRIME FIGHTERS É UM JOGO DE FLIPERAMA ONDE SUA MISSÃO É RESGATAR VÁRIAS MULHERES QUE FORAM SEQUESTRADAS POR UM CHEFE DO CRIME E LIMPAR AS RUAS ESPANCANDO O MAIOR NÚMERO POSSÍVEL DE MEMBROS DE GANGUES COM SUAS PRÓPRIAS MÃOS, ASSIM COMO QUALQUER OUTRA COISA QUE VOCÊ PODE DESCOBRIR. VOCÊ VIAJARÁ POR OITO NÍVEIS POR TODA A CIDADE, EM LOCAIS QUE VARIAM DO METRÔ ÀS DOCAS. NO FINAL DE CADA ETAPA, HÁ UMA BRIGA COM UM PERSONAGEM CHEFE, MUITOS DOS QUAIS SÃO IMITAÇÕES DE ANTAGONISTAS DE FILMES DE TERROR FAMOSOS COMO FREDDY KRUGER E JASON VOORHEES. A PONTUAÇÃO É FEITA POR UM SISTEMA EM QUE VOCÊ SIMPLESMENTE GANHA UM PONTO POR CADA INIMIGO QUE MATA. OCASIONALMENTE, APARECEM EXEMPLOS DA FÍSICA DOS DESENHOS ANIMADOS, COMO QUANDO SEU PERSONAGEM É ESMAGADO POR UM ROLO COMPRESSOR EM MOVIMENTO OU UM OUTDOOR CAINDO.;KONAMI;;;false;40718;0;BRIGA DE RUA, LUTA, LUTA / 2.5D;263;AFB9FD35;false;;;3d3ca62ddd6efc3426e59aaf149068b6;;0;1-4;KONAMI;0,40;;wor;;;;;./media/image/Crimfght-bezel.png;;./media/image/Crimfght-boxart.png;;./media/extras/Crimfght-extra1.png;./media/fanart/Crimfght-fanart.jpg;./media/image/Crimfght-image.png;;./media/manuals/Crimfght_(wor).pdf;;./media/image/Crimfght-marquee.png;./media/image/Crimfght-image.png;./media/image/Crimfght-wheelround.png;./media/screenshots/Crimfght-screenshot.png;./media/image/Crimfght-titleshot.png;./media/image/Crimfght-boxart.png;./media/videos/Crimfght-video.mp4;./media/image/Crimfght-wheel.png;./media/image/Crimfght-wheelround.png
./Crossbow.zip;CROSSBOW;false;19830101T000000;exidy;false;;O PRIMEIRO JOGO DE TIRO EM PRIMEIRA PESSOA COM UMA SENSAÇÃO DE MASMORRAS E DRAGÕES. APRESENTA BOA FALA E GRITOS. A JOGABILIDADE EXIGE QUE O JOGADOR PROTEJA UM BANDO DE AVENTUREIROS (REFERIDOS COMO "AMIGOS" NO JOGO) DE LONGE, ATIRANDO EM OBJETOS QUE OS AMEAÇAM. OS AVENTUREIROS ENTRAM PELO LADO ESQUERDO DA TELA E TENTAM ATRAVESSÁ-LA ILESOS. SE O JOGADOR OS AJUDAR A CHEGAR AO LADO OPOSTO DA TELA COM SEGURANÇA, OS AVENTUREIROS SOBREVIVEM PARA O PRÓXIMO CENÁRIO, E NOVOS AVENTUREIROS SÃO OCASIONALMENTE CONCEDIDOS ENTRE OS CENÁRIOS. ALÉM DOS OBSTÁCULOS, OS AVENTUREIROS FICAM VULNERÁVEIS ​​AOS TIROS DO JOGADOR. NA PRIMEIRA VEZ QUE O JOGADOR ATIRA EM UM AVENTUREIRO, UMA MENSAGEM NA TELA É MOSTRADA: "NÃO ATIRE EM SEUS AMIGOS!" DEPOIS DISSO, ATIRAR EM UM AVENTUREIRO FARÁ COM QUE ELE EMITA UM GRITO DE DOR E ANDE MAIS DEVAGAR PELO RESTO DO CAMINHO. UM SEGUNDO TIRO MATARÁ O AVENTUREIRO. OS CENÁRIOS SÃO ESCOLHIDOS FILMANDO UM DESTINO NA TELA DO MAPA, QUE INCLUI: CIDADE, DESERTO, VULCÃO, CAVERNA, PONTE, SELVA E CASTELO. O CAMINHO MAIS CURTO PARA CHEGAR AO CASTELO É USAR OS SEGUINTES CAMINHOS COLORIDOS -> VERDE -> AZUL -> AZUL -> VERMELHO. O OBJETIVO É CHEGAR AO CENÁRIO FINAL, PASSANDO PELO CASTELO, NO QUAL O JOGADOR CONFRONTA O MESTRE - QUE PROVAVELMENTE CRIOU OS PERIGOS DO JOGO. DERROTAR O MESTRE DAS TREVAS EXIGE ATIRAR NOS OLHOS DELE QUANDO ELES FICAM VERMELHOS (E MORTAIS). O JOGADOR RECEBE UM BREVE PARABÉNS E UM DESAFIO PARA DERROTAR O MESTRE NOVAMENTE, MAS SE VOCÊ OUSAR. SEGUINDO ESSA TELA, O JOGADOR RECOMEÇA COM QUANTOS AVENTUREIROS SOBREVIVERAM AO CONFRONTO.;EXIDY;;;false;40723;0;TIRO / TIRO EM 1ª PESSOA, TIRO;259;3F0858E8;false;;;bb36865ed88620f7c924af0c0976172c;;0;1;EXIDY;0,60;;wor;;;;;./media/image/Crossbow-bezel.png;./media/image/Crossbow-boxback.png;./media/image/Crossbow-boxart.png;;./media/extras/Crossbow-extra1.png;./media/fanart/Crossbow-fanart.jpg;./media/image/Crossbow-image.png;;./media/manuals/Crossbow-manual.pdf;;./media/image/Crossbow-marquee.png;./media/image/Crossbow-image.png;./media/image/Crossbow-wheelround.png;./media/screenshots/Crossbow-screenshot.png;./media/image/Crossbow-titleshot.png;./media/image/Crossbow-boxart.png;./media/videos/Crossbow-video.mp4;./media/image/Crossbow-wheel.png;./media/image/Crossbow-wheelround.png
./Crossed Swords.zip;CROSSED SWORDS;false;19910101T000000;snk;false;;COMO UM CAVALEIRO, VOCÊ DEVE VIAJAR PELO CAMPO LUTANDO CONTRA MONSTROS E BANDIDOS USANDO SUA ESPADA E ESCUDO. QUANDO VOCÊ ENTRA EM COMBATE, A VISÃO MUDA PARA UMA PERSPECTIVA DE PSEUDO-PRIMEIRA PESSOA, ONDE O CORPO DO SEU CAVALEIRO É DELINEADO PARA QUE VOCÊ POSSA VER AS CRIATURAS QUE VOCÊ ESTÁ LUTANDO. QUANDO OS INIMIGOS SÃO DERROTADOS, ELES PERDEM DINHEIRO E BÔNUS. EXISTEM SETE CAPÍTULOS NO JOGO, E CADA CAPÍTULO (EXCETO UM) COMEÇA COM VOCÊ ENTRANDO NA LOJA DE UM COMERCIANTE E COMPRANDO ARMAS USANDO O DINHEIRO QUE VOCÊ COLETOU ATÉ AGORA. EXISTEM TAMBÉM CAMINHOS ALTERNATIVOS QUE O LEVAM A DIFERENTES PARTES DO JOGO. NO INÍCIO DO JOGO, VOCÊ PODE ESCOLHER UM CAPÍTULO (DE UM A TRÊS APENAS) PARA O QUAL DESEJA COMEÇAR.;ADK;;;false;13924;0;AVENTURA;512;3806FA83;false;;;31982ecda0db64c6c014926c8369c445;Jogador individual;0;1-2;SNK;0,60;;;;;;;./media/image/Crossed Swords-bezel.png;;;;./media/extras/Crossed Swords-extra1.png;./media/fanart/Crossed Swords-fanart.jpg;./media/image/Crossed Swords-image.png;;./media/manuals/Crossed Swords-manual.pdf;;;./media/image/Crossed Swords-image.png;;./media/screenshots/Crossed Swords-screenshot.png;./media/image/Crossed Swords-titleshot.png;;./media/videos/Crossed Swords-video.mp4;;
./Crush.zip;CRUSH;false;19810101T000000;alphadenshi;false;;CRUSH ROLLER É UM JOGO DE LABIRINTO NO QUAL O JOGADOR CONTROLA UM PINCEL E DEVE PINTAR TODO O LAYOUT PARA AVANÇAR PARA A PRÓXIMA FASE. DOIS PEIXES UM AMARELO, O OUTRO AZUL CLARO EMERGEM DE AQUÁRIOS SEPARADOS PARA PERSEGUIR O PINCEL AO REDOR DO TABULEIRO, E SE UM DOS PEIXES CONSEGUIR ENTRAR EM CONTATO COM O PINCEL, O JOGADOR PERDE UMA VIDA.;ADK;;;false;40730;0;AÇÃO / LABIRINTO, AÇÃO;258;864662CF;false;;;f6bee6ef29730b6c85ca7058213de7e4;Multijogador competitivo;0;1-2;KURAL ELECTRIC;0,80;;wor;Right;;;;./media/image/Crush-bezel.png;./media/image/Crush-boxback.png;./media/image/Crush-boxart.png;;./media/extras/Crush-extra1.png;./media/fanart/Crush-fanart.jpg;./media/image/Crush-image.png;;./media/manuals/Crush_(wor).pdf;;./media/image/Crush-marquee.png;./media/image/Crush-image.png;./media/image/Crush-wheelround.png;./media/screenshots/Crush-screenshot.png;./media/image/Crush-titleshot.png;./media/image/Crush-boxart.png;./media/videos/Crush-video.mp4;./media/image/Crush-wheel.png;./media/image/Crush-wheelround.png
./Crusnusa.zip;CRUSNUSA;false;19940101T000000;midway;false;;PROJETADO PELO LENDÁRIO EUGENE JARVIS (CRIADOR DE, ENTRE OUTRAS COISAS, "ROBOTRON" E "DEFENDER"), CRUIS'N USA É UM JOGO DE CORRIDA PONTO A PONTO COM QUATORZE PERCURSOS SEPARADOS AMBIENTADOS EM VÁRIOS LOCAIS DIFERENTES DOS EUA. CADA CORRIDA ACONTECE CONTRA OUTROS NOVE CARROS RIVAIS. ALÉM DOS ADVERSÁRIOS DO JOGADOR, AS ESTRADAS ESTÃO REPLETAS DE TRÁFEGO CIVIL QUE DEVE SER EVITADO. QUALQUER COLISÃO COM OUTROS VEÍCULOS OU COM OBJETOS NA PISTA RESULTARÁ EM PERDA DE TEMPO ENQUANTO O JOGADOR CORRE CONTRA O RELÓGIO E CONTRA OS NOVE PILOTOS RIVAIS. EM MUITAS PISTAS, AS COLISÕES PODEM SER EVITADAS DIRIGINDO FORA DE ESTRADA, EMBORA ISSO TENHA UM EFEITO INVERSO TANTO NO MANUSEIO QUANTO NA VELOCIDADE. A FÍSICA DO JOGO É INTEIRAMENTE VOLTADA PARA O MANUSEIO NO ESTILO ARCADE. AS COLISÕES MENCIONADAS FAZEM COM QUE OS VEÍCULOS SALTEM E GIREM COMO SE FOSSEM FEITOS DE BORRACHA, ANTES DE VOLTAREM À PISTA.;MIDWAY;;;false;40733;0;CORRIDA, PILOTAGEM;1537;4CC5E070;false;;;78e4de917252efe69c049ae8315c7f0b;;0;1;MIDWAY;0,80;;wor;;;;;./media/image/Crusnusa-bezel.png;;./media/image/Crusnusa-boxart.png;;./media/extras/Crusnusa-extra1.png;./media/fanart/Crusnusa-fanart.jpg;./media/image/Crusnusa-image.png;;./media/manuals/Crusnusa-manual.pdf;;./media/image/Crusnusa-marquee.png;./media/image/Crusnusa-image.png;./media/image/Crusnusa-wheelround.png;./media/screenshots/Crusnusa-screenshot.png;./media/image/Crusnusa-titleshot.png;./media/image/Crusnusa-boxart.png;./media/videos/Crusnusa-video.mp4;./media/image/Crusnusa-wheel.png;./media/image/Crusnusa-wheelround.png
./Crusnwld.zip;CRUSNWLD;false;19960101T000000;midway;false;;CRUIS’N WORLD É UMA SEQUÊNCIA DIRETA DE “CRUIS’N USA” E É NOVAMENTE UM JOGO DE CORRIDA PONTO A PONTO, COM CADA CORRIDA TENDO O JOGADOR COMPETINDO CONTRA NOVE PILOTOS RIVAIS. AO CONTRÁRIO DE SUA PREQUELA AMBIENTADA NOS EUA, AS CORRIDAS DO CRUIS'N WORLD ACONTECEM EM VÁRIOS LOCAIS DO MUNDO, COMO EGITO, LONDRES E FRANÇA. OS JOGADORES PODEM CORRER EM QUALQUER UM DOS DOZE PAÍSES CLASSIFICADOS POR DIFICULDADE OU DIRIGIR O MUNDO INTEIRO POR QUATORZE PISTAS. EMBORA A JOGABILIDADE PRINCIPAL PERMANEÇA A MESMA, NOVOS MOVIMENTOS DE ACROBACIAS QUE ECONOMIZAM TEMPO FORAM INTRODUZIDOS NA FORMA DE CAVALINHOS E SALTOS, E MUITAS PISTAS AGORA APRESENTAM ATALHOS.;MIDWAY;;;false;40734;0;CORRIDA, PILOTAGEM, CORRIDA EM 3ª PESSOA;1537;5C990054;false;;;c09c1e8c34a7c3ce924fb2f067a16741;;0;1;MIDWAY;0,60;;wor;;;;;./media/image/Crusnwld-bezel.png;;./media/image/Crusnwld-boxart.png;;./media/extras/Crusnwld-extra1.png;./media/fanart/Crusnwld-fanart.jpg;./media/image/Crusnwld-image.png;;;;./media/image/Crusnwld-marquee.png;./media/image/Crusnwld-image.png;./media/image/Crusnwld-wheelround.png;./media/screenshots/Crusnwld-screenshot.png;./media/image/Crusnwld-titleshot.png;./media/image/Crusnwld-boxart.png;./media/videos/Crusnwld-video.mp4;./media/image/Crusnwld-wheel.png;./media/image/Crusnwld-wheelround.png
./Crysking.zip;CRYSKING;false;20010101T000000;igs;false;;UM BELO BEAT'EM UP COM TRANSPARÊNCIAS, EFEITOS DE ROLAGEM DE LINHA E OITO NÍVEIS... ESTÁGIO 1: THE PULL OFF EVIL - CHEFE: GRANDE DESTRUIDOR ESTÁGIO 2: ATRAVÉS DAS CORRENTES – CHEFE: SERPENTE ESTÁGIO 3: A CAVERNA DAS TREVAS - CHEFE: MASTER OF UNDERGROUND ETAPA 4: O CONGRESSO DOS CRISTAIS - CHEFE: HARPIAS ESTÁGIO 5: INTO THE DARKNESS - CHEFE: 2 MINOTAUROS ESTÁGIO 6: ESTOREA - CHEFE: DRAGÃO SINISTRO ESTÁGIO 7: NERO FILONE - CHEFE: CAVALEIRO NEGRO ESTÁGIO 8: CRISTAL DO REI - CHEFE: ESPÍRITO NOTURNO, ESPÍRITO NEGRO;BREZZASOFT;;;false;40737;0;LUTA, LUTA / 2.5D;262;994C90A9;false;;;c4be82779e400bd7c79d95920b9a9ba3;;0;1-2;BREZZASOFT;0,40;;wor;;;;;;;./media/image/Crysking-boxart.png;;./media/extras/Crysking-extra1.png;;./media/image/Crysking-image.png;;;;./media/image/Crysking-marquee.png;./media/image/Crysking-image.png;./media/image/Crysking-wheelround.png;./media/screenshots/Crysking-screenshot.png;./media/image/Crysking-titleshot.png;./media/image/Crysking-boxart.png;./media/videos/Crysking-video.mp4;./media/image/Crysking-wheel.png;./media/image/Crysking-wheelround.png
./Cshift.zip;CSHIFT;false;19840101T000000;midway;false;;UM JOGO VICIANTE EM QUE O OBJETIVO É GUIAR OS OVOS POR UM LABIRINTO DE PASSAGENS DE OVOS E GUIÁ-LOS COM SEGURANÇA ATÉ A CESTA NA PARTE INFERIOR DA TELA. ISSO É CONSEGUIDO TROCANDO OS TUBOS VERMELHOS E AZUIS PARA FICAREM VOLTADOS PARA O LADO ESQUERDO OU DIREITO EXATAMENTE NO MOMENTO CERTO. OS JOGADORES DEVEM MANIPULAR DIFERENTES TUBOS EM AMBAS AS METADES DA TELA AO MESMO TEMPO, TORNANDO A JOGABILIDADE EXIGENTE E GRATIFICANTE.;BALLY MIDWAY;;;false;40748;0;QUEBRA-CABEÇAS, AÇÃO / LABIRINTO, AÇÃO;258;60AD18B7;false;;;775b11035e4349c26cbafcf71fe21d8b;;0;1-2;BALLY SENTE;0,60;;wor;;;;;;;./media/image/Cshift-boxart.png;;./media/extras/Cshift-extra1.png;./media/fanart/Cshift-fanart.jpg;./media/image/Cshift-image.png;;;;./media/image/Cshift-marquee.png;./media/image/Cshift-image.png;./media/image/Cshift-wheelround.png;./media/screenshots/Cshift-screenshot.png;./media/image/Cshift-titleshot.png;./media/image/Cshift-boxart.png;./media/videos/Cshift-video.mp4;./media/image/Cshift-wheel.png;./media/image/Cshift-wheelround.png
./Csprint.zip;CSPRINT;false;19860101T000000;atari;false;;CHAMPIONSHIP SPRINT É UMA VERSÃO ATUALIZADA DA ANTIGA SÉRIE ATARI SPRINT, COM A CAPACIDADE ADICIONAL PARA OS JOGADORES ATUALIZAREM SEUS VEÍCULOS CONFORME O JOGO AVANÇA. AS ATUALIZAÇÕES SÃO OBTIDAS COLETANDO AS CHAVES BÔNUS QUE APARECEM UMA VEZ DURANTE CADA CORRIDA, E ASSIM QUE OS JOGADORES COLETAREM QUATRO CHAVES, UMA TELA DE ATUALIZAÇÃO SERÁ APRESENTADA A ELES, PERMITINDO-LHES ESCOLHER MELHOR TRAÇÃO, VELOCIDADE MÁXIMA, ACELERAÇÃO OU UM HELICÓPTERO MAIS RÁPIDO. É CLARO QUE COLISÕES COM BARREIRAS DEVEM SER EVITADAS, POIS INVARIAVELMENTE CUSTAM UM TEMPO VALIOSO AO JOGADOR. TAMBÉM, UMA COLISÃO FRONTAL DIRETA PODE CAUSAR A EXPLOSÃO DOS VEÍCULOS DOS JOGADORES - PRINCIPALMENTE SE O JOGADOR ESTIVER SE MOVENDO EM ALTA VELOCIDADE QUANDO ISSO ACONTECER. NO CASO DE UM CARRO EXPLODIR, UM HELICÓPTERO TRANSPORTARÁ AUTOMATICAMENTE UM VEÍCULO SUBSTITUTO PARA A PISTA, ESTA SUBSTITUIÇÃO MANTERÁ TODAS AS ATUALIZAÇÕES ANTERIORES FEITAS PELO JOGADOR. ESPERAR PELO CARRO SUBSTITUTO LEVA UM TEMPO PRECIOSO E PERMITE QUE OS MOTORISTAS RIVAIS OBTENHAM UMA VANTAGEM DISTINTA. O TEMPO DE SUBSTITUIÇÃO DO CARRO PODE SER REDUZIDO COM A ATUALIZAÇÃO DO HELICÓPTERO. AS PISTAS EM SI SÃO TODAS VARIAÇÕES DO 'OVAL' BÁSICO, COM PORTÕES, SALTOS, RAMPAS E ENCRUZILHADAS GARANTINDO UM JOGO EXIGENTE, MAS INCRIVELMENTE JOGÁVEL.;ATARI;;;false;40758;0;CORRIDA, PILOTAGEM, CORRIDA, PILOTAGEM / CORRIDA;1537;0ED776E7;false;;;e41d658bc222d27e7c30033dd3a5c094;;0;1-2;ATARI;0,80;;wor;;;;;./media/image/Csprint-bezel.png;;./media/image/Csprint-boxart.png;;./media/extras/Csprint-extra1.png;./media/fanart/Csprint-fanart.jpg;./media/image/Csprint-image.png;;./media/manuals/Csprint_(us).pdf;;./media/image/Csprint-marquee.png;./media/image/Csprint-image.png;./media/image/Csprint-wheelround.png;./media/screenshots/Csprint-screenshot.png;./media/image/Csprint-titleshot.png;./media/image/Csprint-boxart.png;./media/videos/Csprint-video.mp4;./media/image/Csprint-wheel.png;./media/image/Csprint-wheelround.png
./Trojanj.zip;Trojanj;false;19860101T000000;capcom;false;;O jogo consiste em seis fases, onde o jogador vai enfrentar a série habitual de pequenos inimigos fritar, bem como um vice-chefe no centro de cada etapa e um chefe no final. O jogador pode começar o jogo em qualquer uma das seis fases. No entanto, o jogador deve jogar o jogo inteiro novamente depois de derrotar o chefe final, Aquiles, para ver o verdadeiro final (semelhante ao dos Goblins n Fantasmas). O jogador pode continuar após o fim do jogo, dependendo da configuração do interruptor DIP.;Capcom;;;false;43741;0;Plataforma, Plataforma / Combate Com Rolagem;257;C63C4535;false;;;87032a72212be1c98326b117831ad19a;;0;1-2;Capcom;0,60;;jp;;;; Clone Of : trojan -> Tatakai no Banka (Japan);./media/image/Trojanj-bezel.png;./media/image/Trojanj-boxback.png;./media/image/Trojanj-boxart.png;;./media/extras/Trojanj-extra1.png;./media/fanart/Trojanj-fanart.jpg;./media/image/Trojanj-image.png;;./media/manuals/Trojanj_(us).pdf;;./media/image/Trojanj-marquee.png;;./media/image/Trojanj-wheelround.png;./media/screenshots/Trojanj-screenshot.png;./media/image/Trojanj-titleshot.png;;./media/videos/Trojanj-video.mp4;./media/image/Trojanj-wheel.png;./media/image/Trojanj-wheelround.png
./Tron.zip;Tron;false;19820101T000000;midway;false;;Tron é um jogo para 1 ou 2 jogadores ambientado no computador 'Tron' e é baseado no inovador filme da Disney de mesmo nome.  Tron consiste em vinte e duas fases - ou 'fases' - de jogo. Cada fase consiste em quatro jogos separados chamados "domínios", todos os quais devem ser concluídos antes de passar para a próxima fase. Os jogadores podem determinar a ordem em que cada um dos quatro domínios é tentado, mas a posição do domínio é aleatória e só é revelada quando o domínio é escolhido.  Os quatro domínios que compõem uma fase nunca mudam ao longo do jogo, embora tanto o nível de dificuldade como o número de inimigos aumentem a cada fase subsequente. Os domínios são os seguintes:  CICLOS DE LUZ: O jogador controla um Ciclo de Luz que deixa um rastro de luz azul em seu rastro. O objetivo é 'encaixar' os Light Cycles inimigos amarelos, fazendo-os bater em uma ciclovia (deles ou do jogador) ou em uma parede. O jogador também deve evitar qualquer colisão com paredes ou trilhas leves. O joystick controla a direção da bicicleta e o gatilho controla sua velocidade. TORRE DE E/S: Destrua os Grid Bugs que emergem da grade ao redor da torre. Os bugs se multiplicarão e preencherão a tela inteira se não forem interrompidos. Os jogadores devem tentar abrir caminho para - e entrar - na Torre de E/S antes que o tempo acabe. O stick controla o movimento do personagem do jogador e o botão giratório controla a direção do tiro. LABIRINTO DE TANQUES: Destrua todos os tanques inimigos que estão patrulhando o labirinto. O tanque do jogador pode disparar em todas as direções e rebater tiros nas paredes, mas pode ser destruído com um único tiro, enquanto os tanques inimigos só podem disparar na direção de deslocamento, mas precisam de três tiros antes de serem destruídos. Os tanques "Reconhecedores" também aparecem em fases posteriores, estes NÃO atiram, mas se movem rapidamente e tentarão bater no tanque do jogador. O joystick controla o movimento do tanque do jogador e o botão giratório controla a direção do tiro. CONE MCP: Destrua os blocos na coluna colorida descendente e giratória para abrir caminho e mover o personagem para cima no cone de luz acima dos blocos. Um bônus é concedido se todos os blocos forem destruídos. O stick controla o movimento do personagem e o botão giratório controla a direção do tiro.  Vidas bônus são concedidas periodicamente ao longo do jogo à medida que pontuações específicas são alcançadas. Cada inimigo e item tem um valor de pontos atribuído (veja a seção “PONTUAÇÃO” para detalhes).;Bally Midway;;;false;43742;0;Compilação;3840;B6BC5C71;false;;;f5dfe812fdef25641e3595e084b366bd;;0;1-2;Bally Midway;0,80;;wor;Right;;;;./media/image/Tron-bezel.png;./media/image/Tron-boxback.png;./media/image/Tron-boxart.png;;./media/extras/Tron-extra1.png;./media/fanart/Tron-fanart.jpg;./media/image/Tron-image.png;;./media/manuals/Tron-manual.pdf;;./media/image/Tron-marquee.png;;./media/image/Tron-wheelround.png;./media/screenshots/Tron-screenshot.png;./media/image/Tron-titleshot.png;;./media/videos/Tron-video.mp4;./media/image/Tron-wheel.png;./media/image/Tron-wheelround.png
./Tumblep.zip;Tumblep;false;19910101T000000;dataeast;false;;Tumble Pop é um jogo de plataforma para um ou dois jogadores em que o objetivo é eliminar os inimigos de cada nível, sugando-os - e depois ejetando-os - de um aspirador portátil.   Manter pressionado o botão de disparo suga os inimigos para dentro do limpador, e soltar o botão faz com que eles sejam expelidos de volta. Os inimigos ejetados agem como projéteis que podem danificar e matar qualquer outro inimigo na tela com o qual colidam. Todos os inimigos devem ser mortos antes que os jogadores possam avançar para a próxima fase.   Ao longo do jogo, letras do alfabeto aparecem aleatoriamente em bolhas. Eles podem ser coletados para eventualmente soletrar a palavra "TUMBLEPOP". Uma vez alcançado isto, os jogadores são transportados para um nível de bônus por tempo limitado, dando-lhes a oportunidade de ganhar pontos de bônus e vidas extras.;Data East;;;false;43774;0;Plataforma, Plataforma / Corre E Pula;257;47C678D6;false;;;71faaea5395ebd0e420f1cb7b945093c;;0;1-2;Data East;0,80;;wor;;;;;;;./media/image/Tumblep-boxart.png;;./media/extras/Tumblep-extra1.png;./media/fanart/Tumblep-fanart.jpg;./media/image/Tumblep-image.png;;;;./media/image/Tumblep-marquee.png;;./media/image/Tumblep-wheelround.png;./media/screenshots/Tumblep-screenshot.png;./media/image/Tumblep-titleshot.png;;./media/videos/Tumblep-video.mp4;./media/image/Tumblep-wheel.png;./media/image/Tumblep-wheelround.png
./Turpin.zip;Turpin;false;19811201T000000;konami;false;;Ajude as tartarugas a transportar seus bebês para um local seguro. Cuidado com os besouros malvados!;Konami;;;false;43783;0;Ação / Labirinto, Ação;258;FC1F7279;false;;;e9714954443db9b71c88f5db1412b29e;;0;1-2;Konami;0,80;;wor;Right;;; Clone Of : turtles -> Turpin;./media/image/Turpin-bezel.png;;./media/image/Turpin-boxart.png;;./media/extras/Turpin-extra1.png;./media/fanart/Turpin-fanart.jpg;./media/image/Turpin-image.png;;./media/manuals/Turpin-manual.pdf;;./media/image/Turpin-marquee.png;;./media/image/Turpin-wheelround.png;./media/screenshots/Turpin-screenshot.png;./media/image/Turpin-titleshot.png;;./media/videos/Turpin-video.mp4;./media/image/Turpin-wheel.png;./media/image/Turpin-wheelround.png
./Turtles.zip;Turtles;false;19811201T000000;konami;false;;Ajude as tartarugas a transportar seus bebês para um local seguro. Cuidado com os besouros malvados!;Konami;;;false;43783;0;Ação / Labirinto, Ação;258;6A825710;false;;;f50d97fba36af22d0cba3e0109cc98fa;;0;1-2;Konami;0,80;;wor;Right;;;;./media/image/Turtles-bezel.png;;./media/image/Turtles-boxart.png;;./media/extras/Turtles-extra1.png;./media/fanart/Turtles-fanart.jpg;./media/image/Turtles-image.png;;./media/manuals/Turtles-manual.pdf;;./media/image/Turtles-marquee.png;;./media/image/Turtles-wheelround.png;./media/screenshots/Turtles-screenshot.png;./media/image/Turtles-titleshot.png;;./media/videos/Turtles-video.mp4;./media/image/Turtles-wheel.png;./media/image/Turtles-wheelround.png
./Turtship.zip;Turtship;false;19880101T000000;;false;;O jogo é um típico atirador espacial que joga horizontalmente ou verticalmente dependendo do nível. Três botões por jogador: armas, mísseis e especiais. Especial é uma super arma que mata todos os inimigos, exceto os mais poderosos.;Philko;;;false;43784;0;Shoot'em Up / Horizontal, Shoot'em Up;260;492ECF56;false;;;2df6538dabe0966bb477543d1fe52de6;;0;1-2;Philko (Sharp Image license);0,60;;wor;;;;;;;./media/image/Turtship-boxart.png;;./media/extras/Turtship-extra1.png;;./media/image/Turtship-image.png;;;;./media/image/Turtship-marquee.png;;./media/image/Turtship-wheelround.png;./media/screenshots/Turtship-screenshot.png;./media/image/Turtship-titleshot.png;;./media/videos/Turtship-video.mp4;./media/image/Turtship-wheel.png;./media/image/Turtship-wheelround.png
./Tutankhm.zip;Tutankhm;false;19820101T000000;konami;false;;Dentro da tumba do Rei Tut estão tesouros além dos seus sonhos mais loucos. Eles podem ser seus... se você se atrever a pegá-los. Criaturas sobrenaturais vagam pelos labirintos da tumba guardando os tesouros a todo custo. Suas únicas defesas contra eles são sua arma laser... e sua inteligência. Exploda, pegue o saque, escape pela passagem secreta antes que seja tarde demais! E quando você vir uma chave, pegue-a também. Isso abrirá a porta para a próxima câmara e para a próxima aventura. Entre na tumba do Rei Tut e veja o que o espera... se tiver coragem.;Konami;;;false;43785;0;Ação / Labirinto, Ação;258;F4506F12;false;;;fea51a1f4d3d471cc6a68911e063cc17;;0;1-2;Konami;0,80;;wor;Right;;;;./media/image/Tutankhm-bezel.png;./media/image/Tutankhm-boxback.png;./media/image/Tutankhm-boxart.png;;./media/extras/Tutankhm-extra1.png;;./media/image/Tutankhm-image.png;;./media/manuals/Tutankhm_(us).pdf;;./media/image/Tutankhm-marquee.png;;./media/image/Tutankhm-wheelround.png;./media/screenshots/Tutankhm-screenshot.png;./media/image/Tutankhm-titleshot.png;;./media/videos/Tutankhm-video.mp4;./media/image/Tutankhm-wheel.png;./media/image/Tutankhm-wheelround.png
./Twinklestar Sprites.zip;Twinklestar Sprites;false;;snk;false;;Twinklestar Sprites no Neo Geo é um shoot'em up cuja ação intensa contrasta com um estilo gráfico fofo e colorido. Separados por uma barra vertical, dois jogadores se enfrentam em um duelo (humano contra humano ou CPU) e devem eliminar uma série de inimigos o mais rápido possível para enviar bolas de fogo para a área do oponente.;ADK;;;false;37652;0;Shoot'em Up / Vertical, Shoot'em Up;260;A1C20842;false;;;ef6360903c29432b661ee98b97b6114e;Multijogador local;0;1-2;SNK;0,60;;;;;;;./media/image/Twinklestar Sprites-bezel.png;;;;./media/extras/Twinklestar Sprites-extra1.png;./media/fanart/Twinklestar Sprites-fanart.jpg;./media/image/Twinklestar Sprites-image.png;;./media/manuals/Twinklestar Sprites-manual.pdf;;;;;./media/screenshots/Twinklestar Sprites-screenshot.png;./media/image/Twinklestar Sprites-titleshot.png;;./media/videos/Twinklestar Sprites-video.mp4;;
./Twotiger.zip;Twotiger;false;19840101T000000;midway;false;;Two Tigers é um jogo de tiro em 2D. O jogo começa dizendo quantos golpes você deve dar no navio antes de poder reivindicar o crédito por afundá-lo. Você então irá para a próxima tela que tem seu caça/bombardeiro no meio da tela. A mira também estará em algum lugar no céu (a mira é na verdade o local onde o fogo antiaéreo atingirá). Logo o céu se enche de aviões inimigos e um navio entra na tela pelo lado esquerdo. Sua missão será fazer o que for preciso para colocar o número necessário de buracos no navio inimigo para afundá-lo. Você tem à sua disposição uma única bomba e os próprios aviões inimigos para atingir seu objetivo. Ao longo do caminho, outras coisas podem ajudar (se você atirar nelas), como minas e tambores de combustível. O jogo continuará até que você não consiga afundar 2 navios. Se você estiver no modo cooperativo para 2 jogadores, o número de buracos para afundar um navio aumentará. As mesmas regras se aplicam, porém, ao envio para o fundo do mar.;Bally Midway;;;false;43810;0;Tiro;256;B44E2025;false;;;c4fd7822e07760ddc652b4671ddc4565;;0;1-2;Bally Midway;0,40;;wor;;;;;./media/image/Twotiger-bezel.png;;./media/image/Twotiger-boxart.png;;./media/extras/Twotiger-extra1.png;./media/fanart/Twotiger-fanart.jpg;./media/image/Twotiger-image.png;;;;./media/image/Twotiger-marquee.png;;./media/image/Twotiger-wheelround.png;./media/screenshots/Twotiger-screenshot.png;./media/image/Twotiger-titleshot.png;;./media/videos/Twotiger-video.mp4;./media/image/Twotiger-wheel.png;./media/image/Twotiger-wheelround.png
./Uballoon.zip;Uballoon;false;19960101T000000;;false;;Numa noite aparentemente tranquila na casa dos Robinson, coisas estranhas acontecem no quarto do bebê... os brinquedos estão revolucionando e criando uma bagunça louca! Você deve ajudar o bebê que controla o robô e salvá-lo do malvado monstro azul. Faça o papel de um pinguim azul legal e navegue pelos níveis cada vez mais complicados para resolver os quebra-cabeças e salvar o dia! Salte entre plataformas e resolva os quebra-cabeças para impedir os planos malignos do monstro azul!    Um clone do "Bubble Bobble".;SunA;;;false;43817;0;Plataforma, Plataforma / Corre E Pula;257;C834447D;false;;;5e61ce703b0474913c465df5038c5e9d;;0;1-2;SunA;0,40;;wor;;;;;;;;;./media/extras/Uballoon-extra1.png;./media/fanart/Uballoon-fanart.jpg;./media/image/Uballoon-image.png;;;;./media/image/Uballoon-marquee.png;;./media/image/Uballoon-wheelround.png;./media/screenshots/Uballoon-screenshot.png;./media/image/Uballoon-titleshot.png;;./media/videos/Uballoon-video.mp4;./media/image/Uballoon-wheel.png;./media/image/Uballoon-wheelround.png
./Uccops.zip;Uccops;false;19920101T000000;irem;false;;Undercover Cops é um beat-em-up de rolagem horizontal para até três jogadores, no qual o Dr. Clayborn e seus capangas assumiram o controle da cidade. O Comissário de Polícia Gordon convocou três dos melhores policiais disfarçados de Nova York: Bubba, um ex-jogador de futebol profissional, Flame, uma ex-Miss América, e Claude, professor aposentado de filosofia. Eles devem lutar contra todos os lacaios e derrotar o Dr. Clayborn para restaurar a lei e a ordem na cidade.   Além dos habituais bandidos humanos, os jogadores lutam contra estranhas criaturas e mutantes com mochilas a jato e lâminas no lugar das mãos. Os jogadores nunca podem usar armas inimigas, mas os estágios contêm objetos que podem ser recolhidos e usados. Estes incluem tambores de óleo em chamas, vigas de aço, colunas de concreto que se quebram com o impacto, caixas de granadas de mão e peixes gigantes.   Além dos movimentos padrão de socos e chutes, cada personagem também possui um ataque especial. Este movimento é mais poderoso do que os ataques padrão, mas cada vez que um ataque especial é executado, parte da saúde do jogador é perdida.  Os personagens dos jogadores podem comer ratos, sapos, pássaros e caracóis para restaurar sua saúde. O jogo consiste em cinco fases com um poderoso chefe inimigo esperando no final de cada uma.;Irem;;;false;43818;0;Briga de rua;263;92B7CF6D;false;;;68bc78f766c5b7133998a7f57164dc5a;;0;1-3;Irem;0,80;;wor;;;;;;./media/image/Uccops-boxback.png;./media/image/Uccops-boxart.png;;./media/extras/Uccops-extra1.png;./media/fanart/Uccops-fanart.jpg;./media/image/Uccops-image.png;;./media/manuals/Uccops_(us).pdf;;./media/image/Uccops-marquee.png;;./media/image/Uccops-wheelround.png;./media/screenshots/Uccops-screenshot.png;./media/image/Uccops-titleshot.png;;./media/videos/Uccops-video.mp4;./media/image/Uccops-wheel.png;./media/image/Uccops-wheelround.png
./Ultraman.zip;Ultraman;false;19910101T000000;banpresto;false;;No futuro, a Terra deverá proteger-se de invasores alienígenas, uma tarefa realizada pelo Grupo de Busca Especial Científica. No entanto, eles não estão sozinhos nesta empreitada. Depois de derrubar sua nave na Terra enquanto perseguia o malvado alienígena Bemular, o super-ser Ultraman está aqui para ajudar sempre que os alienígenas atacantes forem demais para a humanidade lidar sozinha. Com centenas de metros de altura, força incrível e habilidades incríveis, ele só pode permanecer na Terra por alguns minutos e, portanto, deve derrotar seus inimigos antes que seu poder se esgote completamente.;Banpresto;;;false;43823;0;Luta, Luta / Versus;262;04FE49B7;false;;;e84c7034d43c8cb43a59da4ae73b131b;;0;1-2;Banpresto;0,40;;jp;;;;;./media/image/Ultraman-bezel.png;;;;./media/extras/Ultraman-extra1.png;./media/fanart/Ultraman-fanart.jpg;./media/image/Ultraman-image.png;;;;;;;./media/screenshots/Ultraman-screenshot.png;./media/image/Ultraman-titleshot.png;;./media/videos/Ultraman-video.mp4;;
./Umk3.zip;Umk3;false;19951106T000000;midway;false;;Ultimate Mortal Kombat 3 (UMK3) é um jogo de luta da série Mortal Kombat, desenvolvido e lançado pela Midway para arcades em 1995. É uma atualização do Mortal Kombat 3 de 1995, com um sistema de jogo alterado, personagens adicionais como o retorno dos favoritos Kitana e Scorpion que estavam faltando no Mortal Kombat 3, e alguns novos recursos. É essencialmente a versão completa do Mortal Kombat 3.;Midway;;;false;43829;0;Luta, Luta / Versus;262;E863CC54;false;;;855b78d350acc8e64240b6ead701e717;;0;1-8;Midway;0,80;;wor;;;;;./media/image/Umk3-bezel.png;./media/image/Umk3-boxback.png;./media/image/Umk3-boxart.png;;./media/extras/Umk3-extra1.png;./media/fanart/Umk3-fanart.jpg;./media/image/Umk3-image.png;;;;./media/image/Umk3-marquee.png;;./media/image/Umk3-wheelround.png;./media/screenshots/Umk3-screenshot.png;./media/image/Umk3-titleshot.png;;./media/videos/Umk3-video.mp4;./media/image/Umk3-wheel.png;./media/image/Umk3-wheelround.png
./Uniwars.zip;Uniwars;false;19800101T000000;irem;false;;Um shoot-em-up espacial de quatro estágios onde o jogador enfrenta quatro tipos diferentes de inimigos. Certos inimigos deixam "soldados espaciais" na parte inferior da tela, onde podem atacar a nave do jogador por trás. Depois de completar uma fase, o jogo transporta a nave do jogador para a próxima fase.;Irem;;;false;43833;0;Tiro, Tiro / Estilo Space Invader, Shoot'em Up / Vertical, Shoot'em Up;260;87EBD5A2;false;;;b09c9e109c431dac5899dd17456caad0;;0;1-2;Irem;0,40;;wor;Right;;;;;./media/image/Uniwars-boxback.png;./media/image/Uniwars-boxart.png;;./media/extras/Uniwars-extra1.png;./media/fanart/Uniwars-fanart.jpg;./media/image/Uniwars-image.png;;./media/manuals/Uniwars_(wor).pdf;;./media/image/Uniwars-marquee.png;;./media/image/Uniwars-wheelround.png;./media/screenshots/Uniwars-screenshot.png;./media/image/Uniwars-titleshot.png;;./media/videos/Uniwars-video.mp4;./media/image/Uniwars-wheel.png;./media/image/Uniwars-wheelround.png
./Unsquad.zip;Unsquad;false;19890101T000000;cps1;false;;O jogador pode escolher entre três pilotos mercenários: Shin Kazama, Mickey Simon e Greg Gates. Cada piloto voa um avião específico e tem capacidades ligeiramente diferentes.  Shin Kazama: Shin voa um F-20 Tigershark, As armas em seu avião atiram apenas para a frente, mas em um ritmo rápido. Shin e seu avião são a combinação mais equilibrada disponível. Mickey Simon: Mickey voa um F-14 Tomcat, As armas em seu avião também atiram para a frente apenas, mas também são maiores (embora mais lento), infligindo mais dano do que o avião Shins. Greg Gates: Greg voa um A-10 Thunderbolt, Este avião tem menor poder de fogo para frente do que os aviões de Shin ou Mickey, porém também dispara um segundo fluxo para baixo em um ângulo de 45 ° a partir da corrente de disparo para a frente;Capcom;;;false;43837;0;Shoot'em Up / Horizontal, Shoot'em Up;260;93151C89;false;;;0f128f1926a8be7f6e2ee7fc2d3cf58c;Multijogador cooperativo;0;1-2;Capcom;0,60;;us;;;;;./media/image/Unsquad-bezel.png;;;;./media/extras/Unsquad-extra1.png;./media/fanart/Unsquad-fanart.jpg;./media/image/Unsquad-image.png;;;;;;;./media/screenshots/Unsquad-screenshot.png;./media/image/Unsquad-titleshot.png;;./media/videos/Unsquad-video.mp4;;
./Uopoko.zip;Uopoko;false;19980101T000000;cave;false;;Uo Poko é um jogo de quebra-cabeça para um ou dois jogadores (cooperativo). O objetivo é limpar a tela das bolas de vidro coloridas, jogando bolas da mesma cor sobre elas. Conectar três ou mais bolas da mesma cor cria uma reação em cadeia e faz com que elas desapareçam.  As bolas são lançadas na área de jogo através de um 'êmbolo de pinball' controlado por joystick e, como no Pinball, quanto mais o êmbolo for puxado para trás, mais longe a bola colorida irá viajar. Dominar a força e a distância necessárias é essencial para lançar cada bola com precisão em seu alvo. Para permitir que os jogadores aprendam como usar o êmbolo, os dois primeiros estágios apresentam uma linha guia que mostra exatamente onde a bola cairá. A partir da terceira fase, os jogadores devem usar apenas o seu julgamento.  Pontos de bônus são concedidos se uma etapa for concluída com rapidez suficiente. Se demorar muito, entretanto, a parte inferior do palco começará a subir, empurrando as bolas já em jogo para o topo da tela. Se o topo da tela for alcançado, o jogo termina.  Uo Poko apresenta trinta fases de jogo.;Cave;;;false;37355;0;Quebra-Cabeças, Quebra-Cabeças / Queda;2816;175246DE;false;;;6272921ac7cda11943a8be5e0624dce4;;0;1-2;Jaleco;0,80;;wor;;;;;./media/image/Uopoko-bezel.png;./media/image/Uopoko-boxback.png;./media/image/Uopoko-boxart.png;;./media/extras/Uopoko-extra1.png;./media/fanart/Uopoko-fanart.jpg;./media/image/Uopoko-image.png;;;;./media/image/Uopoko-marquee.png;;./media/image/Uopoko-wheelround.png;./media/screenshots/Uopoko-screenshot.png;./media/image/Uopoko-titleshot.png;;./media/videos/Uopoko-video.mp4;./media/image/Uopoko-wheel.png;./media/image/Uopoko-wheelround.png
./Usvsthem.zip;Usvsthem;false;19840101T000000;;false;;Eles estão entre nós, quem? Invasores, alienígenas ou alienígenas, enfim, carinhas verdes! Obviamente para fazer um jogo eles devem ser maus e querer tomar posse do nosso lindo planeta, caso contrário não tem graça. Como você adivinhou, a liberdade está sobre seus ombros e depende de sua precisão no tiro e nas acrobacias. Us vs. Them é um jogo de tiro aéreo com uma realização bastante clássica e despretensiosa onde sua nave está mais ou menos embutida em um fundo animado por vídeos. Para tornar os interlúdios mais dinâmicos, cenas com atores reais pontuam a história num espírito próximo ao das séries de TV dos anos 80. O jogo irá agradar aos amantes de ficção científica, filmagens e séries de TV de baixo orçamento. Outros recorrerão mais prontamente a títulos como M.A.C.H. 3.;Mylstar Electronics;;;false;51175;0;Shoot'em Up, Tiro, Tiro / Avião em 3ª pessoa;260;C3E7577E;false;;;4df8bb075b8efd77bca29c041c7a2d6e;;0;1;Mylstar Electronics;0,40;;wor;;;;;;;./media/image/Usvsthem-boxart.png;;./media/extras/Usvsthem-extra1.png;./media/fanart/Usvsthem-fanart.jpg;./media/image/Usvsthem-image.png;;./media/manuals/Usvsthem_(us).pdf;;./media/image/Usvsthem-marquee.png;;./media/image/Usvsthem-wheelround.png;./media/screenshots/Usvsthem-screenshot.png;./media/image/Usvsthem-titleshot.png;;./media/videos/Usvsthem-video.mp4;./media/image/Usvsthem-wheel.png;./media/image/Usvsthem-wheelround.png
./Vanguard.zip;Vanguard;false;19810101T000000;snk;false;;Em Vanguard, seu objetivo é pilotar sua nave espacial até a Cidade Misteriosa, que fica no fim de um túnel fortemente vigiado, e, uma vez lá, destruir a criatura Gond. O túnel é dividido em várias zonas diferentes, chamadas de Zona da Montanha, Zona do Arco-Íris, Zona do Stick, Zona Listrada, Zona Escura e Cidade Misteriosa. Cada zona tem diferentes tipos de naves inimigas para enfrentar e você pode se mover horizontalmente ou verticalmente. Na Zona da Montanha ou na Zona das Listras, você também pode encontrar uma cápsula de energia marcada com um "E". Se você voar através dela, sua nave se torna temporariamente invencível contra as paredes mortais das cavernas e os muitos inimigos que tentam impedi-lo.;TOSE;;;false;43910;0;Shoot'em Up / Horizontal, Tiro, Tiro / Avião, Shoot'em Up;260;E9B1CC97;false;;;38a0e39aedacb6b410dbc75b4b28415e;;0;1-2;SNK;0,80;;wor;Right;;;;./media/image/Vanguard-bezel.png;;./media/image/Vanguard-boxart.png;;./media/extras/Vanguard-extra1.png;./media/fanart/Vanguard-fanart.jpg;./media/image/Vanguard-image.png;;./media/manuals/Vanguard_(us).pdf;;./media/image/Vanguard-marquee.png;;./media/image/Vanguard-wheelround.png;./media/screenshots/Vanguard-screenshot.png;./media/image/Vanguard-titleshot.png;;./media/videos/Vanguard-video.mp4;./media/image/Vanguard-wheel.png;./media/image/Vanguard-wheelround.png
./Varth - Operation Thunderstorm.zip;Varth - Operation Thunderstorm;false;19920101T000000;cps1;false;;Varth: Operation Thunderstorm é um jogo de arcade no gênero de tiro com rolagem vertical, publicado em 1992. O jogo não viu um port para consoles após seu lançamento inicial, mas 14 anos depois o Digital Eclipse Software colocaria o jogo no PlayStation 2, PSP e Xbox como parte da coleção Capcom Classics Vol. 2;Capcom;;;false;37382;0;Shoot'em Up / Vertical, Shoot'em Up;260;1D792C56;false;;;d968dbcb04e07f4c3887835840a27593;;0;1-2;Capcom;0,60;;;Right;;;;./media/image/Varth - Operation Thunderstorm-bezel.png;;;;./media/extras/Varth - Operation Thunderstorm-extra1.png;./media/fanart/Varth - Operation Thunderstorm-fanart.jpg;./media/image/Varth - Operation Thunderstorm-image.png;;./media/manuals/Varth - Operation Thunderstorm_(us).pdf;;;;;./media/screenshots/Varth - Operation Thunderstorm-screenshot.png;./media/image/Varth - Operation Thunderstorm-titleshot.png;;./media/videos/Varth - Operation Thunderstorm-video.mp4;;
./Vastar.zip;Vastar;false;19830101T000000;;false;;No calendário cósmico de 2956, nosso planeta foi atacado pelo império galáctico. Foi neste ponto crítico que um robô de combate 'VASTAR' foi desenvolvido por cientistas superiores. Chegou a hora de 'VASTAR' defender nosso planeta.;Sesame Japan;;;false;43918;0;Shoot'em Up / Horizontal, Shoot'em Up;260;BB5D56A2;false;;;a6977fc2a9f769729ca39c391742842f;;0;1-2;Sesame Japan;0,40;;wor;Right;;;;;;;;./media/extras/Vastar-extra1.png;;./media/image/Vastar-image.png;;;;./media/image/Vastar-marquee.png;;./media/image/Vastar-wheelround.png;./media/screenshots/Vastar-screenshot.png;./media/image/Vastar-titleshot.png;;./media/videos/Vastar-video.mp4;./media/image/Vastar-wheel.png;./media/image/Vastar-wheelround.png
./Vendetta.zip;Vendetta;false;19910101T000000;konami;false;;Em Vendetta, você controla um dos membros da gangue The Cobras, que é composta por: Hawk (ex-profissional de luta livre, com forte semelhança com o Hulk Hogan), Boomer (um artista marcial, possivelmente baseado em Jean Claude Van Damme), Blood (ex-lutador, com uma leve semelhança com Mike Tyson), Sledge (um militar ex-presidiário com leve semelhança a Mr. T), e Kate, a dama em perigo e protegida de Hawk.   Esta última foi raptada por outra gangue, a Dead End, liderada por Faust, que domina Dead End City e quer expandir o seu território. Os quatro homens da gangue partem para salvá-la e lutam contra a horda de inimigos que são enviados contra eles.;Konami;;;false;43932;0;Briga de rua;263;CC7628CD;false;;;902aadb2fe166460f6210bfca073d000;;0;1-4;Konami;0,80;;wor;;;;;./media/image/Vendetta-bezel.png;;./media/image/Vendetta-boxart.png;;./media/extras/Vendetta-extra1.png;./media/fanart/Vendetta-fanart.jpg;./media/image/Vendetta-image.png;;./media/manuals/Vendetta-manual.pdf;;./media/image/Vendetta-marquee.png;;./media/image/Vendetta-wheelround.png;./media/screenshots/Vendetta-screenshot.png;./media/image/Vendetta-titleshot.png;;./media/videos/Vendetta-video.mp4;./media/image/Vendetta-wheel.png;./media/image/Vendetta-wheelround.png
./Venture2.zip;Venture2;false;19810101T000000;exidy;false;;Como o corajoso Winky, explore labirintos cheios de tesouros. Mas tenha cuidado! Os invencíveis Hallmonsters espreitam nos corredores e irão persegui-lo se você demorar muito para saquear as câmaras. Use sua besta contra trolls e cobras, mas não toque em seus cadáveres: o contato é letal! Desvie de paredes móveis e emboscadas em 12 salas exclusivas. Você tem coragem de saquear as profundezas e escapar com vida?;Exidy;;;false;43933;0;Ação / Labirinto, Ação;258;31FDC7CA;false;;;113058f83bd5233827f1ba0b3a03be30;;0;1-2;Exidy;0,80;;wor;;;;;./media/image/Venture2-bezel.png;./media/image/Venture2-boxback.png;./media/image/Venture2-boxart.png;;./media/extras/Venture2-extra1.png;;./media/image/Venture2-image.png;;./media/manuals/Venture2_(us).pdf;;./media/image/Venture2-marquee.png;;./media/image/Venture2-wheelround.png;./media/screenshots/Venture2-screenshot.png;./media/image/Venture2-titleshot.png;;./media/videos/Venture2-video.mp4;./media/image/Venture2-wheel.png;./media/image/Venture2-wheelround.png
./Venture.zip;Venture;false;19810101T000000;exidy;false;;Como o corajoso Winky, explore labirintos cheios de tesouros. Mas tenha cuidado! Os invencíveis Hallmonsters espreitam nos corredores e irão persegui-lo se você demorar muito para saquear as câmaras. Use sua besta contra trolls e cobras, mas não toque em seus cadáveres: o contato é letal! Desvie de paredes móveis e emboscadas em 12 salas exclusivas. Você tem coragem de saquear as profundezas e escapar com vida?;Exidy;;;false;43933;0;Ação / Labirinto, Ação;258;E8884EBB;false;;;52ff2e8b4b013eab7dc197d159e99982;;0;1-2;Exidy;0,80;;wor;;;;;./media/image/Venture-bezel.png;./media/image/Venture-boxback.png;./media/image/Venture-boxart.png;;./media/extras/Venture-extra1.png;;./media/image/Venture-image.png;;./media/manuals/Venture_(us).pdf;;./media/image/Venture-marquee.png;;./media/image/Venture-wheelround.png;./media/screenshots/Venture-screenshot.png;./media/image/Venture-titleshot.png;;./media/videos/Venture-video.mp4;./media/image/Venture-wheel.png;./media/image/Venture-wheelround.png
./Vf.zip;Vf;false;19930101T000000;sega;false;;Neste jogo de luta 3D, o sistema de batalha do jogo é simples, mas complexo. Existem 3 botões: Soco, Chute e Guarda. O movimento está estritamente confinado a um plano horizontal.  As batalhas são vencidas drenando a barra de energia do seu oponente ou empurrando-o para fora das bordas do ringue (conhecido como 'Ring-out').;SEGA;;;false;43935;0;Luta, Luta / Versus;262;282EF794;false;;;13b86137d11ee362ab564baccac641ad;;0;1-2;SEGA;0,80;;wor;;;;;./media/image/Vf-bezel.png;;./media/image/Vf-boxart.png;;./media/extras/Vf-extra1.png;./media/fanart/Vf-fanart.jpg;./media/image/Vf-image.png;;./media/manuals/Vf_(us).pdf;;./media/image/Vf-marquee.png;;./media/image/Vf-wheelround.png;./media/screenshots/Vf-screenshot.png;./media/image/Vf-titleshot.png;;./media/videos/Vf-video.mp4;./media/image/Vf-wheel.png;./media/image/Vf-wheelround.png
./Vhunt2.zip;Vhunt2;false;19970101T000000;cps2;false;;Vampire Hunter 2 - Darkstalkers' Revenge é um jogo de luta emocionante desenvolvido pela Capcom para o sistema Capcom Play System 2 (CPS2). Ele é a sequência direta do aclamado jogo de luta "Darkstalkers: The Night Warriors".  Neste jogo, você assume o controle de uma variedade de personagens únicos e carismáticos, incluindo vampiros, lobisomens e outras criaturas sobrenaturais. Cada personagem possui um estilo de luta próprio, com movimentos especiais e combos devastadores.  Explore um mundo sombrio e cheio de mistério enquanto luta contra outros guerreiros sobrenaturais em emocionantes batalhas. A jogabilidade rápida e fluída, combinada com gráficos incríveis e animações impressionantes, cria uma experiência visualmente deslumbrante.;Capcom;;;false;37415;0;Luta, Luta / Versus;262;DC65F5D1;false;;;6fecb7d57264cb679ac36b797d85c7f1;;0;1-2;Capcom;0,60;;jp;;;;;./media/image/Vhunt2-bezel.png;;;;./media/extras/Vhunt2-extra1.png;./media/fanart/Vhunt2-fanart.jpg;./media/image/Vhunt2-image.png;;./media/manuals/Vhunt2-manual.pdf;;;;;./media/screenshots/Vhunt2-screenshot.png;./media/image/Vhunt2-titleshot.png;;./media/videos/Vhunt2-video.mp4;;
./Victory.zip;Victory;false;19820101T000000;exidy;false;;Victory é um jogo no qual você controla seu Battlestar para destruir uma força alienígena que invadiu seu planeta. Esta força instalou radares e silos de quarks em seu planeta e usa sua armada mortal para lançar pára-quedistas à superfície para liberar os quarks. No entanto, nem tudo está perdido, pois o seu Battlestar está equipado com lasers e escudos capazes, bem como o 'Dispositivo do Juízo Final'.;Exidy;;;false;149686;0;Shoot'em Up;260;ADB68DDF;false;;;e50976577f12a46c4cc6fd392e041e8a;;0;1-2;Exidy;0,40;;wor;;;;;;;./media/image/Victory-boxart.png;;./media/extras/Victory-extra1.png;;./media/image/Victory-image.png;;./media/manuals/Victory_(us).pdf;;./media/image/Victory-marquee.png;;./media/image/Victory-wheelround.png;./media/screenshots/Victory-screenshot.png;./media/image/Victory-titleshot.png;;./media/videos/Victory-video.mp4;./media/image/Victory-wheel.png;./media/image/Victory-wheelround.png
./Vigilant.zip;Vigilant;false;19880101T000000;irem;false;;O Vigilante é um "side-scrolling beat-em-up". Apresenta um personagem durão que viaja pelas ruas para lutar contra o bando Rogues que sequestrou sua namorada Maria. O jogo apresenta cinco locais distintos, como ruas da cidade e um lixão, com inúmeros bandidos com características diferentes. Ele luta com seus punhos, pés e correntes, em pé, agachado e saltos de ataque. Cada nível tem um chefe final que requer táticas específicas. Inimigos surgem continuamente dos lados esquerdo e direito da tela até que o chefe seja atingido. Isso significa que você tem que se mover em um ritmo rápido para chegar ao final do nível antes que o tempo acabe. Quando os inimigos chegam muito perto, eles agarram o personagem e são necessárias prensas rápidas à esquerda e à direita para libertá-lo, já que ele então fica vulnerável a ataques.;Irem;;;false;43959;0;Briga de rua;263;5EEF4571;false;;;145efad75eaced58299e578d5738814a;;0;1-2;Irem;0,60;;wor;;;;;./media/image/Vigilant-bezel.png;./media/image/Vigilant-boxback.png;./media/image/Vigilant-boxart.png;;./media/extras/Vigilant-extra1.png;./media/fanart/Vigilant-fanart.jpg;./media/image/Vigilant-image.png;;./media/manuals/Vigilant_(us).pdf;;./media/image/Vigilant-marquee.png;;./media/image/Vigilant-wheelround.png;./media/screenshots/Vigilant-screenshot.png;./media/image/Vigilant-titleshot.png;;./media/videos/Vigilant-video.mp4;./media/image/Vigilant-wheel.png;./media/image/Vigilant-wheelround.png
./Vindctr2.zip;Vindctr2;false;19880101T000000;atari;false;;Uma sequencia da versão arcade foi lançada no mesmo ano que um kit de conversão para Gauntlet intitulado Vindicators Part II. Apenas cerca de 400 unidades foram feitas. Existem apenas algumas pequenas diferenças, já que a jogabilidade é quase idêntica à primeira, mantendo até 10 das 14 estações originais dos primeiros Vindicators. Ele ainda mantém os gráficos, músicas e sons antigos. Embora a voz no jogo tenha sido alterada para um som menos robótico, foram adicionadas várias atualizações de tanques que são usadas como powerups e expiram após o término de um nível.;Atari;;;false;43962;0;Tiro, Tiro / Carro, Vertical;1028;975C7A41;false;;;ad6cefb99ff6b6167d43a5fe14e97e7e;;0;1-2;Atari;0,60;;wor;;;;;./media/image/Vindctr2-bezel.png;;./media/image/Vindctr2-boxart.png;;./media/extras/Vindctr2-extra1.png;;./media/image/Vindctr2-image.png;;;;./media/image/Vindctr2-marquee.png;;./media/image/Vindctr2-wheelround.png;./media/screenshots/Vindctr2-screenshot.png;./media/image/Vindctr2-titleshot.png;;./media/videos/Vindctr2-video.mp4;./media/image/Vindctr2-wheel.png;./media/image/Vindctr2-wheelround.png
./Viofight.zip;Viofight;false;19890101T000000;taito;false;;Controle diferentes personagens com vários estilos de luta e participe de lutas para um ou dois jogadores.  No início da década de 1950, um jogo chamado Violence Fight era popular no mundo do crime dos EUA. Lutadores de todos os EUA competiriam entre si para se tornarem campeões daquele ano. O vencedor ganharia uma quantia considerável de dinheiro.   No centro de Los Angeles, um empresário chamado Blinks está treinando um novo lutador chamado Bad Blue. Ele é um forte candidato a se tornar o campeão e precisa desesperadamente do prêmio em dinheiro.;Taito;;;false;43964;0;Luta, Luta / Versus;262;2C5EEEDD;false;;;5c3aea85e0d1c6c3b7df78a23e83880e;;0;1-2;Taito;0,40;;wor;;;;;;;./media/image/Viofight-boxart.png;;./media/extras/Viofight-extra1.png;./media/fanart/Viofight-fanart.jpg;./media/image/Viofight-image.png;;;;./media/image/Viofight-marquee.png;;./media/image/Viofight-wheelround.png;./media/screenshots/Viofight-screenshot.png;./media/image/Viofight-titleshot.png;;./media/videos/Viofight-video.mp4;./media/image/Viofight-wheel.png;./media/image/Viofight-wheelround.png
./Viostorm.zip;Viostorm;false;19930101T000000;konami;false;;Violent Storm é um beat-em-up de rolagem lateral para até três jogadores ambientado no rescaldo da Terceira Guerra Mundial. Os sobreviventes da guerra estão a tentar reconstruir o seu mundo, mas estão a ser aterrorizados por gangues violentas. Três heróis vigilantes chamados 'Boris', 'Wade' e 'Kyle' estão tentando proteger os cidadãos, mas seus esforços são prejudicados pela malvada e corrupta gangue 'GELD'. Enquanto os heróis patrulham as ruas, eles veem sua amiga, Sheena, sequestrada pela gangue. Os vigilantes devem lutar em sete fases repletas de inimigos para resgatar seu amigo e destruir a gangue.  Além dos movimentos padrão de socos e chutes, cada personagem também possui um ataque especial. Este movimento é poderoso o suficiente para derrubar vários inimigos de uma vez, mas com a desvantagem de que cada vez que um ataque especial é executado, parte da saúde do jogador é perdida. Os níveis de saúde podem ser reabastecidos encontrando a comida escondida em caixas e barris quebráveis.   Alguns dos membros da gangue largam armas quando são abatidos. Essas armas podem então ser pegas e usadas pelos jogadores. Caixas e barris destrutíveis também contêm armas e itens bônus aleatórios. Inimigos atordoados caem no chão e ainda podem ser atacados enquanto estão caídos.;Konami;;;false;43965;0;Briga de rua;263;E4FCA291;false;;;37f234a355b02c8c3fb214b5bca202c6;;0;1-3;Konami;0,80;;wor;;;;;./media/image/Viostorm-bezel.png;;./media/image/Viostorm-boxart.png;;./media/extras/Viostorm-extra1.png;./media/fanart/Viostorm-fanart.jpg;./media/image/Viostorm-image.png;;;;./media/image/Viostorm-marquee.png;;./media/image/Viostorm-wheelround.png;./media/screenshots/Viostorm-screenshot.png;./media/image/Viostorm-titleshot.png;;./media/videos/Viostorm-video.mp4;./media/image/Viostorm-wheel.png;./media/image/Viostorm-wheelround.png
./Viper.zip;Viper;false;19880101T000000;;false;;Um jogo de tiro duplo no estilo Robotron. Frequentemente criticado por seu layout confuso de botões.;Leland;;;false;43966;0;Tiro, Tiro / Avião em 1ª pessoa;256;CBD7EE49;false;;;79712d2715a157ab754fdc5d7d44c276;;0;1-2;Leland;0,40;;wor;;;;;;;./media/image/Viper-boxart.png;;./media/extras/Viper-extra1.png;;./media/image/Viper-image.png;;./media/manuals/Viper-manual.pdf;;./media/image/Viper-marquee.png;;./media/image/Viper-wheelround.png;./media/screenshots/Viper-screenshot.png;./media/image/Viper-titleshot.png;;./media/videos/Viper-video.mp4;./media/image/Viper-marquee.png;./media/image/Viper-wheelround.png
./Vliner.zip;Vliner;false;20010101T000000;snk;false;;V-Liner é simplesmente um jogo de dinheiro (virtual) na forma de uma máquina caça-níqueis de Cassino!;Dyna;;;false;87615;0;Cassino, Cassino / Caça-níqueis;3584;59A95D5E;false;;;0e9e2a6d4614a15badb8d68440181ed1;Jogador individual;0;1;SNK;;;wor;;;;;;./media/image/Vliner-boxback.png;./media/image/Vliner-boxart.png;./media/image/Vliner-cartridge.png;./media/extras/Vliner-extra1.png;./media/fanart/Vliner-fanart.jpg;./media/image/Vliner-image.png;;;;./media/image/Vliner-marquee.png;;./media/image/Vliner-wheelround.png;./media/screenshots/Vliner-screenshot.png;./media/image/Vliner-titleshot.png;;./media/videos/Vliner-video.mp4;./media/image/Vliner-wheel.png;./media/image/Vliner-wheelround.png
./Voltage Fighter Gowcaizer.zip;Voltage Fighter Gowcaizer;false;19950101T000000;snk;false;;Lançado em 18 de Setembro de 1995, é um jogo de luta com super-heróis próprios produzido pela Technos. É o terceiro jogo de luta produzido pela empresa e trás personagens criados por Masami Oubari, que anteriormente trabalhou nas adaptações de anime da série Fatal Fury.  A história de Voltage Fighter: Gowcaizer se passa no futuro. O Japão foi devastado e o governo mudou-se para uma ilha artificial na baía de Tóquio. Um computador central gerencia tudo: segurança, limpeza, tráfego, etc. No meio da ilha está o Instituto Nacional Bernard, no qual estudam milhares de alunos. Desde que um novo diretor foi nomeado para lá, os atos de violência progrediram muito, como se ele fosse a causa. Um aluno, Isato Kaiza, encontrou uma maneira de controlar o poder de uma rocha que pode manifestar uma energia que permite ao portador se transformar: a Pedra Kaizer. Ele então se torna Gowcaizer, o Herói Ardente.;Technos Japan;;;false;37583;0;Luta, Luta / Versus;262;99D577FF;false;;;ad7713dc6a80e3745f642e327f328b70;Multijogador competitivo;0;1-2;Tecmo;0,60;;;;;;;./media/image/Voltage Fighter Gowcaizer-bezel.png;;;;./media/extras/Voltage Fighter Gowcaizer-extra1.png;./media/fanart/Voltage Fighter Gowcaizer-fanart.jpg;./media/image/Voltage Fighter Gowcaizer-image.png;;;;;;;./media/screenshots/Voltage Fighter Gowcaizer-screenshot.png;./media/image/Voltage Fighter Gowcaizer-titleshot.png;;./media/videos/Voltage Fighter Gowcaizer-video.mp4;;
./Vsyard.zip;Vsyard;false;19840101T000000;irem;false;;10-Yard Fight é um simples jogo de arcade baseado em futebol americano. Um jogador pode jogar contra o computador ou contra um segundo jogador e pode escolher entre cinco níveis de dificuldade (ensino médio, faculdade, profissional, playoffs e Super Bowl). Se você vencer um jogo em um nível de dificuldade mais baixo, a partida seguinte automaticamente será no próximo nível de difivuldade.  A jogabilidade é de cima e de rolagem vertical. Não há jogadas ou formações para selecionar antes da ação começar, o jogador pode pegar o Snap como Quarterback ou escolher um dos dois jogadores na defesa. Na ofensiva, o jogador pode manter a bola em movimento, arremessá-la para um dos dois Running Backs ou fazer um arremesso para receptor, uma interceptação dá a bola para o outro time. Se um touchdown não puder ser marcado, o sistema de chute direcional pode ser usado para chutar a bola ou tentar um Field Goal. Um jogo consiste (em tempo real acelerado) de 30 minutos de partida para decidir quem vence esta luta de 10 jardas.;Irem;;;false;39870;0;Esporte, Esporte / Futebol Americano;1538;B2DDF97D;false;;;d57444ff880b392ef3ba9e46f173a827;;0;1-2;Irem;0,60;;wor;;;;;./media/image/Vsyard-bezel.png;./media/image/Vsyard-boxback.png;./media/image/Vsyard-boxart.png;;./media/extras/Vsyard-extra1.png;./media/fanart/Vsyard-fanart.jpg;./media/image/Vsyard-image.png;;./media/manuals/Vsyard_(wor).pdf;;./media/image/Vsyard-marquee.png;;./media/image/Vsyard-wheelround.png;./media/screenshots/Vsyard-screenshot.png;./media/image/Vsyard-titleshot.png;;./media/videos/Vsyard-video.mp4;./media/image/Vsyard-wheel.png;./media/image/Vsyard-wheelround.png
./Waku Waku 7.zip;Waku Waku 7;false;19960101T000000;snk;false;;As sete bolas mágicas Waku Waku surgiram novamente e os poucos que sabem da sua existência decidem lutar uns contra os outros para recolher todas elas. Se eles forem capazes de derrotar o poderoso monstro escravizado nelas, as bolas Waku Waku concederão ao sortudo vencedor, seja qual for o desejo que fizerem. O jogo em geral foi criado como uma paródia da série anime, WW7 reúne todos os pilares do gênero e os faz lutar uns contra os outros. De gatinhas fofinhas e afeminadas, elfos muito legais, a criaturas parecidas com pokémon e heróis idiotas e barulhentos.;Sunsoft;;;false;13947;0;Luta, Luta / Versus;262;37D49A83;false;;;5284d38b1b98e8a7103b298397134a63;Multijogador competitivo;0;1-2;SNK;0,80;;;;;;;./media/image/Waku Waku 7-bezel.png;;;;./media/extras/Waku Waku 7-extra1.png;./media/fanart/Waku Waku 7-fanart.jpg;./media/image/Waku Waku 7-image.png;;./media/manuals/Waku Waku 7-manual.pdf;;;;;./media/screenshots/Waku Waku 7-screenshot.png;./media/image/Waku Waku 7-titleshot.png;;./media/videos/Waku Waku 7-video.mp4;;
./Wakuwak7.zip;Wakuwak7;false;19960101T000000;snk;false;;As sete bolas mágicas Waku Waku surgiram novamente e os poucos que sabem da sua existência decidem lutar uns contra os outros para recolher todas elas. Se eles forem capazes de derrotar o poderoso monstro escravizado nelas, as bolas Waku Waku concederão ao sortudo vencedor, seja qual for o desejo que fizerem. O jogo em geral foi criado como uma paródia da série anime, WW7 reúne todos os pilares do gênero e os faz lutar uns contra os outros. De gatinhas fofinhas e afeminadas, elfos muito legais, a criaturas parecidas com pokémon e heróis idiotas e barulhentos.;Sunsoft;;;false;13947;0;Luta, Luta / Versus;262;4FC9C918;false;;;b467d126557fed307bf305b057f6ac75;Multijogador competitivo;0;1-2;SNK;0,80;;;;;;;./media/image/Wakuwak7-bezel.png;;;;./media/extras/Wakuwak7-extra1.png;./media/fanart/Wakuwak7-fanart.jpg;./media/image/Wakuwak7-image.png;;./media/manuals/Wakuwak7-manual.pdf;;;;;./media/screenshots/Wakuwak7-screenshot.png;./media/image/Wakuwak7-titleshot.png;;./media/videos/Wakuwak7-video.mp4;;
./Warriorb.zip;Warriorb;false;19910101T000000;taito;false;;Warrior Blade é um jogo de hack-and-slash com tema de fantasia para um ou dois jogadores, com níveis de rolagem horizontal e vertical. Ao contrário dos jogos anteriores de Rastan que apresentavam apenas o próprio Rastan, os jogadores agora podem escolher jogar como um dos três guerreiros diferentes: Rastan, Dewey (um mercenário) ou Sophia (um ladrão).  Os jogadores devem lutar pelo seu caminho através de uma infinidade de níveis cheios de inimigos em uma variedade de locais diferentes, como castelos, uma floresta, um pântano e a bordo de um navio afundando. Certos níveis também fazem com que os jogadores montem em animais, como cavalos e dragões. Moedas e itens de tesouro podem ser encontrados nos inúmeros barris e baús que cobrem os níveis, além de serem derrubados por alguns inimigos derrotados. Pontos de bônus e "vitalidade" - dependendo da quantidade de tesouro coletada - são concedidos após a conclusão do nível.;Taito;;;false;44037;0;Briga De Rua, Luta, Luta / 2.5D;263;0F785BFA;false;;;cac6e1c18874776794c85fb30de62120;;0;1-2;Taito;0,60;;jp;;;;;./media/image/Warriorb-bezel.png;;;;./media/extras/Warriorb-extra1.png;./media/fanart/Warriorb-fanart.jpg;./media/image/Warriorb-image.png;;;;;;;./media/screenshots/Warriorb-screenshot.png;./media/image/Warriorb-titleshot.png;;./media/videos/Warriorb-video.mp4;;
./Warriors Of Fate.zip;Warriors Of Fate;false;19920101T000000;cps1;false;;Warriors of Fate é um beat 'em up horizontal produzido pela Capcom, lançado pela primeira vez como um jogo de arcade operado por moedas em 1992 e depois portado para o Sega Saturn e Sony PlayStation. É o terceiro jogo da Capcom baseado no mangá Tenchi wo Kurau, seguindo Dynasty Wars e Destiny of a Emperor.;Capcom;;;false;44111;0;Briga de rua;263;AFB1D20B;false;;;32fe1edd5bb76dd1c3322a85eab6ae96;;0;1-3;Capcom;0,80;;;;;;;./media/image/Warriors Of Fate-bezel.png;;;;./media/extras/Warriors Of Fate-extra1.png;./media/fanart/Warriors Of Fate-fanart.jpg;./media/image/Warriors Of Fate-image.png;;./media/manuals/Warriors Of Fate_(wor).pdf;;;;;./media/screenshots/Warriors Of Fate-screenshot.png;./media/image/Warriors Of Fate-titleshot.png;;./media/videos/Warriors Of Fate-video.mp4;;
./Wb3.zip;Wb3;false;19880101T000000;sega;false;;Estranhos inimigos estão atacando suas terras e possuem armas avançadas que usam para destruir tudo, então você deve levar o incrível Leo ou a incrível Princesa Purapril em uma missão legal para lutar contra esses invasores para roubar suas armas e salvar suas terras da destruição total. No brilhante Wonder Boy III - Monster Lair você deve lutar contra criaturas coloridas e malucas e derrotá-las para salvar a terra!;Westone;;;false;44042;0;Plataforma, Plataforma / Tiro Com Rolagem;257;30A93FFE;false;;;01b10c9e75ca971fe45521424028ea37;;0;1-2;SEGA;0,80;;wor;;;;;./media/image/Wb3-bezel.png;;./media/image/Wb3-boxart.png;;./media/extras/Wb3-extra1.png;./media/fanart/Wb3-fanart.jpg;./media/image/Wb3-image.png;;;;./media/image/Wb3-marquee.png;;./media/image/Wb3-wheelround.png;./media/screenshots/Wb3-screenshot.png;./media/image/Wb3-titleshot.png;;./media/videos/Wb3-video.mp4;./media/image/Wb3-wheel.png;./media/image/Wb3-wheelround.png
./Wboy.zip;Wboy;false;19860101T000000;sega;false;;Wonder Boy é aparentemente um rapaz das cavernas chamado Tom-Tom, armado com um machado de pedra que pode atirar aos seus inimigos, e que evolui num mundo povoado por caracóis, fadas e um feiticeiro que muda de cabeça após cada derrota. Antes de poder enfrentar o feiticeiro no seu castelo, Tom-Tom terá de vaguear por florestas povoadas de aranhas, saltar de plataforma em plataforma sobre a água e atravessar uma caverna cheia de morcegos. Como equipamento, Tom-Tom pode obter um skate, que pode ser difícil de conduzir. O objetivo do protagonista é salvar a sua amiga Tanya.;Escape;;;false;44046;0;Plataforma, Plataforma / Tiro com rolagem;257;77E17258;false;;;5d6d5a96c3b63c16de401364d383122f;;0;1-2;SEGA;0,80;;wor;;;;;./media/image/Wboy-bezel.png;;./media/image/Wboy-boxart.png;;./media/extras/Wboy-extra1.png;./media/fanart/Wboy-fanart.jpg;./media/image/Wboy-image.png;;./media/manuals/Wboy_(us).pdf;;./media/image/Wboy-marquee.png;;./media/image/Wboy-wheelround.png;./media/screenshots/Wboy-screenshot.png;./media/image/Wboy-titleshot.png;;./media/videos/Wboy-video.mp4;./media/image/Wboy-wheel.png;./media/image/Wboy-wheelround.png
./Wc90.zip;Wc90;false;19890101T000000;tecmo;false;;Tecmo World Cup é um jogo de futebol que apresenta apenas equipes nacionais. Como o título indica, você pode jogar o torneio da Copa do Mundo, que também incluirá uma rodada de qualificação. Você pode escolher seu time dentre 24 nações, embora a variedade não seja idêntica à lista da última Copa do Mundo na época do lançamento dos jogos. Além disso, a qualificação, em contraste com a Copa do Mundo real, tem apenas quatro equipes, já que não participam as 24 equipes disponíveis. Além da Copa do Mundo, o único outro modo para um jogador é um amistoso contra um time escolhido aleatoriamente.;Tecmo;;;false;44047;0;Esporte / Futebol, Esporte;1538;3FD71CBF;false;;;9dcc1bd0092f6b922a463f2c1582880c;;0;1-2;Tecmo;0,40;;wor;;;;;;;./media/image/Wc90-boxart.png;;./media/extras/Wc90-extra1.png;;./media/image/Wc90-image.png;;;;./media/image/Wc90-marquee.png;;./media/image/Wc90-wheelround.png;./media/screenshots/Wc90-screenshot.png;./media/image/Wc90-titleshot.png;;./media/videos/Wc90-video.mp4;./media/image/Wc90-wheel.png;./media/image/Wc90-wheelround.png
./Wecleman.zip;Wecleman;false;19860101T000000;konami;false;;Um jogo de corrida exigente, mas excelente, com escala de sprites da Konami, baseado na corrida anual 'WEC Le Mans 24', um evento cansativo que, como o próprio nome sugere, ocorre durante um período de 24 horas.  A largura da pista de Le Mans nunca variou e permaneceu constante com 3 faixas de largura. A pista em si era incrivelmente exigente e o contato com um piloto rival ou com um dos muitos objetos ao lado da pista faria o veículo do jogador voar dramaticamente pelo ar, custando segundos valiosos.;Konami;;;false;44054;0;Corrida em 3ª pessoa, Corrida, Pilotagem;1537;A305EB03;false;;;78f6306cd33decdcaa978353321a16f0;Jogador individual;0;1;Konami;0,80;;wor;;;;;;;./media/image/Wecleman-boxart.png;;./media/extras/Wecleman-extra1.png;./media/fanart/Wecleman-fanart.jpg;./media/image/Wecleman-image.png;;;;./media/image/Wecleman-marquee.png;;./media/image/Wecleman-wheelround.png;./media/screenshots/Wecleman-screenshot.png;./media/image/Wecleman-titleshot.png;;./media/videos/Wecleman-video.mp4;./media/image/Wecleman-wheel.png;./media/image/Wecleman-wheelround.png
./Whodunit.zip;Whodunit;false;19880101T000000;exidy;false;;Um jogo de tiro e mistério de assassinato onde o jogador usa a arma para proteger Max de uma variedade de ataques e também para lhe dar instruções.;Exidy;;;false;44068;0;Tiro, Tiro Com Lightgun;261;F6371289;false;;;67ad67fe97a7726e0e1e66585e0204d6;;0;1-2;Exidy;0,40;;wor;;;;;;;./media/image/Whodunit-boxart.png;;./media/extras/Whodunit-extra1.png;;./media/image/Whodunit-image.png;;;;./media/image/Whodunit-marquee.png;;./media/image/Whodunit-wheelround.png;./media/screenshots/Whodunit-screenshot.png;./media/image/Whodunit-titleshot.png;;./media/videos/Whodunit-video.mp4;./media/image/Whodunit-wheel.png;./media/image/Whodunit-wheelround.png
./Willow.zip;Willow;false;19890101T000000;cps1;false;;Willow é o nome do jogo baseado no filme de 1988 do mesmo nome.  Dois jogos diferentes foram lançados pela Capcom para arcades e Nintendo Entertainment System em 1989. A versão arcade é um jogo de plataforma, enquanto a versão NES é um RPG de ação.  Jogos de Willow não relacionados também foram lançados para o Amiga, Atari ST, Commodore 64 e MS-DOS em 1988-89. Enredo A bruxa malvada rainha Bavmorda está atrás do bebê santo das terras, Elora Danan, com a intenção de destruí-la. Um jovem assistente chamado Willow Ufgood foi selecionado para proteger Elora. Mais tarde, um bravo guerreiro chamado Madmartigan se junta a Willow para lutar contra o rival rival Geral Kael.;Capcom;;;false;37383;0;Plataforma, Plataforma / Tiro Com Rolagem;257;C302F141;false;;;c31baa687d8d15ea2527fff47121a7ca;Modo Cocktail;0;1-2;Lucasfilm Games;0,80;;wor;;;;;./media/image/Willow-bezel.png;./media/image/Willow-boxback.png;./media/image/Willow-boxart.png;;./media/extras/Willow-extra1.png;./media/fanart/Willow-fanart.jpg;./media/image/Willow-image.png;;./media/manuals/Willow-manual.pdf;;./media/image/Willow-marquee.png;;./media/image/Willow-wheelround.png;./media/screenshots/Willow-screenshot.png;./media/image/Willow-titleshot.png;;./media/videos/Willow-video.mp4;./media/image/Willow-wheel.png;./media/image/Willow-wheelround.png
./Windjammers.zip;Windjammers;false;19940101T000000;snk;false;;Em Windjammers em Neo Geo, dois jogadores competem com Frisbee em arenas fechadas. Todos devem manter os três objetivos para trás. Os jogos são limitados no tempo. Em caso de empate, a partida termina com morte súbita.;Data East;;;false;37656;0;Esporte;1536;1EDFDFC0;false;;;35cf11d2f59247071e2beb7023e0e8f3;Jogador individual;0;1-2;SNK;0,60;;;;;;;./media/image/Windjammers-bezel.png;;;;./media/extras/Windjammers-extra1.png;./media/fanart/Windjammers-fanart.jpg;./media/image/Windjammers-image.png;;./media/manuals/Windjammers_(us).pdf;;;;;./media/screenshots/Windjammers-screenshot.png;./media/image/Windjammers-titleshot.png;;./media/videos/Windjammers-video.mp4;;
./Wldcourt.zip;Wldcourt;false;19880101T000000;namco;false;;Pro Tennis: World Court (Puro Tenisu: Wārudo Kōto) é um jogo arcade de tênis esportivo lançado pela Namco em 1988 apenas no Japão. Ele roda em hardware Namco System 1 e foi inspirado no jogo "Family Tennis" da Famicom de 1987. Em agosto de 1988, o jogo foi portado para o console PC Engine, no qual um novo modo de missão de RPG baseado em tênis foi adicionado, e mais tarde foi portado para o console norte-americano TurboGrafx-16 pela NEC sob o título de "World Court Tennis" em 1989. Uma sequência chamada Super World Court foi lançada em 1992, que rodava em hardware Namco NA-1 e permitia que até quatro jogadores jogassem simultaneamente.;Namco;;;false;44102;0;Esporte, Esporte / Tênis;1538;250F9F56;false;;;a2412d2585028e360357c631be402feb;;0;1-2;Namco;0,40;;jp;;;;;;;;;./media/extras/Wldcourt-extra1.png;./media/fanart/Wldcourt-fanart.jpg;./media/image/Wldcourt-image.png;;;;;;;./media/screenshots/Wldcourt-screenshot.png;./media/image/Wldcourt-titleshot.png;;./media/videos/Wldcourt-video.mp4;;
./Wonder3.zip;Wonder3;false;19910101T000000;cps1;false;;Three Wonders, é um jogo de arcade feito pela Capcom em 1991 usando a plataforma Capcom Play System (CPS1). Ele continha três jogos dos quais um jogador pode escolher:  Midnight Wanderers: Quest for the Chariot - Um jogo de plataforma que vê o jogador controlar um hobbit chamado Lou e seu companheiro de viagem, Siva, para correr, escalar e atirar em inimigos, Chariot: Aventura através do céu - Um jogo de tiro 'em up com os personagens de Midnight Wanderers, mas em um jogo do tipo Gradius e, Don't Pull- Um jogo de quebra-cabeça semelhante a jogos como a série Eggerland, Pengo e Capcom próprio jogo de quebra-cabeça Navio Pirata Higemaru que envolve empurrar blocos para esmagar monstros.;Capcom;;;false;37357;0;Plataforma / Tiro com rolagem, Plataforma, Compilação;257;28F68A71;false;;;63d1972062b576daa1d64af894d72172;Multijogador cooperativo;0;1-2;Capcom;0,60;;jp;;;; Clone Of : 3wonders -> Wonder 3 (910520 Japan);./media/image/Wonder3-bezel.png;;;;./media/extras/Wonder3-extra1.png;./media/fanart/Wonder3-fanart.jpg;./media/image/Wonder3-image.png;;./media/manuals/Wonder3_(us).pdf;;;;;./media/screenshots/Wonder3-screenshot.png;./media/image/Wonder3-titleshot.png;;./media/videos/Wonder3-video.mp4;;
./World Heroes 2 Jet.zip;World Heroes 2 Jet;false;19940610T000000;snk;false;;World Heroes 2 JET é o terceiro jogo da série World Heroes. Um terceiro torneio com guerreiros de todo o mundo (e diferentes períodos de tempo) já começou, e cabe a você lutar até o fim para descobrir quem o está organizando. O jogo é uma atualização / aprimoramento do World Heroes 2.;ADK;;;false;37655;0;Luta / Versus, Luta;262;8DCCB5C2;false;;;e0b50ef2894d28a53bd31f583ff8d3aa;Jogador individual;0;1-2;SNK;0,60;;;;;;;./media/image/World Heroes 2 Jet-bezel.png;;;;./media/extras/World Heroes 2 Jet-extra1.png;./media/fanart/World Heroes 2 Jet-fanart.jpg;./media/image/World Heroes 2 Jet-image.png;;;;;;;./media/screenshots/World Heroes 2 Jet-screenshot.png;./media/image/World Heroes 2 Jet-titleshot.png;;./media/videos/World Heroes 2 Jet-video.mp4;;
./World Heroes 2.zip;World Heroes 2;false;19930604T000000;snk;false;;Os lutadores de torneios que viajam no tempo estão de volta! Os oito personagens originais do popular fliperama retornaram, juntamente com seis novos personagens escolhidos a dedo em várias épocas e locais diferentes o tempo todo. Mas um novo chefe aguarda o vencedor ... quem ou o que está por trás deste novo torneio? Você terá que chegar até ele para descobrir!  Esta sequela apresenta novos cenários e música, além de animação e gráficos aprimorados. Agora você pode refletir movimentos de projéteis no seu oponente e reverter os lances normais, se o seu tempo estiver certo! O modo Death Match do jogo original também está de volta, mas com um novo recurso - a barra de vida aumenta ou diminui à medida que você inflige ou recebe dano. Coloque a barra de vida do seu lado em 100% e seu inimigo perderá.;ADK;;;false;13942;0;Luta / Versus, Luta;262;8BEFF0A0;false;;;67ab6891057ae57def38c7ca38603554;Jogador individual;0;1-2;SNK;0,80;;;;;;;./media/image/World Heroes 2-bezel.png;;;;./media/extras/World Heroes 2-extra1.png;./media/fanart/World Heroes 2-fanart.jpg;./media/image/World Heroes 2-image.png;;./media/manuals/World Heroes 2-manual.pdf;;;;;./media/screenshots/World Heroes 2-screenshot.png;./media/image/World Heroes 2-titleshot.png;;./media/videos/World Heroes 2-video.mp4;;
./World Heroes Perfect.zip;World Heroes Perfect;false;19950630T000000;snk;false;;A história é, como sempre em World Heroes, muito supérflua, porque deriva intimamente do cenário da primeira obra. Já faz um ano que o sinistro torneio "Super Battle", organizado por Zeus, acabou. Cada participante voltou ao seu trabalho em seu tempo, quando chega um convite do Dr. Brown. Um novo torneio de Heróis do Mundo está aberto aos dezesseis participantes da Super Batalha do ano anterior. Zeus pretende aproveitar esta oportunidade para vingar sua derrota esmagadora. O que ele não sabe é que outro perigo pelo menos tão grande paira sobre este torneio.;ADK;;;false;13902;0;Luta, Luta / Versus;262;A6B5BCFC;false;;;f4779534a8ba21bc1276d0086ef19481;Jogador individual;0;1-2;SNK;0,60;;;;;;;./media/image/World Heroes Perfect-bezel.png;;;;./media/extras/World Heroes Perfect-extra1.png;./media/fanart/World Heroes Perfect-fanart.jpg;./media/image/World Heroes Perfect-image.png;;./media/manuals/World Heroes Perfect_(us).pdf;;;;;./media/screenshots/World Heroes Perfect-screenshot.png;./media/image/World Heroes Perfect-titleshot.png;;./media/videos/World Heroes Perfect-video.mp4;;
./Wow.zip;Wow;false;19800101T000000;midway;false;;Wizard of Wor é um jogo de tiro baseado em labirinto com jogabilidade para um ou dois jogadores cooperativos. Em um jogo para dois jogadores, o jogador um controla os Worriors amarelos enquanto o jogador dois controla os Worriors azuis. Os jogadores também podem atirar nos Worriors uns dos outros, ganhando pontos de bônus e fazendo com que o outro jogador perca uma vida. Jogadores orientados para a equipe podem avançar com sucesso no jogo ficando de costas um para o outro e atirando em qualquer coisa que vier em sua direção.  Cada masmorra de tela única consiste em uma grade formando paredes e corredores. Existem portas situadas nas bordas esquerda e direita da tela que são interligadas, fazendo com que a masmorra se envolva. Sempre que uma porta é usada por um jogador ou monstro, ela é desativada por um curto período, tornando-a intransitável. Um pequeno display de radar indica as posições de todos os monstros ativos.;Midway;;;false;44117;0;Ação / Labirinto, Ação;258;D1E8EE89;false;;;23c11628816c7a9c3eea3ceb1f3eacc4;;0;1-2;Dave Nutting Associates;0,80;;wor;;;;;./media/image/Wow-bezel.png;;./media/image/Wow-boxart.png;;./media/extras/Wow-extra1.png;./media/fanart/Wow-fanart.jpg;./media/image/Wow-image.png;;./media/manuals/Wow_(us).pdf;;./media/image/Wow-marquee.png;;./media/image/Wow-wheelround.png;./media/screenshots/Wow-screenshot.png;./media/image/Wow-titleshot.png;;./media/videos/Wow-video.mp4;./media/image/Wow-wheel.png;./media/image/Wow-wheelround.png
./Wseries.zip;Wseries;false;19850101T000000;cinematronics;false;;O melhor jogo de beisebol da época, World Series - The Season permitia um jogador contra o computador ou dois jogadores um contra o outro. O jogo apresenta excelente som e gráficos, joysticks com mola para rebatidas e arremessos e botões extras de base e voltar. A pontuação mais alta lista a melhor média de rebatidas e ERA.;Cinematronics;;;false;44130;0;Esporte, Esporte / Baseball;1538;9639E55F;false;;;b392150ce0e27fb4645a15d224ebf1a1;;0;1-2;Cinematronics;0,80;;wor;;;;;;;./media/image/Wseries-boxart.png;;./media/extras/Wseries-extra1.png;;./media/image/Wseries-image.png;;;;./media/image/Wseries-marquee.png;;./media/image/Wseries-wheelround.png;./media/screenshots/Wseries-screenshot.png;./media/image/Wseries-titleshot.png;;./media/videos/Wseries-video.mp4;./media/image/Wseries-wheel.png;./media/image/Wseries-wheelround.png
./Wsf.zip;Wsf;false;19900101T000000;;false;;Escolha seu país favorito em uma lista mundial de times e selecione as cores do seu time. Em seguida, desafie seus amigos ou o computador das Finais Mundiais de Futebol enquanto você luta time por time, país por país, até a final e rumo à Copa do Mundo!;Leland;;;false;44131;0;Esporte, Esporte / Futebol;1538;DB08207D;false;;;2c629953f3dc735e96489e6c0c911b2d;;0;1-4;Leland;0,40;;wor;;;;;;;./media/image/Wsf-boxart.png;;./media/extras/Wsf-extra1.png;;./media/image/Wsf-image.png;;./media/manuals/Wsf-manual.pdf;;./media/image/Wsf-marquee.png;;./media/image/Wsf-wheelround.png;./media/screenshots/Wsf-screenshot.png;./media/image/Wsf-titleshot.png;;./media/videos/Wsf-video.mp4;./media/image/Wsf-wheel.png;./media/image/Wsf-wheelround.png
./Ws.zip;Ws;false;19880101T000000;namco;false;;Um jogo de beisebol japonês que é essencialmente uma versão arcade do 'Family Stadium' da Namco para o Nintendo Famicom.;Namco;;;false;44127;0;Esporte, Esporte / Baseball;1538;7DE6C0B9;false;;;7156dec4e364dd1846bfc47dec1d0c4a;;0;1-2;Namco;0,60;;jp;;;;;;;;;./media/extras/Ws-extra1.png;;./media/image/Ws-image.png;;;;;;;./media/screenshots/Ws-screenshot.png;./media/image/Ws-titleshot.png;;./media/videos/Ws-video.mp4;;
./Wwfmania.zip;Wwfmania;false;19950101T000000;midway;false;;8 lutadores selecionáveis ​​lutam em caos com confrontos frente a frente e em equipe e lutas cansativas pelo título WWF e Intercontinental. Apresenta comentários no ringue de Vince McMahon e Jerry 'The King' Lawler.;Midway;;;false;44144;0;Esporte / Combate, Esporte;1540;DC013FED;false;;;c1fc16b10000bc24407a2c4dc42418ab;;0;1-2;Midway;0,60;;wor;;;;;./media/image/Wwfmania-bezel.png;;./media/image/Wwfmania-boxart.png;;./media/extras/Wwfmania-extra1.png;./media/fanart/Wwfmania-fanart.jpg;./media/image/Wwfmania-image.png;;./media/manuals/Wwfmania-manual.pdf;;./media/image/Wwfmania-marquee.png;;./media/image/Wwfmania-wheelround.png;./media/screenshots/Wwfmania-screenshot.png;./media/image/Wwfmania-titleshot.png;;./media/videos/Wwfmania-video.mp4;./media/image/Wwfmania-wheel.png;./media/image/Wwfmania-wheelround.png
./Wwfsstar.zip;Wwfsstar;false;19890101T000000;technos;false;;Um jogo de luta livre com 6 superestrelas da WWF para escolher.;Technos Japan;;;false;44146;0;Esporte / Combate, Esporte;1540;36A3AC90;false;;;8bdf5d6ff5d778757d8257f3baf9d1cb;;0;1-2;Tecmo;0,60;;eu;;;;;./media/image/Wwfsstar-bezel.png;;;;./media/extras/Wwfsstar-extra1.png;./media/fanart/Wwfsstar-fanart.jpg;./media/image/Wwfsstar-image.png;;;;;;;./media/screenshots/Wwfsstar-screenshot.png;./media/image/Wwfsstar-titleshot.png;;./media/videos/Wwfsstar-video.mp4;;
./Wwfwfest.zip;Wwfwfest;false;19910101T000000;technos;false;;WWF WrestleFest é a sequência do jogo de arcade WWF SuperStars de 1989 e é baseado na World Wrestling Federation, permitindo que você controle lutadores famosos do final dos anos 80, como Hulk Hogan, Ultimate Warrior e Earthquake. Enquanto os SuperStars só permitem que você compita em Tag-Team, o WrestleFest permite que você compita no Battle Royal: Royal Rumble, bem como no Evento Principal do Saturday Nights: Tag Match.;Technos Japan;;;false;44147;0;Esporte / Combate, Esporte;1540;85AF4C2D;false;;;714b46ca69688b75a7c6fb767dbb4e1b;;0;1-4;Tecmo;0,60;;wor;;;;;./media/image/Wwfwfest-bezel.png;;./media/image/Wwfwfest-boxart.png;;./media/extras/Wwfwfest-extra1.png;./media/fanart/Wwfwfest-fanart.jpg;./media/image/Wwfwfest-image.png;;./media/manuals/Wwfwfest-manual.pdf;;./media/image/Wwfwfest-marquee.png;;./media/image/Wwfwfest-wheelround.png;./media/screenshots/Wwfwfest-screenshot.png;./media/image/Wwfwfest-titleshot.png;;./media/videos/Wwfwfest-video.mp4;./media/image/Wwfwfest-wheel.png;./media/image/Wwfwfest-wheelround.png
./Xexex.zip;Xexex;false;19910101T000000;konami;false;;Xexex é um jogo de rolagem horizontal em que os jogadores pilotam um navio chamado 'Flintlock' e devem salvar a princesa Irene de cabelos azuis do planeta E-Square de um lorde maligno chamado Klaus.  A nave do jogador possui um orbe destacável chamado Flint, que se comporta de maneira semelhante ao 'Dispositivo de Força' da série "R-Type" de Irem. Poderes podem ser obtidos para aumentar o poder do Flint, a velocidade de movimento, mudar a arma principal ou até dar uma vida extra ao jogador.;Konami;;;false;44155;0;Shoot'em Up / Horizontal, Shoot'em Up;260;61D32C3C;false;;;d3aa270eca80c054bf9c1b510e9964e5;;0;1-2;Konami;0,80;;wor;;;;;;;./media/image/Xexex-boxart.png;;./media/extras/Xexex-extra1.png;./media/fanart/Xexex-fanart.jpg;./media/image/Xexex-image.png;;;;./media/image/Xexex-marquee.png;;./media/image/Xexex-wheelround.png;./media/screenshots/Xexex-screenshot.png;./media/image/Xexex-titleshot.png;;./media/videos/Xexex-video.mp4;./media/image/Xexex-marquee.png;./media/image/Xexex-wheelround.png
./X-Men Children Of The Atom.zip;X-Men Children Of The Atom;false;19940101T000000;cps2;false;;Baseado na história em quadrinhos dos X-Men, é o primeiro jogo de luta produzido pela Capcom usando personagens sob licença da Marvel Comics. Lançado por volta de meados da década de 1990, a série animada X-Men, o jogo apresenta dubladores da série reprisando seus papéis. O enredo do jogo é baseado na história de "Atrações Fatais" dos quadrinhos - os jogadores controlam um dos X-Men ou seus inimigos na luta contra o vilão Magneto. Eles enfrentam cada um dos outros personagens do jogo antes de lutar contra o Juggernaut e depois o próprio Magneto.;Capcom;;;false;37419;0;Luta, Luta / Versus;262;7F45A425;false;;;d89e90c0dcc9bcbeca6505372365dc5a;Multijogador cooperativo;0;1-2;Capcom;0,60;;;;;;;./media/image/X-Men Children Of The Atom-bezel.png;;;;./media/extras/X-Men Children Of The Atom-extra1.png;./media/fanart/X-Men Children Of The Atom-fanart.jpg;./media/image/X-Men Children Of The Atom-image.png;;;;;;;./media/screenshots/X-Men Children Of The Atom-screenshot.png;./media/image/X-Men Children Of The Atom-titleshot.png;;./media/videos/X-Men Children Of The Atom-video.mp4;;
./Xmen.zip;Xmen;false;19920101T000000;konami;false;;X-Men é um jogo de arcade de 1992 da Konami. Ele reúne seis dos famosos mutantes em uma batalha para impedir que o mestre do magnetismo, Magneto, domine o mundo de uma vez por todas, enquanto salva a vida do Professor X no processo.  O beat'em up de rolagem lateral permite que até seis jogadores no modo cooperativo online joguem como Wolverine, Storm, Colossus, Cyclops, Nightcrawler ou Dazzler. Ao longo de vários níveis, inimigos familiares à série de quadrinhos da Marvel e exclusivos do jogo tentarão impedir os X-Men, desde os mortais Sentinels robóticos até os gostos do Juggernaut, Blob e Mystique. Se eles sobreviverem aos vários servos de Magneto, acabarão enfrentando um confronto com o próprio homem.;Konami;;;false;44160;0;Briga De Rua, Luta, Luta / 2.5D;263;91C2BFE5;false;;;da56d3974cf0f9b4f00f943e3fd8a9cb;;0;1-6;Konami;0,80;;wor;;;;;./media/image/Xmen-bezel.png;;./media/image/Xmen-boxart.png;;./media/extras/Xmen-extra1.png;./media/fanart/Xmen-fanart.jpg;./media/image/Xmen-image.png;;./media/manuals/Xmen-manual.pdf;;;;;./media/screenshots/Xmen-screenshot.png;./media/image/Xmen-titleshot.png;;./media/videos/Xmen-video.mp4;;
./Xmultipl.zip;Xmultipl;false;19890101T000000;irem;false;;O jogo gira em torno de uma invasão alienígena incomum contra um planeta colônia no ano de 2249. Os próprios alienígenas são criaturas microscópicas que invadem, infectam e matam os colonos. Os cientistas implantaram o caça microscópico X-002 no corpo da infeliz mulher cujo corpo foi invadido pela rainha alienígena.  O jogo em si é um side-scroller como o R-Type, embora com uma pequena área de rolagem vertical no final do sexto nível. Em vez do Force pod, entretanto, o principal aparato de inicialização assume a forma de dois tentáculos flexíveis. Os tentáculos são invulneráveis ​​a todos os ataques inimigos e podem ser posicionados com manobras cuidadosas do X-002.;Irem;;;false;44161;0;Shoot'em Up / Horizontal, Shoot'em Up;260;847F94BD;false;;;19574597832b1b6eb613453ec776a31a;;0;1-2;Irem;0,60;;wor;;;;;;./media/image/Xmultipl-boxback.png;./media/image/Xmultipl-boxart.png;;./media/extras/Xmultipl-extra1.png;./media/fanart/Xmultipl-fanart.jpg;./media/image/Xmultipl-image.png;;;;./media/image/Xmultipl-marquee.png;;./media/image/Xmultipl-wheelround.png;./media/screenshots/Xmultipl-screenshot.png;./media/image/Xmultipl-titleshot.png;;./media/videos/Xmultipl-video.mp4;./media/image/Xmultipl-wheel.png;./media/image/Xmultipl-wheelround.png
./Xmvsf.zip;Xmvsf;false;19960101T000000;cps2;false;;X-Men vs. Street Fighter coloca os poderosos mutantes da Marvel contra os lutadores lendários da Capcom em uma batalha de proporções épicas. Agora você pode realizar movimentos ultrajantes e conectar incríveis Combos em Cadeia. X-Men vs. Street Fighter... a colisão de dois universos explosivos no lutador de fantasia mais incrível do mundo!;Capcom;;;false;37420;0;Luta;262;84712D54;false;;;64681278553af49b87b90873ca727474;Multijogador cooperativo;0;1-2;Capcom;0,80;;eu;;;;;./media/image/Xmvsf-bezel.png;;;;./media/extras/Xmvsf-extra1.png;./media/fanart/Xmvsf-fanart.jpg;./media/image/Xmvsf-image.png;;./media/manuals/Xmvsf_(wor).pdf;;;;;./media/screenshots/Xmvsf-screenshot.png;./media/image/Xmvsf-titleshot.png;;./media/videos/Xmvsf-video.mp4;;
./Xsleena.zip;Xsleena;false;19860101T000000;taito;false;;Você é um soldado blindado e com botas de foguete, cuja missão é defender cinco planetas contra o império do mal. Você corre da esquerda para a direita, atirando até a base no final de cada nível e, em seguida, enfrenta um estágio de nave espacial da esquerda para a direita. Cada um dos cinco planetas pode ser jogado na ordem desejada.;Technos Japan;;;false;44167;0;Plataforma, Plataforma / Tiro Com Rolagem;257;600D6D33;false;;;98c0007e861821792cef5dc78c54871b;Multijogador em tela dividida;0;1-2;Technos Japan;0,60;;wor;;;;;;;./media/image/Xsleena-boxart.png;;./media/extras/Xsleena-extra1.png;;./media/image/Xsleena-image.png;;./media/manuals/Xsleena-manual.pdf;;./media/image/Xsleena-marquee.png;;./media/image/Xsleena-wheelround.png;./media/screenshots/Xsleena-screenshot.png;./media/image/Xsleena-titleshot.png;;./media/videos/Xsleena-video.mp4;./media/image/Xsleena-wheel.png;./media/image/Xsleena-wheelround.png
./Xybots.zip;Xybots;false;19870101T000000;atari;false;;Xybots é um jogo de tiro em perspectiva tridimensional e em terceira pessoa para 1 ou 2 jogadores. Assumindo o papel de 'Major Rock Hardy' ou 'Capitão Ace Gunn' (no jogo para 2 jogadores), os jogadores devem abrir caminho através de uma enorme cidade subterrânea de vários níveis - composta por uma série de labirintos - e destruir os malvados guerreiros robôs 'Xybot' que invadiram o planeta e estabeleceram sua fortaleza subterrânea. As contrapartes dos jogadores na tela entram na tela e os jogadores devem girar manualmente o ponto de vista do labirinto para a esquerda e para a direita ao mudar de direção, a fim de poder olhar na direção em que estão se movendo.   Cada nível tem pelo menos uma saída que deve ser alcançada para avançar para o próximo (alguns níveis têm saídas ocultas extras que 'transportam' os jogadores para níveis posteriores). Os jogadores podem encontrar cápsulas de energia para restaurar os níveis de energia, chaves para abrir portas e moedas de ouro. Alguns dos níveis também apresentam transportadores que conectam diferentes partes do mesmo nível.  No final de cada nível, os jogadores podem entrar em uma loja onde suprimentos e power-ups podem ser adquiridos com as moedas que coletaram. Alguns suprimentos, como 'Shield' ou 'Speed', são permanentes, enquanto outros são apenas temporários e devem ser reabastecidos.  Um mapa de cada nível é exibido na parte superior da tela. Em alguns níveis, todos os inimigos, objetos e paredes são mostrados. Em níveis posteriores, entretanto, o mapa pode exibir apenas os robôs e/ou objetos inimigos, com as paredes e o layout do labirinto só se tornando visíveis quando o jogador 'olhou' para uma seção da parede. A jogabilidade do Xybots lembra muito um “Gauntlet” tridimensional (com um bom motivo, consulte TRIVIA para mais detalhes). O jogo também usa uma tela dividida para permitir o jogo simultâneo para dois jogadores, uma espécie de inovação para 1987.  Como os jogos “Gauntlet” nos quais o Xybots é baseado, o jogo é interminável e o jogo continuará até que todas as vidas sejam perdidas e os jogadores não queiram mais usar a opção 'Continuar'.;Atari;;;false;44175;0;Tiro / Tiro em 3ª pessoa, Tiro;256;FE7D5F25;false;;;bc737c77d5264f412c89316250105581;;0;1-2;Atari;0,80;;wor;;;;;./media/image/Xybots-bezel.png;./media/image/Xybots-boxback.png;./media/image/Xybots-boxart.png;;./media/extras/Xybots-extra1.png;./media/fanart/Xybots-fanart.jpg;./media/image/Xybots-image.png;;./media/manuals/Xybots-manual.pdf;;./media/image/Xybots-marquee.png;;./media/image/Xybots-wheelround.png;./media/screenshots/Xybots-screenshot.png;./media/image/Xybots-titleshot.png;;./media/videos/Xybots-video.mp4;./media/image/Xybots-marquee.png;./media/image/Xybots-wheelround.png
./Yiear.zip;Yiear;false;19850101T000000;konami;false;;Yie Ar Kung-Fu segue a busca de Oolong para se tornar um mestre de Kung-Fu. Terás de lutar contra uma grande variedade de adversários num ambiente 2D tradicional de um contra um. Oolong tem uma vasta gama de ataques que pode utilizar para baixar a barra de vida do adversário, incluindo os tradicionais ataques de murros, pontapés e saltos. Os adversários estão bem armados com armas e ataques únicos, pelo que a tarefa de Oolong não será fácil.;Konami;;;false;44183;0;Luta, Luta / Versus;262;6565C7C0;false;;;367fe35163b919f5f4280328ad7271c7;;0;1-2;Konami;0,80;;wor;;;;;./media/image/Yiear-bezel.png;;./media/image/Yiear-boxart.png;;./media/extras/Yiear-extra1.png;./media/fanart/Yiear-fanart.jpg;./media/image/Yiear-image.png;;./media/manuals/Yiear_(us).pdf;;./media/image/Yiear-marquee.png;;./media/image/Yiear-wheelround.png;./media/screenshots/Yiear-screenshot.png;./media/image/Yiear-titleshot.png;;./media/videos/Yiear-video.mp4;./media/image/Yiear-wheel.png;./media/image/Yiear-wheelround.png
./Zed Blade.zip;Zed Blade;false;19940913T000000;snk;false;;Você e / ou um amigo devem escolher um dos três personagens para jogar, cada um com velocidades diferentes nas quais controlam suas naves. Em seguida, selecione três armas para usar na frente e na traseira da nave. Durante o jogo, você deve viajar para todos os planetas do sistema solar e derrotar as várias naves inimigas e o chefe perto do fim do planeta. Suas armas podem ser atualizadas durante a batalha, e você também pode coletar HyperBombs se quiser causar dano máximo. Contém uma trilha sonora agradável que remete ao início da década de 1990, a música "rave".;NMK;;;false;37657;0;Shoot'em Up, Shoot'em Up / Horizontal;260;CFB50143;false;;;7e82158cf89f5d48ac1c26c360fbfe2f;Multijogador cooperativo;0;1-2;SNK;0,60;;;;;;;./media/image/Zed Blade-bezel.png;;;;./media/extras/Zed Blade-extra1.png;./media/fanart/Zed Blade-fanart.jpg;./media/image/Zed Blade-image.png;;;;;;;./media/screenshots/Zed Blade-screenshot.png;./media/image/Zed Blade-titleshot.png;;./media/videos/Zed Blade-video.mp4;;
./Zintrick.zip;Zintrick;false;19950101T000000;snk;false;;Outro jogo de quebra-cabeça em Neo-Geo! A cada quatro anos ele vem para Asgard, o "Torneio Zintrick". Durante a competição, participantes de todo o mundo competem por honra, glória e riqueza.;ADK;;;false;13952;0;Quebra-Cabeças, Quebra-Cabeças / Lançar;2816;DF45AD06;false;;;7f7f9c9ba7f7de609ccf2bbfd896f8dc;Multijogador em tela dividida;0;1-2;SNK;0,60;;;;;;;./media/image/Zintrick-bezel.png;;;;./media/extras/Zintrick-extra1.png;;./media/image/Zintrick-image.png;;;;;;;./media/screenshots/Zintrick-screenshot.png;./media/image/Zintrick-titleshot.png;;./media/videos/Zintrick-video.mp4;;
./Zupapa!.zip;Zupapa!;false;20010901T000000;snk;false;;Zupapa on Neo Geo é um jogo de plataforma em que sua tarefa é limpar a tela de todos os oponentes que estão nela. Você controla Zupapa, uma espécie de baleia com pernas, armada com seu punho atordoante que lhe permite se livrar das calças Zooks.;FACE;;;false;13913;0;Plataforma, Plataforma / Corre E Pula;257;AE7CD82E;false;;;f18a7ea2f7b35565ec6406b447660b8f;Multijogador cooperativo;0;1-2;SNK;0,80;;;;;;;./media/image/Zupapa!-bezel.png;;;;./media/extras/Zupapa!-extra1.png;./media/fanart/Zupapa!-fanart.jpg;./media/image/Zupapa!-image.png;;;;;;;./media/screenshots/Zupapa!-screenshot.png;./media/image/Zupapa!-titleshot.png;;./media/videos/Zupapa!-video.mp4;;
